id,nama,kabupaten,rating,total_review,kategori,highlights,price_range,best_time,link,lat,lng,tiktok_link_1,tiktok_link_2,tiktok_link_3
1,Sea Circus Restaurant & Bar,Badung,4.5,1925,General Chill,[],Rp 80–200k,Lunch atau dinner,"https://www.google.com/maps/place/Sea+Circus+Restaurant+%26+Bar/@-8.6827666,115.1342814,15z/data=!4m10!1m2!2m1!1sRestoran+hits+di+Seminyak+Bali!3m6!1s0x2dd2471028495879:0x25afbe32a4d1547e!8m2!3d-8.6827666!4d115.1533358!15sCh5SZXN0b3JhbiBoaXRzIGRpIFNlbWlueWFrIEJhbGlaICIecmVzdG9yYW4gaGl0cyBkaSBzZW1pbnlhayBiYWxpkgEPdGFjb19yZXN0YXVyYW50mgFEQ2k5RFFVbFJRVU52WkVOb2RIbGpSamx2VDJwWmRGWkVSbVpsVlhoTVlXcEdNMko2U2xSV00wcHVZVmhrVUZwWFl4QULgAQD6AQQIABAz!16s%2Fg%2F11c0vx50fr?entry=ttu&g_ep=EgoyMDI2MDMxOC4xIKXMDSoASAFQAw%3D%3D",-8.6827666,115.1533358,https://www.tiktok.com/@seacircusbali/video/7524258511392427280,https://www.tiktok.com/@seacircusbali/video/7560256013027249426,https://www.tiktok.com/@seacircusbali/video/7550969208146791687
2,Kilo Kitchen Bali - Seminyak,Badung,4.5,3071,General Chill,"['tinta cumi', 'kepiting soka', 'kue cokelat cair', 'tuna tartare', 'yuzu', 'pipi sapi']",Rp 80–200k,Lunch atau dinner,"https://www.google.com/maps/place/Kilo+Kitchen+Bali+-+Seminyak/@-8.6827666,115.1342814,15z/data=!3m1!5s0x2dd247187a443def:0xc95d70a75b71c403!4m10!1m2!2m1!1sRestoran+hits+di+Seminyak+Bali!3m6!1s0x2dd247187a51e06f:0x43b5cbd56628c251!8m2!3d-8.6859496!4d115.1646784!15sCh5SZXN0b3JhbiBoaXRzIGRpIFNlbWlueWFrIEJhbGlaICIecmVzdG9yYW4gaGl0cyBkaSBzZW1pbnlhayBiYWxpkgERZnVzaW9uX3Jlc3RhdXJhbnSaASRDaGREU1VoTk1HOW5TMFZKUTBGblNVTmZPR1JEVmpWUlJSQULgAQD6AQUI4QEQKw!16s%2Fg%2F11b6z1y5h5?entry=ttu&g_ep=EgoyMDI2MDMxOC4xIKXMDSoASAFQAw%3D%3D",-8.6859496,115.1646784,https://www.tiktok.com/@thejojodiary/video/7515402097077095698,https://www.tiktok.com/@kilobali_/video/7628535209104887048,https://www.tiktok.com/@kilobali_/video/7549421487099317510
3,Bloom Neighbourhood Cafe Seminyak,Badung,4.5,1568,Vibrant Nightlife,"['cocktail', 'taman', 'brunch', 'smoothies', 'happy hour', 'barista']",Rp 80–200k,Malam jam 7pm+,"https://www.google.com/maps/place/Bloom+Neighbourhood+Cafe+Seminyak/@-8.6936175,115.1489228,15z/data=!4m10!1m2!2m1!1sRestoran+hits+di+Seminyak+Bali!3m6!1s0x2dd24762e7ff0371:0x282cf029827c1ad9!8m2!3d-8.6936175!4d115.1679772!15sCh5SZXN0b3JhbiBoaXRzIGRpIFNlbWlueWFrIEJhbGlaICIecmVzdG9yYW4gaGl0cyBkaSBzZW1pbnlhayBiYWxpkgEKcmVzdGF1cmFudJoBRENpOURRVWxSUVVOdlpFTm9kSGxqUmpsdlQycEtVR1J0Um1GV1ZVWnFWMFpvYzJGcVpHaFViR1JNVFc1d1lWRXhSUkFC4AEA-gEECAAQOw!16s%2Fg%2F11h4c9rflx?entry=ttu&g_ep=EgoyMDI2MDMxOC4xIKXMDSoASAFQAw%3D%3D",-8.6936175,115.1679772,https://www.tiktok.com/@bloomseminyak/video/7603659309800574228,https://www.tiktok.com/@scotty_travels/video/7634764336917007638,https://www.tiktok.com/@bloomseminyak/video/7607656698240568596
4,Ku De Ta,Badung,4.5,9398,Sunset & View | Vibrant Nightlife | Romantic & Cozy,"['sunset', 'kolam renang', 'samudra', 'daybed', 'kudeta', 'musik palanta']",Rp 80–200k,Sunset jam 5–7pm,"https://www.google.com/maps/place/Ku+De+Ta/@-8.6871361,115.1356958,15z/data=!4m10!1m2!2m1!1sRestoran+hits+di+Seminyak+Bali!3m6!1s0x2dd2471b2013ebe5:0x91312ce37f0aa36a!8m2!3d-8.6871361!4d115.1547502!15sCh5SZXN0b3JhbiBoaXRzIGRpIFNlbWlueWFrIEJhbGlaICIecmVzdG9yYW4gaGl0cyBkaSBzZW1pbnlhayBiYWxpkgEKcmVzdGF1cmFudJoBRENpOURRVWxSUVVOdlpFTm9kSGxqUmpsdlQydDRWVlZ1Y0d0alJXeFBUbFJDYmxKc1dscGpSVFZFVjJ0ek0xRnRZeEFC4AEA-gEFCJ4BED4!16s%2Fg%2F1pv07tdb1?entry=ttu&g_ep=EgoyMDI2MDMxOC4xIKXMDSoASAFQAw%3D%3D",-8.6871361,115.1547502,,,
5,Corner House,Badung,4.5,7914,Vibrant Nightlife,"['promo', 'live music', 'band', 'oyster', 'fruits de mer', 'taco']",Rp 80–200k,Malam jam 7pm+,"https://www.google.com/maps/place/Corner+House/@-8.6871361,115.1356958,15z/data=!4m10!1m2!2m1!1sRestoran+hits+di+Seminyak+Bali!3m6!1s0x2dd2405e7fa0c025:0x9764be642cd3ecf3!8m2!3d-8.6834354!4d115.1642761!15sCh5SZXN0b3JhbiBoaXRzIGRpIFNlbWlueWFrIEJhbGlaICIecmVzdG9yYW4gaGl0cyBkaSBzZW1pbnlhayBiYWxpkgESd2VzdGVybl9yZXN0YXVyYW50mgFEQ2k5RFFVbFJRVU52WkVOb2RIbGpSamx2VDJ0V2NtUkZSalpaTWtwWVdtdEdhbE42UWsxaFIzUnRXbTAxVGs0d1JSQULgAQD6AQQIABBJ!16s%2Fg%2F1pzsfs6hh?entry=ttu&g_ep=EgoyMDI2MDMxOC4xIKXMDSoASAFQAw%3D%3D",-8.6834354,115.1642761,https://www.tiktok.com/@inoyayaya/video/7617503307728260372,https://www.tiktok.com/@oviamega/video/7632310941413117205,https://www.tiktok.com/@salskull666/video/7609724866203241749
6,Yellowstone Seminyak Ranch,Badung,4.5,674,Vibrant Nightlife,"['banteng gila', 'banteng yang mengamuk', 'cocktail', 'menunggangi banteng', 'meja biliar', 'whip']",Rp 80–200k,Malam jam 7pm+,"https://www.google.com/maps/place/Yellowstone+Seminyak+Ranch/@-8.691041,115.1493073,15z/data=!4m10!1m2!2m1!1sRestoran+hits+di+Seminyak+Bali!3m6!1s0x2dd24765ec36c7a7:0xc626b3a9b4c20e60!8m2!3d-8.691041!4d115.1683617!15sCh5SZXN0b3JhbiBoaXRzIGRpIFNlbWlueWFrIEJhbGlaICIecmVzdG9yYW4gaGl0cyBkaSBzZW1pbnlhayBiYWxpkgEKcmVzdGF1cmFudJoBI0NoWkRTVWhOTUc5blMwVkpRMEZuU1VOVU5tVlFVVmxSRUFF4AEA-gEECAAQLA!16s%2Fg%2F11l773qdny?entry=ttu&g_ep=EgoyMDI2MDMxOC4xIKXMDSoASAFQAw%3D%3D",-8.691041,115.1683617,https://www.tiktok.com/@silakakabali_86/video/7606190462516448519,https://www.tiktok.com/@yellowstoneseminyakranch/video/7604757729390906645,https://www.tiktok.com/@yellowstoneseminyakranch/video/7618099200743574804
7,Aviary Bistro,Badung,4.5,881,General Chill,"['chef', 'nasi goreng', 'pizza', 'sate', 'brunch', 'halal']",Rp 80–200k,Lunch atau dinner,"https://www.google.com/maps/place/Aviary+Bistro/@-8.691041,115.1493073,15z/data=!4m10!1m2!2m1!1sRestoran+hits+di+Seminyak+Bali!3m6!1s0x2dd2473b4889ce31:0x19b9a4ef9a6cfd6c!8m2!3d-8.6836521!4d115.1564135!15sCh5SZXN0b3JhbiBoaXRzIGRpIFNlbWlueWFrIEJhbGlaICIecmVzdG9yYW4gaGl0cyBkaSBzZW1pbnlhayBiYWxpkgEKcmVzdGF1cmFudJoBJENoZERTVWhOTUc5blMwVkpRMEZuU1VSa2JFbDZOREJuUlJBQuABAPoBBAgAEEA!16s%2Fg%2F11t5lsy5yf?entry=ttu&g_ep=EgoyMDI2MDMxOC4xIKXMDSoASAFQAw%3D%3D",-8.6836521,115.1564135,https://www.tiktok.com/@coachbenabadi/video/7281147112807615749,https://www.tiktok.com/@seminyaksquare/video/7581762657611533589,https://www.tiktok.com/@dewzlim/video/7305642833388506374
8,Naughty Nuri's Warung Seminyak,Badung,4.5,13783,Budget Friendly,"['harga', 'mba', 'kentang goreng truffle', 'martini', 'pork knuckle', 'sate babi']",Rp 15–50k,Lunch atau dinner,"https://www.google.com/maps/place/Naughty+Nuri's+Warung+Seminyak/@-8.6775526,115.1486255,15z/data=!4m10!1m2!2m1!1sRestoran+hits+di+Seminyak+Bali!3m6!1s0x2dd2446e28d5f997:0x457c2065160a80f!8m2!3d-8.6775526!4d115.1676799!15sCh5SZXN0b3JhbiBoaXRzIGRpIFNlbWlueWFrIEJhbGlaICIecmVzdG9yYW4gaGl0cyBkaSBzZW1pbnlhayBiYWxpkgETYmFyYmVjdWVfcmVzdGF1cmFudJoBRENpOURRVWxSUVVOdlpFTm9kSGxqUmpsdlQyczVTbFpYTlhGTmExcE9Za1pzZWxOWFdrWmpiVlpoVkZad05sSnNSUkFC4AEA-gEECAAQOA!16s%2Fg%2F11b88m223n?entry=ttu&g_ep=EgoyMDI2MDMxOC4xIKXMDSoASAFQAw%3D%3D",-8.6775526,115.1676799,https://www.tiktok.com/@brunchnbites/video/7636963724225531156,https://www.tiktok.com/@albertaamelia_/video/7605482629600791824,https://www.tiktok.com/@pierekey/video/7585132377890950421
9,Dua Sisi Kitchen & Bar,Badung,4.5,1294,General Chill,"['sarapan', 'konser', 'petang', 'band', 'gelato', 'nasi goreng']",Rp 80–200k,Lunch atau dinner,"https://www.google.com/maps/place/Dua+Sisi+Kitchen+%26+Bar/@-8.6921415,115.1425133,15z/data=!4m10!1m2!2m1!1sRestoran+hits+di+Seminyak+Bali!3m6!1s0x2dd2471295601fcb:0x33f0345aa567c4c1!8m2!3d-8.6921415!4d115.1615677!15sCh5SZXN0b3JhbiBoaXRzIGRpIFNlbWlueWFrIEJhbGlaICIecmVzdG9yYW4gaGl0cyBkaSBzZW1pbnlhayBiYWxpkgEKcmVzdGF1cmFudJoBJENoZERTVWhOTUc5blMwVkpRMEZuU1VOUVgwMVFSelZuUlJBQuABAPoBBAgqECY!16s%2Fg%2F11t4bqvwm7?entry=ttu&g_ep=EgoyMDI2MDMxOC4xIKXMDSoASAFQAw%3D%3D",-8.6921415,115.1615677,https://www.tiktok.com/@lesgobali/video/7531285421276384517,https://www.tiktok.com/@waty.vandekoevering12/video/7467182383616249110,https://www.tiktok.com/@12kitchenwine/video/7620050330830621972
10,Biku,Badung,4.5,5623,General Chill,"['kue wortel', 'minum teh sore', 'nasi campur', 'makanan indonesia', 'pavlova', 'scone']",Rp 80–200k,Lunch atau dinner,"https://www.google.com/maps/place/Biku/@-8.6921415,115.1425133,15z/data=!4m10!1m2!2m1!1sRestoran+hits+di+Seminyak+Bali!3m6!1s0x2dd246c7456d70c9:0x2419add201324cce!8m2!3d-8.6801533!4d115.1522182!15sCh5SZXN0b3JhbiBoaXRzIGRpIFNlbWlueWFrIEJhbGlaICIecmVzdG9yYW4gaGl0cyBkaSBzZW1pbnlhayBiYWxpkgEKcmVzdGF1cmFudJoBI0NoWkRTVWhOTUc5blMwVkpRMEZuU1VSMGVEUnRkV0ZuRUFF4AEA-gEECAAQQg!16s%2Fg%2F11h10v_cn?entry=ttu&g_ep=EgoyMDI2MDMxOC4xIKXMDSoASAFQAw%3D%3D",-8.6801533,115.1522182,https://www.tiktok.com/@happysalma.official/video/7451455600199814418,https://www.tiktok.com/@haimagdalena/video/7613364969161248021,https://www.tiktok.com/@thebaliguideline/video/7543923260832992568
11,Hibiscus Restaurant Seminyak,Badung,4.5,1450,Vibrant Nightlife,"['service', 'borsch', 'hidangan rusia', 'cocktail', 'pelmeni', 'rendang daging sapi']",Rp 80–200k,Malam jam 7pm+,"https://www.google.com/maps/place/Hibiscus+Restaurant+Seminyak/@-8.6921415,115.1425133,15z/data=!4m10!1m2!2m1!1sRestoran+hits+di+Seminyak+Bali!3m6!1s0x2dd24718a1d60181:0x26874f22a06bd959!8m2!3d-8.6877196!4d115.1649635!15sCh5SZXN0b3JhbiBoaXRzIGRpIFNlbWlueWFrIEJhbGlaICIecmVzdG9yYW4gaGl0cyBkaSBzZW1pbnlhayBiYWxpkgEVaW5kb25lc2lhbl9yZXN0YXVyYW50mgEkQ2hkRFNVaE5NRzluUzBWSlEwRm5TVVI0TFU5TVNUUm5SUkFC4AEA-gEECAAQSQ!16s%2Fg%2F11df1v22_5?entry=ttu&g_ep=EgoyMDI2MDMxOC4xIKXMDSoASAFQAw%3D%3D",-8.6877196,115.1649635,https://www.tiktok.com/@smklanaa/video/7529739419167837448,https://www.tiktok.com/@luthfimuntashir/video/7563705802666675463,https://www.tiktok.com/@yasmina.create.ugc/video/7535825612397710599
12,Asparagus Seminyak,Badung,4.5,1783,General Chill,"['kebaikan', 'karyawannya', 'honeymoon', 'rama', 'juni', 'sinta']",Rp 80–200k,Lunch atau dinner,"https://www.google.com/maps/place/Asparagus+Seminyak/@-8.6921415,115.1425133,15z/data=!4m10!1m2!2m1!1sRestoran+hits+di+Seminyak+Bali!3m6!1s0x2dd247a84b91b373:0x8ddae60d8c633995!8m2!3d-8.6842753!4d115.1610203!15sCh5SZXN0b3JhbiBoaXRzIGRpIFNlbWlueWFrIEJhbGlaICIecmVzdG9yYW4gaGl0cyBkaSBzZW1pbnlhayBiYWxpkgEKcmVzdGF1cmFudJoBI0NoWkRTVWhOTUc5blMwVkpRMEZuU1VReU9UbE1RMWhuRUFF4AEA-gEECFIQQA!16s%2Fg%2F11jpqx5334?entry=ttu&g_ep=EgoyMDI2MDMxOC4xIKXMDSoASAFQAw%3D%3D",-8.6842753,115.1610203,https://www.tiktok.com/@amadea.bali/video/7484124672984943927,https://www.tiktok.com/@amadea.bali/video/7487874113307036935,https://www.tiktok.com/@amicibali/video/7444430858095709496
13,Warung D'Joglo Seminyak,Badung,4.5,1557,Sunset & View,"['sunset', 'band', 'juli', 'konser', 'bean bag', 'shisha']",Rp 80–200k,Sunset jam 5–7pm,"https://www.google.com/maps/place/Warung+D'Joglo+Seminyak/@-8.6921415,115.1425133,15z/data=!4m10!1m2!2m1!1sRestoran+hits+di+Seminyak+Bali!3m6!1s0x2dd246e108062c6d:0x8e38fa5ef7fa9171!8m2!3d-8.6958201!4d115.1604802!15sCh5SZXN0b3JhbiBoaXRzIGRpIFNlbWlueWFrIEJhbGlaICIecmVzdG9yYW4gaGl0cyBkaSBzZW1pbnlhayBiYWxpkgEKcmVzdGF1cmFudJoBJENoZERTVWhOTUc5blMwVkpRMEZuVFVObkxYVXpRbk5CUlJBQuABAPoBBAgAEEI!16s%2Fg%2F11b8vfmy5m?entry=ttu&g_ep=EgoyMDI2MDMxOC4xIKXMDSoASAFQAw%3D%3D",-8.6958201,115.1604802,https://www.tiktok.com/@ikadekindrayadi27/video/7588124642703887636,https://www.tiktok.com/@friedafamily/video/7535417099791961352,https://www.tiktok.com/@peranosapproved/video/7592917230417923348
14,Casa Blanca Bali,Badung,4.5,1062,General Chill,"['gnocchi dengan daging domba', 'limoncello', 'udang bawang putih', 'ragu daging domba', 'brulee', 'band']",Rp 80–200k,Lunch atau dinner,"https://www.google.com/maps/place/Casa+Blanca+Bali/@-8.6921415,115.1425133,15z/data=!4m10!1m2!2m1!1sRestoran+hits+di+Seminyak+Bali!3m6!1s0x2dd2472d9c9ab88f:0x36a9f3b83076de89!8m2!3d-8.6857838!4d115.1566357!15sCh5SZXN0b3JhbiBoaXRzIGRpIFNlbWlueWFrIEJhbGlaICIecmVzdG9yYW4gaGl0cyBkaSBzZW1pbnlhayBiYWxpkgESaXRhbGlhbl9yZXN0YXVyYW50mgEjQ2haRFNVaE5NRzluUzBWSlEwRm5TVVJZYURSRU5GWm5FQUXgAQD6AQQIUxBC!16s%2Fg%2F11rrprqx3h?entry=ttu&g_ep=EgoyMDI2MDMxOC4xIKXMDSoASAFQAw%3D%3D",-8.6857838,115.1566357,https://www.tiktok.com/@casablanca.bali/video/7633776234916334869,https://www.tiktok.com/@alelococo/video/7521038270554197254,https://www.tiktok.com/@olga_arss/video/7547161986677656838
15,The Junction House - Cafe & Restaurant Seminyak,Badung,4.5,1563,General Chill,"['breakfast', 'nasi goreng', 'crepes', 'gnocchi', 'rendang', 'steak salmon']",Rp 80–200k,Lunch atau dinner,"https://www.google.com/maps/place/The+Junction+House+-+Cafe+%26+Restaurant+Seminyak/@-8.6921415,115.1425133,15z/data=!4m10!1m2!2m1!1sRestoran+hits+di+Seminyak+Bali!3m6!1s0x2dd24710974eb771:0xe23cb713ed099872!8m2!3d-8.6836711!4d115.1574746!15sCh5SZXN0b3JhbiBoaXRzIGRpIFNlbWlueWFrIEJhbGlaICIecmVzdG9yYW4gaGl0cyBkaSBzZW1pbnlhayBiYWxpkgERZnVzaW9uX3Jlc3RhdXJhbnSaASRDaGREU1VoTk1HOW5TMFZKUTBGblNVUTVlVGhEZVRGM1JSQULgAQD6AQQIMhAv!16s%2Fg%2F1tjyr0kn?entry=ttu&g_ep=EgoyMDI2MDMxOC4xIKXMDSoASAFQAw%3D%3D",-8.6836711,115.1574746,https://www.tiktok.com/@moonbubblyyc/video/7636726328351362312,https://www.tiktok.com/@nxtdestination/video/7522831009604291871,https://www.tiktok.com/@meyysyar/video/7623633555188436245
16,Craved,Badung,4.5,685,Sunset & View | Vibrant Nightlife,"['service', 'cafe', 'makan malam', 'smoothie bowls', 'cocktail', 'shakshouka']",Rp 80–200k,Sunset jam 5–7pm,"https://www.google.com/maps/place/Craved/@-8.6921415,115.1425133,15z/data=!4m10!1m2!2m1!1sRestoran+hits+di+Seminyak+Bali!3m6!1s0x2dd247db00886939:0x4fa058a3b0ca3f6!8m2!3d-8.69108!4d115.1659077!15sCh5SZXN0b3JhbiBoaXRzIGRpIFNlbWlueWFrIEJhbGlaICIecmVzdG9yYW4gaGl0cyBkaSBzZW1pbnlhayBiYWxpkgERYnJ1bmNoX3Jlc3RhdXJhbnSaASNDaFpEU1VoTk1HOW5TMFZKUTBGblNVTlVlWEpFUVV0M0VBReABAPoBBAgnEDM!16s%2Fg%2F11t2dgyylb?entry=ttu&g_ep=EgoyMDI2MDMxOC4xIKXMDSoASAFQAw%3D%3D",-8.69108,115.1659077,https://www.tiktok.com/@chillie.simonn/video/7606924855124020487,https://www.tiktok.com/@bali_buddies/video/7580235938438089991,https://www.tiktok.com/@sureewan.r/video/7479329012506971400
17,La Naya Bali,Badung,4.5,824,General Chill,"['onigiri', 'jepang', 'charsiu', 'chicken teriyaki', 'wagyu', 'pasta mentaiko']",Rp 80–200k,Lunch atau dinner,"https://www.google.com/maps/place/La+Naya+Bali/@-8.6921415,115.1425133,15z/data=!4m10!1m2!2m1!1sRestoran+hits+di+Seminyak+Bali!3m6!1s0x2dd247dd7d6f756b:0x469ad82953185456!8m2!3d-8.6794988!4d115.1604868!15sCh5SZXN0b3JhbiBoaXRzIGRpIFNlbWlueWFrIEJhbGlaICIecmVzdG9yYW4gaGl0cyBkaSBzZW1pbnlhayBiYWxpkgEEY2FmZZoBRENpOURRVWxSUVVOdlpFTm9kSGxqUmpsdlQycEtTR042WjNwUmJtUjJWMFU1U0dOVlRscFNTRlpDVjI1c01FNXNSUkFC4AEA-gEECCoQPw!16s%2Fg%2F11x11jwxxs?entry=ttu&g_ep=EgoyMDI2MDMxOC4xIKXMDSoASAFQAw%3D%3D",-8.6794988,115.1604868,https://www.tiktok.com/@alibijalanjalan/video/7549529257123351813,https://www.tiktok.com/@vina_octaviana/video/7565345161329298708,https://www.tiktok.com/@baliwonderfood/video/7493475254858157330
18,Warung Nia Balinese Food & Pork Ribs,Badung,4.5,8414,General Chill,"['kebaikan', 'karyawannya', 'iga babi', 'sengkel', 'makanan yang ditusuk', 'kelas memasak']",Rp 80–200k,Lunch atau dinner,"https://www.google.com/maps/place/Warung+Nia+Balinese+Food+%26+Pork+Ribs/@-8.6921415,115.1425133,15z/data=!4m10!1m2!2m1!1sRestoran+hits+di+Seminyak+Bali!3m6!1s0x2dd2471a5ed5afd7:0x5f14e09db2db6f26!8m2!3d-8.686033!4d115.1566185!15sCh5SZXN0b3JhbiBoaXRzIGRpIFNlbWlueWFrIEJhbGlaICIecmVzdG9yYW4gaGl0cyBkaSBzZW1pbnlhayBiYWxpkgETYmFsaW5lc2VfcmVzdGF1cmFudJoBJENoZERTVWhOTUc5blMwVkpRMEZuU1VSVU9UWmlkRGgzUlJBQuABAPoBBAgAEEc!16s%2Fg%2F11bwgdtk72?entry=ttu&g_ep=EgoyMDI2MDMxOC4xIKXMDSoASAFQAw%3D%3D",-8.686033,115.1566185,https://www.tiktok.com/@fooddoctor.id/video/7636771967613275412,https://www.tiktok.com/@warungniaseminyak/video/7517151551237066040,https://www.tiktok.com/@warungniaseminyak/video/7624077133966560519
19,Cafe Bali Seminyak,Badung,4.5,1903,General Chill,"['breakfast', 'steak tartare', 'tuna', 'mie goreng', 'pad thai', 'sate']",Rp 80–200k,Lunch atau dinner,"https://www.google.com/maps/place/Cafe+Bali+Seminyak/@-8.6921415,115.1425133,15z/data=!4m11!1m3!2m2!1sRestoran+hits+di+Seminyak+Bali!6e5!3m6!1s0x2dd24717545d3d37:0xb676fdcad12e7fa6!8m2!3d-8.684035!4d115.1594488!15sCh5SZXN0b3JhbiBoaXRzIGRpIFNlbWlueWFrIEJhbGlaICIecmVzdG9yYW4gaGl0cyBkaSBzZW1pbnlhayBiYWxpkgEKcmVzdGF1cmFudJoBJENoZERTVWhOTUc5blMwVkpRMEZuU1VOYU9HVlFNRjkzUlJBQuABAPoBBAgAEEQ!16s%2Fg%2F1tglcv3z?entry=ttu&g_ep=EgoyMDI2MDMxOC4xIKXMDSoASAFQAw%3D%3D",-8.684035,115.1594488,https://www.tiktok.com/@creativejr/video/7535073932584422663,https://www.tiktok.com/@alimsimoto/video/7585917721221647636,https://www.tiktok.com/@mianrra/video/7558042173933931783
20,Chandi,Badung,4.5,1293,Vibrant Nightlife,"['cocktail', 'sate', 'happy hour', 'platter', 'masakan indonesia', 'menu degustasi']",Rp 80–200k,Malam jam 7pm+,"https://www.google.com/maps/place/Chandi/@-8.6921415,115.1425133,15z/data=!4m11!1m3!2m2!1sRestoran+hits+di+Seminyak+Bali!6e5!3m6!1s0x2dd2471763a93839:0x8441acf10bd5e3fe!8m2!3d-8.6840589!4d115.1588854!15sCh5SZXN0b3JhbiBoaXRzIGRpIFNlbWlueWFrIEJhbGlaICIecmVzdG9yYW4gaGl0cyBkaSBzZW1pbnlhayBiYWxpkgEUcGFuX2FzaWFuX3Jlc3RhdXJhbnSaASNDaFpEU1VoTk1HOW5TMFZKUTBGblNVTjRkMHgxU2tGM0VBReABAPoBBAgAEEU!16s%2Fg%2F1vlwtnph?entry=ttu&g_ep=EgoyMDI2MDMxOC4xIKXMDSoASAFQAw%3D%3D",-8.6840589,115.1588854,https://www.tiktok.com/@chandi.bali/video/7559107468148755724,https://www.tiktok.com/@chandi.bali/video/7574670453269187860,https://www.tiktok.com/@chandi.bali/video/7629233390092324114
21,Massai Bali,Badung,4.5,160,Sunset & View | Vibrant Nightlife,"['cocktail', 'musik', 'fine dining', 'tiramisu', 'presentasi', 'appetizer']",Rp 50–150k,Sunset jam 5–7pm,"https://www.google.com/maps/place/Massai+Bali/@-8.677823,115.1348986,15z/data=!4m10!1m3!2m2!1sRestoran+hits+di+Seminyak+Bali!6e5!3m5!1s0x2dd247a426c260e3:0xf373b10df68dac3a!8m2!3d-8.6778226!4d115.1539533!16s%2Fg%2F11kbp4_b5z?entry=ttu&g_ep=EgoyMDI2MDMxOC4xIKXMDSoASAFQAw%3D%3D",-8.6778226,115.1539533,https://www.tiktok.com/@elletravelling/video/7603557785908956449,https://www.tiktok.com/@anaelleduran/video/7599240505376967958,https://www.tiktok.com/@icecett/video/7603049929107393810
22,Breeze at The Samaya Seminyak,Badung,4.5,1028,Sunset & View | Vibrant Nightlife | Romantic & Cozy,"['sunset', 'pantai', 'romantis', 'cocktail', 'hari jadi', 'honeymoon']",Rp 80–200k,Sunset jam 5–7pm,"https://www.google.com/maps/place/Breeze+at+The+Samaya+Seminyak/@-8.677823,115.1348986,15z/data=!4m11!1m3!2m2!1sRestoran+hits+di+Seminyak+Bali!6e5!3m6!1s0x2dd2470fc1390a39:0x7965212426ac8671!8m2!3d-8.6830616!4d115.153281!15sCh5SZXN0b3JhbiBoaXRzIGRpIFNlbWlueWFrIEJhbGlaICIecmVzdG9yYW4gaGl0cyBkaSBzZW1pbnlhayBiYWxpkgESd2VzdGVybl9yZXN0YXVyYW50mgEkQ2hkRFNVaE5NRzluUzBWSlEwRm5TVVIxTWpaRWVqVlJSUkFC4AEA-gEECAAQOw!16s%2Fg%2F1tl6n6q4?entry=ttu&g_ep=EgoyMDI2MDMxOC4xIKXMDSoASAFQAw%3D%3D",-8.6830616,115.153281,https://www.tiktok.com/@pinkypigpinky/video/7616690996121832711,https://www.tiktok.com/@balisunriseholiday/video/7418502233203019013,https://www.tiktok.com/@creativejr/video/7333086270601645317
23,Bias Courtyard Seminyak,Badung,4.5,837,Vibrant Nightlife,"['dinner', 'cocktail', 'gelato', 'konser', 'smoothie bowl', 'tusuk sate']",Rp 80–200k,Malam jam 7pm+,"https://www.google.com/maps/place/Bias+Courtyard+Seminyak/@-8.677823,115.1348986,15z/data=!4m11!1m3!2m2!1sRestoran+hits+di+Seminyak+Bali!6e5!3m6!1s0x2dd247bf09e39915:0xae49bd4b8f7153fc!8m2!3d-8.6799018!4d115.153461!15sCh5SZXN0b3JhbiBoaXRzIGRpIFNlbWlueWFrIEJhbGlaICIecmVzdG9yYW4gaGl0cyBkaSBzZW1pbnlhayBiYWxpkgEEY2FmZZoBJENoZERTVWhOTUc5blMwVkpRMEZuU1VOYWNVMXllalpuUlJBQuABAPoBBAgAEEQ!16s%2Fg%2F11n_cm3312?entry=ttu&g_ep=EgoyMDI2MDMxOC4xIKXMDSoASAFQAw%3D%3D",-8.6799018,115.153461,https://www.tiktok.com/@molo.silaban/video/7130478045688843546,https://www.tiktok.com/@nenesslbn/video/7503527619187576082,https://www.tiktok.com/@foodbali/video/7172345347618917658
24,KYND COMMUNITY,Badung,4.5,5201,General Chill,"['açaí na tigela', 'instagram', 'matcha', 'smoothie bowl', 'strawberry', 'july']",Rp 80–200k,Lunch atau dinner,"https://www.google.com/maps/place/KYND+COMMUNITY/@-8.677823,115.1348986,15z/data=!4m11!1m3!2m2!1sRestoran+hits+di+Seminyak+Bali!6e5!3m6!1s0x2dd247132f1ffccb:0x4a517c53bb069c59!8m2!3d-8.674806!4d115.1567252!15sCh5SZXN0b3JhbiBoaXRzIGRpIFNlbWlueWFrIEJhbGlaICIecmVzdG9yYW4gaGl0cyBkaSBzZW1pbnlhayBiYWxpkgEVdmVnZXRhcmlhbl9yZXN0YXVyYW50mgEkQ2hkRFNVaE5NRzluUzBWSlEwRm5TVVF4TFV0dFMzaDNSUkFC4AEA-gEECAAQQg!16s%2Fg%2F11d_z0w88j?entry=ttu&g_ep=EgoyMDI2MDMxOC4xIKXMDSoASAFQAw%3D%3D",-8.674806,115.1567252,https://www.tiktok.com/@kyndcommunity/video/7626685767020023060,https://www.tiktok.com/@lea_horsholt/video/7561360675436776711,https://www.tiktok.com/@amayaeatsandroams/video/7626297944114728200
25,Seminyak Kitchen,Badung,4.5,440,General Chill,"['breakfast', 'buffet', 'pilihan', 'keramahan', 'meja makan', 'tim']",Rp 50–150k,Lunch atau dinner,"https://www.google.com/maps/place/Seminyak+Kitchen/@-8.677823,115.1348986,15z/data=!4m11!1m3!2m2!1sRestoran+hits+di+Seminyak+Bali!6e5!3m6!1s0x2dd2471faa9ad5d1:0x19310dbd8d0b53e!8m2!3d-8.691726!4d115.162374!15sCh5SZXN0b3JhbiBoaXRzIGRpIFNlbWlueWFrIEJhbGlaICIecmVzdG9yYW4gaGl0cyBkaSBzZW1pbnlhayBiYWxpkgEKcmVzdGF1cmFudJoBI0NoWkRTVWhOTUc5blMwVkpRMEZuU1VNeE9VeGljbGRCRUFF4AEA-gEECAAQIg!16s%2Fg%2F11c1q5yyxr?entry=ttu&g_ep=EgoyMDI2MDMxOC4xIKXMDSoASAFQAw%3D%3D",-8.691726,115.162374,https://www.tiktok.com/@intankusumasari1/video/7606549803777969428,https://www.tiktok.com/@clara.desita/video/7474233098927049990,https://www.tiktok.com/@balitravelfolder/video/7473741120753716498
26,Suka Espresso [Ubud],Gianyar,4.8,6111,General Chill,"['sari', 'shakshouka', 'smoothie bowl', 'flat white', 'açaí na tigela', 'orakarik cabai']",Rp 80–200k,Lunch atau dinner,"https://www.google.com/maps/place/Suka+Espresso+%5BUbud%5D/@-8.5211103,115.2250711,14z/data=!4m10!1m2!2m1!1sCafe+terbaik+di+Ubud+Bali!3m6!1s0x2dd23da6ec4589cd:0x5778eea89f14f29c!8m2!3d-8.5211103!4d115.2631799!15sChlDYWZlIHRlcmJhaWsgZGkgVWJ1ZCBCYWxpIgOoAQFaGyIZY2FmZSB0ZXJiYWlrIGRpIHVidWQgYmFsaZIBCnJlc3RhdXJhbnSaASRDaGREU1VoTk1HOW5TMFZKUTBGblNVUlBNazl4WjNsM1JSQULgAQD6AQQIABAu!16s%2Fg%2F11j3vtq37b?entry=ttu&g_ep=EgoyMDI2MDMxOC4xIKXMDSoASAFQAw%3D%3D",-8.5211103,115.2631799,https://www.tiktok.com/@suka_espresso/video/7637045852921466119,https://www.tiktok.com/@suka_espresso/video/7626652531317345543,https://www.tiktok.com/@tastemybali/video/7580938298177195285
27,Ivy Cafe,Gianyar,4.8,3423,General Chill,"['smoothie bowls', 'hostel', 'chicken parmigiana', 'bungkus falafel', 'mcmuffin', 'supercharger']",Rp 80–200k,Lunch atau dinner,"https://www.google.com/maps/place/Ivy+Cafe/@-8.5211103,115.2250711,14z/data=!4m10!1m2!2m1!1sCafe+terbaik+di+Ubud+Bali!3m6!1s0x2dd23dfce2dcd7c3:0x29cdc3529b21c826!8m2!3d-8.5209521!4d115.2629859!15sChlDYWZlIHRlcmJhaWsgZGkgVWJ1ZCBCYWxpIgOoAQFaGyIZY2FmZSB0ZXJiYWlrIGRpIHVidWQgYmFsaZIBBGNhZmWaASRDaGREU1VoTk1HOW5TMFZKUTBGblNVUjFNelJJYm5SM1JSQULgAQD6AQQIABAp!16s%2Fg%2F11kh4t0j52?entry=ttu&g_ep=EgoyMDI2MDMxOC4xIKXMDSoASAFQAw%3D%3D",-8.5209521,115.2629859,https://www.tiktok.com/@elle51201/video/7563882162836098322,https://www.tiktok.com/@ivycafe.kh/video/7631526688098110740,https://www.tiktok.com/@sadie_kohlman/video/7609531833516166430
28,Watercress Cafe Ubud,Gianyar,4.8,4518,General Chill,"['ririn', 'burger kembang kol', 'salad ayam mete', 'mangkuk makanan super', 'ria', 'burger ikan']",Rp 80–200k,Lunch atau dinner,"https://www.google.com/maps/place/Watercress+Cafe+Ubud/@-8.5211103,115.2250711,14z/data=!4m10!1m2!2m1!1sCafe+terbaik+di+Ubud+Bali!3m6!1s0x2dd23d6cdad82e2d:0x75599808bcc0b6da!8m2!3d-8.5131164!4d115.2609062!15sChlDYWZlIHRlcmJhaWsgZGkgVWJ1ZCBCYWxpIgOoAQFaGyIZY2FmZSB0ZXJiYWlrIGRpIHVidWQgYmFsaZIBBGNhZmWaASRDaGREU1VoTk1HOW5TMFZKUTBGblNVUjRMVXA1YkRWQlJSQULgAQD6AQQIABBG!16s%2Fg%2F11ckqrbdxp?entry=ttu&g_ep=EgoyMDI2MDMxOC4xIKXMDSoASAFQAw%3D%3D",-8.5131164,115.2609062,https://www.tiktok.com/@jikbibo/video/7602926835885821204,https://www.tiktok.com/@watercressbali/video/7585469778203151637,https://www.tiktok.com/@watercressbali/video/7589908847901510933
29,Lazy Cats,Gianyar,4.8,2816,General Chill,"['balkon', 'tapas', 'desain', 'sofa', 'playlist', 'pita']",Rp 80–200k,Lunch atau dinner,"https://www.google.com/maps/place/Lazy+Cats/@-8.5211103,115.2250711,14z/data=!4m10!1m2!2m1!1sCafe+terbaik+di+Ubud+Bali!3m6!1s0x2dd23d3fde92dc37:0xecf79538fde27282!8m2!3d-8.5053108!4d115.2582557!15sChlDYWZlIHRlcmJhaWsgZGkgVWJ1ZCBCYWxpIgOoAQFaGyIZY2FmZSB0ZXJiYWlrIGRpIHVidWQgYmFsaZIBFXZlZ2V0YXJpYW5fcmVzdGF1cmFudJoBJENoZERTVWhOTUc5blMwVkpRMEZuU1VONE1VOVFhWFpCUlJBQuABAPoBBAgAEEQ!16s%2Fg%2F11c2ksvw65?entry=ttu&g_ep=EgoyMDI2MDMxOC4xIKXMDSoASAFQAw%3D%3D",-8.5053108,115.2582557,https://www.tiktok.com/@taste.catalogue/video/7523175586362068242,https://www.tiktok.com/@_your_travel_guide_/video/7565731971666627860,https://www.tiktok.com/@brown.odyssey/video/7597158893441125650
30,"Pedro : Coffee, Eatery, Bar, Roastery Ubud",Gianyar,4.8,251,Vibrant Nightlife | Budget Friendly,"['atmosphere', 'sarapan', 'musik', 'cafe', 'burrito', 'beer']",Rp 15–50k,Malam jam 7pm+,"https://www.google.com/maps/place/Pedro+:+Coffee,+Eatery,+Bar,+Roastery+Ubud/@-8.4863169,115.2127325,14z/data=!4m10!1m2!2m1!1sCafe+terbaik+di+Ubud+Bali!3m6!1s0x2dd22309c9b070f5:0x6043cfe20f961c62!8m2!3d-8.4863169!4d115.2508413!15sChlDYWZlIHRlcmJhaWsgZGkgVWJ1ZCBCYWxpIgOoAQFaGyIZY2FmZSB0ZXJiYWlrIGRpIHVidWQgYmFsaZIBCnJlc3RhdXJhbnSaASNDaFpEU1VoTk1HOW5TMFZKUTBGblNVUTNhRnB1ZGxGQkVBReABAPoBBAgAEC8!16s%2Fg%2F11vzd8krqy?entry=ttu&g_ep=EgoyMDI2MDMxOC4xIKXMDSoASAFQAw%3D%3D",-8.4863169,115.2508413,https://www.tiktok.com/@pedro.coffee.ubud/video/7582387581166325010,https://www.tiktok.com/@pedro.coffee.ubud/video/7608113403852328210,https://www.tiktok.com/@pedro.coffee.ubud/video/7623283557682793735
31,Seniman Coffee Studio,Gianyar,4.8,4924,Work from Cafe,"['kursi goyang', 'valet parking', 'affogato', 'kopi single origin', 'pencicipan kopi', 'canele']",Rp 80–200k,Pagi–sore jam 9am–5pm,"https://www.google.com/maps/place/Seniman+Coffee+Studio/@-8.4863169,115.2127325,14z/data=!4m10!1m2!2m1!1sCafe+terbaik+di+Ubud+Bali!3m6!1s0x2dd23d6a065b98bb:0x6fa247aced3b9ae2!8m2!3d-8.5067234!4d115.2651548!15sChlDYWZlIHRlcmJhaWsgZGkgVWJ1ZCBCYWxpIgOoAQFaGyIZY2FmZSB0ZXJiYWlrIGRpIHVidWQgYmFsaZIBC2NvZmZlZV9zaG9wmgEjQ2haRFNVaE5NRzluUzBWSlEwRm5TVU5RY1UwdFNrSkJFQUXgAQD6AQQIABBH!16s%2Fg%2F1tdz276b?entry=ttu&g_ep=EgoyMDI2MDMxOC4xIKXMDSoASAFQAw%3D%3D",-8.5067234,115.2651548,https://www.tiktok.com/@baliwonderfood/video/7488612774524767506,https://www.tiktok.com/@whyuppramerta/video/7494613836431920389,https://www.tiktok.com/@imdepan/video/7504640444324777222
32,The Hideout Cafe Ubud,Gianyar,4.8,370,Sunset & View | Work from Cafe,"['roti pisang', 'sawah', 'jalan kaki', 'wifi', 'nasi goreng', 'tiramisu roti panggang prancis']",Rp 50–150k,Sunset jam 5–7pm,"https://www.google.com/maps/place/The+Hideout+Cafe+Ubud/@-8.4863169,115.2127325,14z/data=!4m10!1m2!2m1!1sCafe+terbaik+di+Ubud+Bali!3m6!1s0x2dd23daa16c3e1df:0xf6a15fdbe6c4fd23!8m2!3d-8.5012982!4d115.2634972!15sChlDYWZlIHRlcmJhaWsgZGkgVWJ1ZCBCYWxpIgOoAQFaGyIZY2FmZSB0ZXJiYWlrIGRpIHVidWQgYmFsaZIBBGNhZmWaASNDaFpEU1VoTk1HOW5TMFZKUTBGblNVTnlNRXN5TVdOQkVBReABAPoBBAgAEEc!16s%2Fg%2F11l6dz5lzf?entry=ttu&g_ep=EgoyMDI2MDMxOC4xIKXMDSoASAFQAw%3D%3D",-8.5012982,115.2634972,https://www.tiktok.com/@omandoat/video/7618871364753100039,https://www.tiktok.com/@lsa8837/video/7532143885204606230,https://www.tiktok.com/@dimin105/video/7529097303127280952
33,Two Face / Coffee & Brunch [Ubud],Gianyar,4.8,728,Vibrant Nightlife,"['eggs benedict', 'shakshouka', 'adi', 'ayam katsu sando', 'smoothie bowl', 'tapa']",Rp 80–200k,Malam jam 7pm+,"https://www.google.com/maps/place/Two+Face+%2F+Coffee+%26+Brunch+%5BUbud%5D/@-8.4863169,115.2127325,14z/data=!4m10!1m2!2m1!1sCafe+terbaik+di+Ubud+Bali!3m6!1s0x2dd23dc444829165:0x3429f5a081982b9b!8m2!3d-8.5062629!4d115.2608425!15sChlDYWZlIHRlcmJhaWsgZGkgVWJ1ZCBCYWxpIgOoAQFaGyIZY2FmZSB0ZXJiYWlrIGRpIHVidWQgYmFsaZIBBGNhZmWaAURDaTlEUVVsUlFVTnZaRU5vZEhsalJqbHZUMnBPVWxFeGJIUlJWMXA1WW01Vk5Wb3dhRUpOUmxaclZrUlJkMUpZWXhBQuABAPoBBAgAECc!16s%2Fg%2F11wq6y5psz?entry=ttu&g_ep=EgoyMDI2MDMxOC4xIKXMDSoASAFQAw%3D%3D",-8.5062629,115.2608425,https://www.tiktok.com/@leavevegansalone/video/7623121766319164703,https://www.tiktok.com/@odikabayu/video/7598510245375184136,https://www.tiktok.com/@odikabayu/video/7449702704785460487
34,Avocuts Coffee & Eatery,Gianyar,4.8,579,Work from Cafe,"['smoothies', 'pancake alpukat', 'cinnamon roll', 'brunch', 'kesehatan', 'avocado coffee']",Rp 80–200k,Pagi–sore jam 9am–5pm,"https://www.google.com/maps/place/Avocuts+Coffee+%26+Eatery/@-8.4863169,115.2127325,14z/data=!4m10!1m2!2m1!1sCafe+terbaik+di+Ubud+Bali!3m6!1s0x2dd23d80b35592af:0xeace4d422fe7426d!8m2!3d-8.5057757!4d115.2617988!15sChlDYWZlIHRlcmJhaWsgZGkgVWJ1ZCBCYWxpIgOoAQFaGyIZY2FmZSB0ZXJiYWlrIGRpIHVidWQgYmFsaZIBCnJlc3RhdXJhbnSaAURDaTlEUVVsUlFVTnZaRU5vZEhsalJqbHZUMjAxTVdNeVpGUmtWamsxVFZaQ1NtRlhhSEJTVmtZMFRVaG5lRkZYWXhBQuABAPoBBAgAECw!16s%2Fg%2F11md1ml174?entry=ttu&g_ep=EgoyMDI2MDMxOC4xIKXMDSoASAFQAw%3D%3D",-8.5057757,115.2617988,https://www.tiktok.com/@_shantheworld/video/7595896815892040962,https://www.tiktok.com/@balinextstop/video/7605151690320399634,https://www.tiktok.com/@dodoseptian/video/7637332562569940232
35,Milk madu,Gianyar,4.8,5590,General Chill,"['pizza', 'poke', 'istana ubud', 'western food', 'burger hancur', 'sari']",Rp 80–200k,Lunch atau dinner,"https://www.google.com/maps/place/Milk+madu/@-8.4863169,115.2127325,14z/data=!4m10!1m2!2m1!1sCafe+terbaik+di+Ubud+Bali!3m6!1s0x2dd23d6a8e890949:0x6e63b6b7b41f0060!8m2!3d-8.5063024!4d115.2623691!15sChlDYWZlIHRlcmJhaWsgZGkgVWJ1ZCBCYWxpIgOoAQFaGyIZY2FmZSB0ZXJiYWlrIGRpIHVidWQgYmFsaZIBBGNhZmWaAURDaTlEUVVsUlFVTnZaRU5vZEhsalJqbHZUMnQ0VEZOdE9ERmhSa0p1VlRBME0xaDZTazFNVmtVeFdqSjRZVk5IWXhBQuABAPoBBQj5AhAm!16s%2Fg%2F11f_x4s3f9?entry=ttu&g_ep=EgoyMDI2MDMxOC4xIKXMDSoASAFQAw%3D%3D",-8.5063024,115.2623691,https://www.tiktok.com/@ninaasonia/video/7521259086881492230,https://www.tiktok.com/@bubuexa/video/7624085788820507922,https://www.tiktok.com/@milkandmadu/video/7608437162777890069
36,Littletalks Ubud,Gianyar,4.8,664,Work from Cafe,"['membaca', 'perpustakaan', 'sungai', 'wifi', 'nasi goreng', 'smoothie bowl']",Rp 80–200k,Pagi–sore jam 9am–5pm,"https://www.google.com/maps/place/Littletalks+Ubud/@-8.4863169,115.2127325,14z/data=!4m10!1m2!2m1!1sCafe+terbaik+di+Ubud+Bali!3m6!1s0x2dd23d08716fe3ef:0x12eb6c9088457577!8m2!3d-8.5127487!4d115.258219!15sChlDYWZlIHRlcmJhaWsgZGkgVWJ1ZCBCYWxpIgOoAQFaGyIZY2FmZSB0ZXJiYWlrIGRpIHVidWQgYmFsaZIBBmJpc3Ryb5oBJENoZERTVWhOTUc5blMwVkpRMEZuU1VSd2F6UmZjblpSUlJBQuABAPoBBAgcEDQ!16s%2Fg%2F11c4bg441q?entry=ttu&g_ep=EgoyMDI2MDMxOC4xIKXMDSoASAFQAw%3D%3D",-8.5127487,115.258219,https://www.tiktok.com/@baliwonderfood/video/7527224544302583047,https://www.tiktok.com/@littletalksubud/video/7598501533419949332,https://www.tiktok.com/@aimeesbooknook/video/7593706092274748680
37,Livingstone Holyground,Gianyar,4.8,3572,Family Friendly,"['brunch', 'playground', 'gelato', 'kolam renang', 'aglio olio', 'smoothie bowl']",Rp 80–200k,Lunch jam 11am–2pm,"https://www.google.com/maps/place/Livingstone+Holyground/@-8.4863169,115.2127325,14z/data=!4m10!1m2!2m1!1sCafe+terbaik+di+Ubud+Bali!3m6!1s0x2dd23d96a16fd43d:0x5362f4aadd0edb14!8m2!3d-8.5046923!4d115.2721383!15sChlDYWZlIHRlcmJhaWsgZGkgVWJ1ZCBCYWxpIgOoAQFaGyIZY2FmZSB0ZXJiYWlrIGRpIHVidWQgYmFsaZIBC2NvZmZlZV9zaG9wmgFEQ2k5RFFVbFJRVU52WkVOb2RIbGpSamx2VDJ4a2FXVlZWbFJOZW14VldqRmFVVk5XUmpCak1rcHRWVVV4VlZVell4QULgAQD6AQQIABAn!16s%2Fg%2F11khcc4_kt?entry=ttu&g_ep=EgoyMDI2MDMxOC4xIKXMDSoASAFQAw%3D%3D",-8.5046923,115.2721383,https://www.tiktok.com/@gekrara18/video/7611021562031901959,https://www.tiktok.com/@livingstonebakery/video/7573982253890505992,https://www.tiktok.com/@sukareviewdimanaaja/video/7598022139719077138
38,Clear Cafe,Gianyar,4.8,4398,General Chill,"['sepatu', 'spa', 'pajak', 'telanjang kaki', 'smoothie bowl', 'pad thai']",Rp 80–200k,Lunch atau dinner,"https://www.google.com/maps/place/Clear+Cafe/@-8.4863169,115.2127325,14z/data=!4m10!1m2!2m1!1sCafe+terbaik+di+Ubud+Bali!3m6!1s0x2dd23d6bc25f6ab9:0x66843dd1173b4799!8m2!3d-8.5091774!4d115.2649008!15sChlDYWZlIHRlcmJhaWsgZGkgVWJ1ZCBCYWxpIgOoAQFaGyIZY2FmZSB0ZXJiYWlrIGRpIHVidWQgYmFsaZIBBGNhZmWaASNDaFpEU1VoTk1HOW5TMFZKUTBGblNVTnljSEkyWkVobkVBReABAPoBBAgAECk!16s%2Fg%2F1hm49hpx3?entry=ttu&g_ep=EgoyMDI2MDMxOC4xIKXMDSoASAFQAw%3D%3D",-8.5091774,115.2649008,https://www.tiktok.com/@clear.cafe.bali/video/7491616211826920709,https://www.tiktok.com/@raddyns/video/7594718650737724680,https://www.tiktok.com/@raddyns/video/7600278070087388437
39,Monkey Cave Espresso Ubud,Gianyar,4.8,715,Vibrant Nightlife,"['latte', 'hotdog', 'mandala suci wenara wana', 'musik', 'flat white', 'long black']",Rp 80–200k,Malam jam 7pm+,"https://www.google.com/maps/place/Monkey+Cave+Espresso+Ubud/@-8.5183309,115.2243878,14z/data=!4m10!1m2!2m1!1sCafe+terbaik+di+Ubud+Bali!3m6!1s0x2dd23d7320bc1949:0xcfff6c3a64d4b3fb!8m2!3d-8.5183309!4d115.2624966!15sChlDYWZlIHRlcmJhaWsgZGkgVWJ1ZCBCYWxpIgOoAQFaGyIZY2FmZSB0ZXJiYWlrIGRpIHVidWQgYmFsaZIBBGNhZmWaASNDaFpEU1VoTk1HOW5TMFZKUTBGblNVUk1jVXBNTTJObkVBReABAPoBBAh2ED8!16s%2Fg%2F11c59xbnlf?entry=ttu&g_ep=EgoyMDI2MDMxOC4xIKXMDSoASAFQAw%3D%3D",-8.5183309,115.2624966,https://www.tiktok.com/@radiomataharibali/video/7524732699890781496,https://www.tiktok.com/@gluttonwanderers/video/7464235736435346705,https://www.tiktok.com/@mitiwwww/video/7373280673961954565
40,Titik Temu Coffee - Ubud Palace,Gianyar,4.8,977,General Chill,"['lantai', 'pancake', 'cash', 'avocado toast', 'churros', 'interior']",Rp 80–200k,Lunch atau dinner,"https://www.google.com/maps/place/Titik+Temu+Coffee+-+Ubud+Palace/@-8.5183309,115.2243878,14z/data=!4m10!1m2!2m1!1sCafe+terbaik+di+Ubud+Bali!3m6!1s0x2dd23d806883db07:0x49c0f8c90c556395!8m2!3d-8.5055339!4d115.2629522!15sChlDYWZlIHRlcmJhaWsgZGkgVWJ1ZCBCYWxpIgOoAQFaGyIZY2FmZSB0ZXJiYWlrIGRpIHVidWQgYmFsaZIBBGNhZmWaAURDaTlEUVVsUlFVTnZaRU5vZEhsalJqbHZUMjB4YjFrd05VcE5iRUpHWlZZNWNGWkVVa0pqV0dOMFRXcFdSbEZzUlJBQuABAPoBBAgwEDQ!16s%2Fg%2F11h8j3s8rl?entry=ttu&g_ep=EgoyMDI2MDMxOC4xIKXMDSoASAFQAw%3D%3D",-8.5055339,115.2629522,https://www.tiktok.com/@niiputu/video/7591070456447290642,https://www.tiktok.com/@askalfa.now/video/7593972996495248647,https://www.tiktok.com/@notmarsyaa/video/7517122001539009799
41,KAFE,Gianyar,4.8,3503,Work from Cafe | Vibrant Nightlife,"['cocktail', 'cappucino', 'lantai', 'pad thai', 'yoga', 'laptop']",Rp 150–400k,Malam jam 7pm+,"https://www.google.com/maps/place/KAFE/@-8.5183309,115.2243878,14z/data=!4m10!1m2!2m1!1sCafe+terbaik+di+Ubud+Bali!3m6!1s0x2dd23d739f22c9c3:0x9f81e5b6c6de53e6!8m2!3d-8.5140392!4d115.2641736!15sChlDYWZlIHRlcmJhaWsgZGkgVWJ1ZCBCYWxpIgOoAQFaGyIZY2FmZSB0ZXJiYWlrIGRpIHVidWQgYmFsaZIBFmhlYWx0aF9mb29kX3Jlc3RhdXJhbnSaASRDaGREU1VoTk1HOW5TMFZKUTBGblNVUXlMV0oxTUY5QlJSQULgAQD6AQQIEhBI!16s%2Fg%2F1wfz1c_s?entry=ttu&g_ep=EgoyMDI2MDMxOC4xIKXMDSoASAFQAw%3D%3D",-8.5140392,115.2641736,https://www.tiktok.com/@balinextgen/video/7548055952382119174,,
42,Tucky | Specialty Coffee & Brunch,Gianyar,4.8,380,Vibrant Nightlife,"['cold brew', 'flat white', 'roti panggang alpukat', 'bar anggur', 'kue jeruk', 'sourdough']",Rp 50–150k,Malam jam 7pm+,"https://www.google.com/maps/place/Tucky+%7C+Specialty+Coffee+%26+Brunch/@-8.5183309,115.2243878,14z/data=!4m10!1m2!2m1!1sCafe+terbaik+di+Ubud+Bali!3m6!1s0x2dd23dfaa163abb7:0x78a28b4faee95abc!8m2!3d-8.5099464!4d115.2640876!15sChlDYWZlIHRlcmJhaWsgZGkgVWJ1ZCBCYWxpIgOoAQFaGyIZY2FmZSB0ZXJiYWlrIGRpIHVidWQgYmFsaZIBBGNhZmXgAQA!16s%2Fg%2F11tm_pj1cj?entry=ttu&g_ep=EgoyMDI2MDMxOC4xIKXMDSoASAFQAw%3D%3D",-8.5099464,115.2640876,https://www.tiktok.com/@imrealisticallytired/video/7605811312123383060,https://www.tiktok.com/@gdanggaraa/video/7451070455462497554,https://www.tiktok.com/@namiricafe/video/7579504510398205206
43,Up To Date Cafe & Eatery Ubud,Gianyar,4.8,3268,Sunset & View | Family Friendly | Vibrant Nightlife | Romantic & Cozy,"['music', 'sawah', 'live', 'santai', 'pemandangan', 'uptodate']",Rp 150–400k,Sunset jam 5–7pm,"https://www.google.com/maps/place/Up+To+Date+Cafe+%26+Eatery+Ubud/@-8.5183309,115.2243878,14z/data=!4m10!1m2!2m1!1sCafe+terbaik+di+Ubud+Bali!3m6!1s0x2dd23d891bdfdafb:0xe36cb93f7913f68c!8m2!3d-8.5233766!4d115.2771676!15sChlDYWZlIHRlcmJhaWsgZGkgVWJ1ZCBCYWxpIgOoAQFaGyIZY2FmZSB0ZXJiYWlrIGRpIHVidWQgYmFsaZIBCnJlc3RhdXJhbnSaASRDaGREU1VoTk1HOW5TMFZKUTBGblNVTnFiamt5UmpSUlJSQULgAQD6AQQIABBC!16s%2Fg%2F11r4nvjjzl?entry=ttu&g_ep=EgoyMDI2MDMxOC4xIKXMDSoASAFQAw%3D%3D",-8.5233766,115.2771676,https://www.tiktok.com/@gungdebagus_/video/7629617155331509524,https://www.tiktok.com/@widekasmara/video/7604800378017729810,https://www.tiktok.com/@taruni.17/video/7620680202749807892
44,Snow Jam Cafe - Ubud,Gianyar,4.8,556,Sunset & View,"['es serut', 'mango', 'foto', 'srikaya', 'pengecapan', 'halaman belakang']",Rp 80–200k,Sunset jam 5–7pm,"https://www.google.com/maps/place/Snow+Jam+Cafe+-+Ubud/@-8.5183309,115.2243878,14z/data=!4m11!1m3!2m2!1sCafe+terbaik+di+Ubud+Bali!6e5!3m6!1s0x2dd23d9625626e5b:0xf020b46cab0d25f!8m2!3d-8.4977956!4d115.2530996!15sChlDYWZlIHRlcmJhaWsgZGkgVWJ1ZCBCYWxpIgOoAQFaGyIZY2FmZSB0ZXJiYWlrIGRpIHVidWQgYmFsaZIBBGNhZmWaASNDaFpEU1VoTk1HOW5TMFZKUTBGblNVUmxMVXd0Y1ZObkVBReABAPoBBAgAEDg!16s%2Fg%2F11h1yfrlxd?entry=ttu&g_ep=EgoyMDI2MDMxOC4xIKXMDSoASAFQAw%3D%3D",-8.4977956,115.2530996,https://www.tiktok.com/@deliciousbalii/video/6959695120279080194,https://www.tiktok.com/@deliciousbalii/video/7077063463671008539,https://www.tiktok.com/@deliciousbalii/video/6913703103887838466
45,Ubud Coffee Roastery,Gianyar,4.8,1479,Work from Cafe,"['beans', 'flat white', 'kopi spesial', 'single origin', 'pembuatan bir', 'french press']",Rp 80–200k,Pagi–sore jam 9am–5pm,"https://www.google.com/maps/place/Ubud+Coffee+Roastery/@-8.5183309,115.2243878,14z/data=!4m11!1m3!2m2!1sCafe+terbaik+di+Ubud+Bali!6e5!3m6!1s0x2dd23d6c429fa0b1:0x37efc0bb2c1e35d2!8m2!3d-8.5117885!4d115.263877!15sChlDYWZlIHRlcmJhaWsgZGkgVWJ1ZCBCYWxpIgOoAQFaGyIZY2FmZSB0ZXJiYWlrIGRpIHVidWQgYmFsaZIBC2NvZmZlZV9zaG9wmgEkQ2hkRFNVaE5NRzluUzBWSlEwRm5TVVIwY2pkSFFTMTNSUkFC4AEA-gEECAAQLg!16s%2Fg%2F11c5rpd0vd?entry=ttu&g_ep=EgoyMDI2MDMxOC4xIKXMDSoASAFQAw%3D%3D",-8.5117885,115.263877,https://www.tiktok.com/@maude_btn/video/7611750589378186504,https://www.tiktok.com/@itsmebrehu/video/7505043748351380758,https://www.tiktok.com/@sugibali_/video/7597277736528284948
46,COARSE & FINE COFFEE @The Kemilau Ubud,Gianyar,4.8,193,Sunset & View | Vibrant Nightlife | Budget Friendly,"['barista', 'pengalaman', 'beans', 'matcha', 'atmosphere', 'harga']",Rp 15–50k,Sunset jam 5–7pm,"https://www.google.com/maps/place/COARSE+%26+FINE+COFFEE+@The+Kemilau+Ubud/@-8.5183309,115.2243878,14z/data=!4m11!1m3!2m2!1sCafe+terbaik+di+Ubud+Bali!6e5!3m6!1s0x2dd23dacd1e25da9:0x38287a03a46e4ca7!8m2!3d-8.523292!4d115.2633136!15sChlDYWZlIHRlcmJhaWsgZGkgVWJ1ZCBCYWxpIgOoAQFaGyIZY2FmZSB0ZXJiYWlrIGRpIHVidWQgYmFsaZIBBGNhZmWaAURDaTlEUVVsUlFVTnZaRU5vZEhsalJqbHZUMjFvYTFsWE9EVmFiRzk2VGxoV2FsaDZRbnBqUkd4eVYyMXdNR051WXhBQuABAPoBBAgdEDo!16s%2Fg%2F11wn6lrcwm?entry=ttu&g_ep=EgoyMDI2MDMxOC4xIKXMDSoASAFQAw%3D%3D",-8.523292,115.2633136,https://www.tiktok.com/@niiputu/video/7557928371678629128,https://www.tiktok.com/@placeandpour_/video/7612112793117953300,https://www.tiktok.com/@dekodennis/video/7616737601449839893
47,Blend Cafe Ubud,Gianyar,4.8,1175,General Chill,"['smoothie bowls', 'karya', 'açaí na tigela', 'selai kacang', 'mandala suci wenara wana', 'yogurt']",Rp 80–200k,Lunch atau dinner,"https://www.google.com/maps/place/Blend+Cafe+Ubud/@-8.5183309,115.2243878,14z/data=!4m11!1m3!2m2!1sCafe+terbaik+di+Ubud+Bali!6e5!3m6!1s0x2dd23d6b72f81611:0x46f3da3dfc546e3f!8m2!3d-8.5215116!4d115.2569792!15sChlDYWZlIHRlcmJhaWsgZGkgVWJ1ZCBCYWxpIgOoAQFaGyIZY2FmZSB0ZXJiYWlrIGRpIHVidWQgYmFsaZIBBGNhZmWaASRDaGREU1VoTk1HOW5TMFZKUTBGblNVTTNOSEJ5YVhablJSQULgAQD6AQQIABA9!16s%2Fg%2F11f5467570?entry=ttu&g_ep=EgoyMDI2MDMxOC4xIKXMDSoASAFQAw%3D%3D",-8.5215116,115.2569792,https://www.tiktok.com/@imhappylaeti/video/7546453216469191958,https://www.tiktok.com/@dwaroundtheworld/video/7510877507973958934,https://www.tiktok.com/@baggesbackpack/video/7631579223752232214
48,WYAH Art & Creative Space,Gianyar,4.8,2449,General Chill,"['arsitektur', 'foto', 'kasir', 'hutan', 'bentuk', 'sinyal']",Rp 80–200k,Lunch atau dinner,"https://www.google.com/maps/place/WYAH+Art+%26+Creative+Space/@-8.4788199,115.2178954,14z/data=!4m11!1m3!2m2!1sCafe+terbaik+di+Ubud+Bali!6e5!3m6!1s0x2dd2230dbbd54f29:0xde0b2ffd47c1e26!8m2!3d-8.4788199!4d115.2560042!15sChlDYWZlIHRlcmJhaWsgZGkgVWJ1ZCBCYWxpIgOoAQFaGyIZY2FmZSB0ZXJiYWlrIGRpIHVidWQgYmFsaZIBCGFydF9jYWZlmgFEQ2k5RFFVbFJRVU52WkVOb2RIbGpSamx2VDJ0d2FGVklhRkpOYkRsMldqQnplVlJGYUUxUlZtOTNZVmR2TUZGdFl4QULgAQD6AQQIABA7!16s%2Fg%2F11rs9yrbb7?entry=ttu&g_ep=EgoyMDI2MDMxOC4xIKXMDSoASAFQAw%3D%3D",-8.4788199,115.2560042,https://www.tiktok.com/@bali.nongki/video/7554599930073976076,https://www.tiktok.com/@gpangestikaa/video/7629340055777185042,https://www.tiktok.com/@zolog1st/video/7630353129359297813
49,Lucky Family Coffee & Food,Gianyar,4.8,789,General Chill,"['pancake', 'nasi goreng', 'mie goreng', 'bali', 'smoothie bowl', 'spring roll']",Rp 80–200k,Lunch atau dinner,"https://www.google.com/maps/place/Lucky+Family+Coffee+%26+Food/@-8.515055,115.2201648,14z/data=!4m11!1m3!2m2!1sCafe+terbaik+di+Ubud+Bali!6e5!3m6!1s0x2dd23de66713bda9:0xd24509f235b0b92a!8m2!3d-8.515055!4d115.2582736!15sChlDYWZlIHRlcmJhaWsgZGkgVWJ1ZCBCYWxpIgOoAQFaGyIZY2FmZSB0ZXJiYWlrIGRpIHVidWQgYmFsaZIBCnJlc3RhdXJhbnSaASRDaGREU1VoTk1HOW5TMFZKUTBGblNVTmlNRkJRVERkblJSQULgAQD6AQQIABBJ!16s%2Fg%2F11js56fx52?entry=ttu&g_ep=EgoyMDI2MDMxOC4xIKXMDSoASAFQAw%3D%3D",-8.515055,115.2582736,https://www.tiktok.com/@luckyfamilycoffeefood/video/7379461643685612806,https://www.tiktok.com/@luckyfamilycoffeefood/video/7390964053088259334,https://www.tiktok.com/@indfani/video/7438165576620526866
50,Sunny Coffee,Gianyar,4.8,789,General Chill,"['pastry', 'cappuccino', 'flat white', 'smoothie bowl', 'susu gandum', 'brownies']",Rp 80–200k,Lunch atau dinner,"https://www.google.com/maps/place/Sunny+Coffee/@-8.515055,115.2201648,14z/data=!4m11!1m3!2m2!1sCafe+terbaik+di+Ubud+Bali!6e5!3m6!1s0x2dd23dc5eba07e31:0xd5b267c6c944f37f!8m2!3d-8.5127!4d115.2642555!15sChlDYWZlIHRlcmJhaWsgZGkgVWJ1ZCBCYWxpIgOoAQFaGyIZY2FmZSB0ZXJiYWlrIGRpIHVidWQgYmFsaZIBC2NvZmZlZV9zaG9wmgEjQ2haRFNVaE5NRzluUzBWSlEwRm5TVU51ZFRsMldFWlJFQUXgAQD6AQQIABA6!16s%2Fg%2F11gmt4wybw?entry=ttu&g_ep=EgoyMDI2MDMxOC4xIKXMDSoASAFQAw%3D%3D",-8.5127,115.2642555,https://www.tiktok.com/@askalfa.now/video/7619677023220305173,https://www.tiktok.com/@sannie_japan/video/7636705721593236757,https://www.tiktok.com/@deprianthony/video/7479957161955708166
51,Jejak Bali Kuliner ( JEBAK ),Denpasar,4.4,2718,Vibrant Nightlife | Budget Friendly,"['harga', 'music', 'dinner', 'rujak', 'masakan bali', 'makanan tradisional']",Rp 15–50k,Malam jam 7pm+,"https://www.google.com/maps/place/Jejak+Bali+Kuliner+(+JEBAK+)/@-8.6806822,115.1637191,14z/data=!4m10!1m2!2m1!1sKuliner+autentik+Denpasar!3m6!1s0x2dd240c551856569:0xf0946a39aedbd595!8m2!3d-8.6806822!4d115.2018279!15sChlLdWxpbmVyIGF1dGVudGlrIERlbnBhc2FyWhsiGWt1bGluZXIgYXV0ZW50aWsgZGVucGFzYXKSAQpmb29kX2NvdXJ0mgEjQ2haRFNVaE5NRzluUzBWT2NtTm9jWG96ZGt0aFEyUlJFQUXgAQD6AQQIABA3!16s%2Fg%2F11b75l1sh6?entry=ttu&g_ep=EgoyMDI2MDMxOC4xIKXMDSoASAFQAw%3D%3D",-8.6806822,115.2018279,https://www.tiktok.com/@jejakbalikuliner/video/7637423245943229714,https://www.tiktok.com/@jhosierlinda/video/7588849993843363092,https://www.tiktok.com/@jejakbalikuliner/video/7149477397266550042
52,Jinggo Om Gundul,Denpasar,4.4,1360,Budget Friendly,"['harga', 'nasi jinggo', 'pilihan', 'cemilan', 'soto', 'rujak']",Rp 15–50k,Lunch atau dinner,"https://www.google.com/maps/place/Jinggo+Om+Gundul/@-8.6806822,115.1637191,14z/data=!4m10!1m2!2m1!1sKuliner+autentik+Denpasar!3m6!1s0x2dd2414dd16d18e5:0xc8fc351dbd6534ad!8m2!3d-8.659297!4d115.2093754!15sChlLdWxpbmVyIGF1dGVudGlrIERlbnBhc2FyWhsiGWt1bGluZXIgYXV0ZW50aWsgZGVucGFzYXKSARNiYWxpbmVzZV9yZXN0YXVyYW50mgEkQ2hkRFNVaE5NRzluUzBWSlEwRm5TVVJzYlRsUVQzQm5SUkFC4AEA-gEECFMQRw!16s%2Fg%2F11h3v7d9s4?entry=ttu&g_ep=EgoyMDI2MDMxOC4xIKXMDSoASAFQAw%3D%3D",-8.659297,115.2093754,https://www.tiktok.com/@pakde_hanss/video/7622631764107808020,https://www.tiktok.com/@jinggo.om.gundul/video/7611522412403805460,https://www.tiktok.com/@jajanmakansister/video/7621170062862470418
53,Warung Joglo Tepi Sawah Prasmanan,Denpasar,4.4,1486,Budget Friendly,"['harga', 'masakan jawa', 'lodeh', 'self service', 'jamu', 'konsep']",Rp 15–50k,Lunch atau dinner,"https://www.google.com/maps/place/Warung+Joglo+Tepi+Sawah+Prasmanan/@-8.6806822,115.1637191,14z/data=!4m10!1m2!2m1!1sKuliner+autentik+Denpasar!3m6!1s0x2dd247f658dbc303:0x410aa3dce0758f7e!8m2!3d-8.6801447!4d115.1872508!15sChlLdWxpbmVyIGF1dGVudGlrIERlbnBhc2FyWhsiGWt1bGluZXIgYXV0ZW50aWsgZGVucGFzYXKSARVpbmRvbmVzaWFuX3Jlc3RhdXJhbnSaASNDaFpEU1VoTk1HOW5TMFZRTmxGeWNXSk9PVTE1YWxKbkVBReABAPoBBAgAEEU!16s%2Fg%2F11q438jykc?entry=ttu&g_ep=EgoyMDI2MDMxOC4xIKXMDSoASAFQAw%3D%3D",-8.6801447,115.1872508,https://www.tiktok.com/@deprianthony/video/7573885488889679125,https://www.tiktok.com/@hi.akusin/video/7631938860208885010,https://www.tiktok.com/@warungjoglotepisawah1/video/7552478472027802936
54,Hepi Kuliner Bali Vegetarian,Denpasar,4.4,41,Budget Friendly,"['harga', 'vegan', 'harga', 'warung', 'permata', 'nasi goreng']",Rp 15–50k,Lunch atau dinner,"https://www.google.com/maps/place/Hepi+Kuliner+Bali+Vegetarian/@-8.6323447,115.1905683,14z/data=!4m10!1m2!2m1!1sKuliner+autentik+Denpasar!3m6!1s0x2dd23fd63a9b170b:0x6c2bff79da70c9d2!8m2!3d-8.6323447!4d115.2286771!15sChlLdWxpbmVyIGF1dGVudGlrIERlbnBhc2FyWhsiGWt1bGluZXIgYXV0ZW50aWsgZGVucGFzYXKSARV2ZWdldGFyaWFuX3Jlc3RhdXJhbnSaAURDaTlEUVVsUlFVTnZaRU5vZEhsalJqbHZUMjVDY21GSE5UUk5WR1JOV201Uk0yVnNTVEpTYW1oQ1ZUTmFUVmxYWXhBQuABAPoBBAgAEEQ!16s%2Fg%2F11mnklwt61?entry=ttu&g_ep=EgoyMDI2MDMxOC4xIKXMDSoASAFQAw%3D%3D",-8.6323447,115.2286771,https://www.tiktok.com/@hkb_veggie/video/7569429511972949266,https://www.tiktok.com/@hkb_veggie/video/7489715784684457234,https://www.tiktok.com/@hkb_veggie/video/7610998602558688533
55,Gatsu Kuliner (Ga-Kul),Denpasar,4.4,422,Family Friendly | Budget Friendly,"['harga', 'luas', 'harga', 'seblak', 'strategis', 'pilihan']",Rp 15–50k,Lunch jam 11am–2pm,"https://www.google.com/maps/place/Gatsu+Kuliner+(Ga-Kul)/@-8.6323447,115.1905683,14z/data=!4m10!1m2!2m1!1sKuliner+autentik+Denpasar!3m6!1s0x2dd23f7113caa40d:0x6de6dce38d856533!8m2!3d-8.6355408!4d115.2284067!15sChlLdWxpbmVyIGF1dGVudGlrIERlbnBhc2FyWhsiGWt1bGluZXIgYXV0ZW50aWsgZGVucGFzYXKSAQxoYXdrZXJfc3RhbGyaASRDaGREU1VoTk1HOW5TMFZKUTBGblNVUTNMVmx1V1hWQlJSQULgAQD6AQQIABAv!16s%2Fg%2F11dfqxpjm6?entry=ttu&g_ep=EgoyMDI2MDMxOC4xIKXMDSoASAFQAw%3D%3D",-8.6355408,115.2284067,https://www.tiktok.com/@falheryandreas/video/7593080767169793288,https://www.tiktok.com/@medyanahardantii/video/7529882568473251090,https://www.tiktok.com/@nomnombali/video/7530491067888635154
56,Warung Nasi Tekor Bali,Denpasar,4.4,1493,Budget Friendly,"['harga', 'tradisional', 'desa', 'cumi', 'konsep', 'tuak nira']",Rp 15–50k,Lunch atau dinner,"https://www.google.com/maps/place/Warung+Nasi+Tekor+Bali/@-8.6323447,115.1905683,14z/data=!4m10!1m2!2m1!1sKuliner+autentik+Denpasar!3m6!1s0x2dd23f8bf5beb997:0x4ea8074808c2c62f!8m2!3d-8.6423189!4d115.2554131!15sChlLdWxpbmVyIGF1dGVudGlrIERlbnBhc2FyWhsiGWt1bGluZXIgYXV0ZW50aWsgZGVucGFzYXKSARNiYWxpbmVzZV9yZXN0YXVyYW50mgEkQ2hkRFNVaE5NRzluUzBWSlEwRm5TVU5vYWpoeVEyeEJSUkFC4AEA-gEECE4QSA!16s%2Fg%2F11c1wm074p?entry=ttu&g_ep=EgoyMDI2MDMxOC4xIKXMDSoASAFQAw%3D%3D",-8.6423189,115.2554131,https://www.tiktok.com/@stellazefanyaa/video/7530446126730710278,https://www.tiktok.com/@balitravelfolder/video/7574345226962177298,https://www.tiktok.com/@foodbali/video/7599101448504315143
57,Warung Pink Tempong,Denpasar,4.4,2374,Budget Friendly,"['harga', 'pedas', 'nasi tempong', 'panas', 'cumi', 'kasir']",Rp 15–50k,Lunch atau dinner,"https://www.google.com/maps/place/Warung+Pink+Tempong/@-8.6784151,115.1668846,14z/data=!4m10!1m2!2m1!1sKuliner+autentik+Denpasar!3m6!1s0x2dd240c45e8786df:0x872c66f7a8470ea!8m2!3d-8.6784151!4d115.2049934!15sChlLdWxpbmVyIGF1dGVudGlrIERlbnBhc2FyWhsiGWt1bGluZXIgYXV0ZW50aWsgZGVucGFzYXKSARVpbmRvbmVzaWFuX3Jlc3RhdXJhbnSaASNDaFpEU1VoTk1HOW5TMFZKUTBGblNVUktOalZRUkV4UkVBReABAPoBBAgAEDU!16s%2Fg%2F11bbrnnd4s?entry=ttu&g_ep=EgoyMDI2MDMxOC4xIKXMDSoASAFQAw%3D%3D",-8.6784151,115.2049934,https://www.tiktok.com/@stepontrip/video/7623600153185783060,https://www.tiktok.com/@most.trending.ind/video/7628213275833945352,https://www.tiktok.com/@anjasiswara_pidada/video/7579996032864505108
58,Warung Ole,Denpasar,4.4,1962,Family Friendly | Budget Friendly,"['harga', 'pork ribs', 'sate', 'playground', 'ultah', 'masakan indonesia']",Rp 15–50k,Lunch jam 11am–2pm,"https://www.google.com/maps/place/Warung+Ole/@-8.6784151,115.1668846,14z/data=!4m10!1m2!2m1!1sKuliner+autentik+Denpasar!3m6!1s0x2dd240b50e4b0c15:0xe6d5a83e5f82122f!8m2!3d-8.670206!4d115.1913775!15sChlLdWxpbmVyIGF1dGVudGlrIERlbnBhc2FyWhsiGWt1bGluZXIgYXV0ZW50aWsgZGVucGFzYXKSARFmYW1pbHlfcmVzdGF1cmFudJoBI0NoWkRTVWhOTUc5blMwVkpRMEZuU1VONE0weEhWMHBSRUFF4AEA-gEECE4QRA!16s%2Fg%2F1tczmsj_?entry=ttu&g_ep=EgoyMDI2MDMxOC4xIKXMDSoASAFQAw%3D%3D",-8.670206,115.1913775,https://www.tiktok.com/@warungolebali/video/7612582475906174229,https://www.tiktok.com/@warungolebali/video/7627050544862956808,https://www.tiktok.com/@warungolebali/video/7618851751617154325
59,Warung BK Bali,Denpasar,4.4,319,Vibrant Nightlife | Budget Friendly,"['harga', 'harga', 'sate', 'gulai', 'musik', 'bebek']",Rp 15–50k,Malam jam 7pm+,"https://www.google.com/maps/place/Warung+BK+Bali/@-8.6387593,115.19219,14z/data=!4m10!1m2!2m1!1sKuliner+autentik+Denpasar!3m6!1s0x2dd23f70a92e81b5:0x81b922ca6dfbd455!8m2!3d-8.6387593!4d115.2302988!15sChlLdWxpbmVyIGF1dGVudGlrIERlbnBhc2FyWhsiGWt1bGluZXIgYXV0ZW50aWsgZGVucGFzYXKSAQpyZXN0YXVyYW50mgEkQ2hkRFNVaE5NRzluUzBWSlEwRm5TVVJQT1daSVR6SjNSUkFC4AEA-gEFCNoBEDY!16s%2Fg%2F11cs3yxgzp?entry=ttu&g_ep=EgoyMDI2MDMxOC4xIKXMDSoASAFQAw%3D%3D",-8.6387593,115.2302988,https://www.tiktok.com/@warung_bk_bali/video/7615403090308533524,https://www.tiktok.com/@warung_bk_bali/video/7560279277313264952,https://www.tiktok.com/@warung_bk_bali/video/7600765110788853012
60,Warung Nasi Men Lotri,Denpasar,4.4,1577,Sunset & View | Budget Friendly,"['harga', 'pedas', 'antri', 'nasi campur', 'babi', 'tengah malam']",Rp 15–50k,Sunset jam 5–7pm,"https://www.google.com/maps/place/Warung+Nasi+Men+Lotri/@-8.6387593,115.19219,14z/data=!4m10!1m2!2m1!1sKuliner+autentik+Denpasar!3m6!1s0x2dd23f81712e895d:0x2fb6df7bb85d3daa!8m2!3d-8.6440904!4d115.2396789!15sChlLdWxpbmVyIGF1dGVudGlrIERlbnBhc2FyWhsiGWt1bGluZXIgYXV0ZW50aWsgZGVucGFzYXKSAQ9uYXNpX3Jlc3RhdXJhbnSaASRDaGREU1VoTk1HOW5TMFZKUTBGblNVUmlObk42ZUdsUlJSQULgAQD6AQQITxBB!16s%2Fg%2F11c3w0dngs?entry=ttu&g_ep=EgoyMDI2MDMxOC4xIKXMDSoASAFQAw%3D%3D",-8.6440904,115.2396789,https://www.tiktok.com/@balihints/video/7610319489040780564,https://www.tiktok.com/@balijourney_/video/7619504191970544903,https://www.tiktok.com/@indahmegapratiwi_/video/7606189493581925652
61,Authentic Thai Street food By Somtum.Bali,Denpasar,4.4,72,Budget Friendly,"['harga', 'bumbunya', 'selada pepaya mentah', 'salmon', 'isian', 'oyster']",Rp 15–50k,Lunch atau dinner,"https://www.google.com/maps/place/Authentic+Thai+Street+food+By+Somtum.Bali/@-8.6387593,115.19219,14z/data=!4m10!1m2!2m1!1sKuliner+autentik+Denpasar!3m6!1s0x2dd23f0010448d73:0xf080670468c2a191!8m2!3d-8.6424895!4d115.2505484!15sChlLdWxpbmVyIGF1dGVudGlrIERlbnBhc2FyWhsiGWt1bGluZXIgYXV0ZW50aWsgZGVucGFzYXKSARBhc2lhbl9yZXN0YXVyYW50mgFEQ2k5RFFVbFJRVU52WkVOb2RIbGpSamx2VDJ4YVMxWnNXbk5OU0dkM1UwWm9SbUZYV2tOU1NGcFlUakZPWVU1c1JSQULgAQD6AQQIABBG!16s%2Fg%2F11x0mw4_k8?entry=ttu&g_ep=EgoyMDI2MDMxOC4xIKXMDSoASAFQAw%3D%3D",-8.6424895,115.2505484,https://www.tiktok.com/@somtum.bali/video/7625841075101437205,https://www.tiktok.com/@somtum.bali/video/7616999541690158356,https://www.tiktok.com/@somtum.bali/video/7614766538197028117
62,Warung Yan Sadhu Blayag Karangasem (Pasar Kuliner Waribang Kesiman),Denpasar,4.4,43,Budget Friendly,"['harga', 'kuah', 'harga']",Rp 15–50k,Lunch atau dinner,"https://www.google.com/maps/place/Warung+Yan+Sadhu+Blayag+Karangasem+(Pasar+Kuliner+Waribang+Kesiman)/@-8.6387593,115.19219,14z/data=!4m10!1m2!2m1!1sKuliner+autentik+Denpasar!3m6!1s0x2dd2416a4c86fbad:0x4096655cb70a86c5!8m2!3d-8.6478399!4d115.2466239!15sChlLdWxpbmVyIGF1dGVudGlrIERlbnBhc2FyWhsiGWt1bGluZXIgYXV0ZW50aWsgZGVucGFzYXKSAQpyZXN0YXVyYW50mgFEQ2k5RFFVbFJRVU52WkVOb2RIbGpSamx2VDJ4T1RtUnNUWGhXVmsweVpVVnNNVk5VWkU1V1J6Rk5aRlJqTkZSdVl4QULgAQD6AQQIABBF!16s%2Fg%2F11yv_8pg28?entry=ttu&g_ep=EgoyMDI2MDMxOC4xIKXMDSoASAFQAw%3D%3D",-8.6478399,115.2466239,https://www.tiktok.com/@wayan_sadhu83/video/7594803714293091604,https://www.tiktok.com/@wayan_sadhu83/video/7596167530247408917,https://www.tiktok.com/@putusuartana305/video/7595205970167467285
63,Nasi Ayam Kedewatan Ibu Mangku,Denpasar,4.4,3219,Sunset & View | Family Friendly | Budget Friendly,"['harga', 'kolam ikan', 'ikan koi', 'tanaman', 'suara', 'nasi ayam kedewatan bu mangku']",Rp 15–50k,Sunset jam 5–7pm,"https://www.google.com/maps/place/Nasi+Ayam+Kedewatan+Ibu+Mangku/@-8.6780714,115.1998074,14z/data=!4m10!1m2!2m1!1sKuliner+autentik+Denpasar!3m6!1s0x2dd240550983163f:0xaa4900c7f38bfa1a!8m2!3d-8.6780714!4d115.2379162!15sChlLdWxpbmVyIGF1dGVudGlrIERlbnBhc2FyWhsiGWt1bGluZXIgYXV0ZW50aWsgZGVucGFzYXKSARNiYWxpbmVzZV9yZXN0YXVyYW50mgEjQ2haRFNVaE5NRzluUzBWSlEwRm5TVU5VTmkxVE5XUkJFQUXgAQD6AQQIABA2!16s%2Fg%2F1hc94djtv?entry=ttu&g_ep=EgoyMDI2MDMxOC4xIKXMDSoASAFQAw%3D%3D",-8.6780714,115.2379162,https://www.tiktok.com/@jalanbareng.adhe/video/7521713517670452487,https://www.tiktok.com/@olivviolin/video/7527662267119226168,https://www.tiktok.com/@faaawl/video/7571621469889776904
64,Ayam Betutu Ibu Nia Renon Denpasar,Denpasar,4.4,2119,Budget Friendly,"['harga', 'pedas', 'halal', 'bumbunya', 'empuk', 'ayam kampung']",Rp 15–50k,Lunch atau dinner,"https://www.google.com/maps/place/Ayam+Betutu+Ibu+Nia+Renon+Denpasar/@-8.6780714,115.1998074,14z/data=!4m10!1m2!2m1!1sKuliner+autentik+Denpasar!3m6!1s0x2dd2406067c2679b:0xb6d3a1919ffba7fd!8m2!3d-8.6673066!4d115.2388068!15sChlLdWxpbmVyIGF1dGVudGlrIERlbnBhc2FyWhsiGWt1bGluZXIgYXV0ZW50aWsgZGVucGFzYXKSAQpyZXN0YXVyYW50mgFEQ2k5RFFVbFJRVU52WkVOb2RIbGpSamx2VDI1U2FsZFlUVFZoTW14dVZqQnplVmRYTVV4UFJtaEtWMjA1YTFWSVl4QULgAQD6AQQIABBD!16s%2Fg%2F11c55vkyjk?entry=ttu&g_ep=EgoyMDI2MDMxOC4xIKXMDSoASAFQAw%3D%3D",-8.6673066,115.2388068,https://www.tiktok.com/@infoweekend/video/7597002703402831112,https://www.tiktok.com/@adisagustin/video/7612906605864062226,https://www.tiktok.com/@nenkningsie/video/7514167470744210693
65,Warung imeme sutoyo,Denpasar,4.4,1076,Family Friendly | Budget Friendly,"['harga', 'playground', 'rujak', 'tipat cantok', 'ruangan', 'santai']",Rp 15–50k,Lunch jam 11am–2pm,"https://www.google.com/maps/place/Warung+imeme+sutoyo/@-8.6780714,115.1998074,14z/data=!4m10!1m2!2m1!1sKuliner+autentik+Denpasar!3m6!1s0x2dd24099db51f501:0xc268ec099a161de3!8m2!3d-8.6594914!4d115.216382!15sChlLdWxpbmVyIGF1dGVudGlrIERlbnBhc2FyWhsiGWt1bGluZXIgYXV0ZW50aWsgZGVucGFzYXKSARNiYWxpbmVzZV9yZXN0YXVyYW50mgFEQ2k5RFFVbFJRVU52WkVOb2RIbGpSamx2VDI1c2NGVnFXa05WTWtsNFVtdFpkR0l6WjNwWFYxSnRWbTVLZVZSdFl4QULgAQD6AQQIABA8!16s%2Fg%2F11c2k5hsbd?entry=ttu&g_ep=EgoyMDI2MDMxOC4xIKXMDSoASAFQAw%3D%3D",-8.6594914,115.216382,https://www.tiktok.com/@gabriellanhalim/video/7631070823888981255,https://www.tiktok.com/@indahmegapratiwi_/video/7597293700275834133,https://www.tiktok.com/@balinextstop/video/7551728239639579911
66,Warung Southeast,Denpasar,4.4,93,Budget Friendly,"['harga', 'pad thai', 'harga', 'kaeng khiao wan', 'tomyum', 'mango sticky rice']",Rp 15–50k,Lunch atau dinner,"https://www.google.com/maps/place/Warung+Southeast/@-8.6780714,115.1998074,14z/data=!4m10!1m2!2m1!1sKuliner+autentik+Denpasar!3m6!1s0x2dd24154f77faa31:0xdf67a903192257e2!8m2!3d-8.6699948!4d115.2265282!15sChlLdWxpbmVyIGF1dGVudGlrIERlbnBhc2FyWhsiGWt1bGluZXIgYXV0ZW50aWsgZGVucGFzYXKSAQpyZXN0YXVyYW50mgFEQ2k5RFFVbFJRVU52WkVOb2RIbGpSamx2VDJ3NWJVMVhPVVZYUjNSNlpWWm9TVmx1Y0hKU00xazBXVE5yZW1Rd1JSQULgAQD6AQQILBBA!16s%2Fg%2F11ycz081vj?entry=ttu&g_ep=EgoyMDI2MDMxOC4xIKXMDSoASAFQAw%3D%3D",-8.6699948,115.2265282,https://www.tiktok.com/@ramarsharindra/video/7591662859361307924,https://www.tiktok.com/@bali.nongki/video/7558278869459979532,https://www.tiktok.com/@jalanbarengkosi/video/7619586128265399560
67,Marugame Udon Teuku Umar,Denpasar,4.4,4887,Budget Friendly,"['harga', 'strategis', 'free refill', 'lemon tea', 'gorengan', 'niku udon']",Rp 15–50k,Lunch atau dinner,"https://www.google.com/maps/place/Marugame+Udon+Teuku+Umar/@-8.6758084,115.1691732,14z/data=!4m10!1m2!2m1!1sKuliner+autentik+Denpasar!3m6!1s0x2dd240c3fe0976e5:0x24b9f83b742ef1aa!8m2!3d-8.6758084!4d115.207282!15sChlLdWxpbmVyIGF1dGVudGlrIERlbnBhc2FyWhsiGWt1bGluZXIgYXV0ZW50aWsgZGVucGFzYXKSARNqYXBhbmVzZV9yZXN0YXVyYW50mgFEQ2k5RFFVbFJRVU52WkVOb2RIbGpSamx2VDJ4b1ZVOUhjRlJQUkZKdlRqRktWMlZ1UWxsU00xSnVZVmhaTWxsWVl4QULgAQD6AQQIABA7!16s%2Fg%2F11c807b02v?entry=ttu&g_ep=EgoyMDI2MDMxOC4xIKXMDSoASAFQAw%3D%3D",-8.6758084,115.207282,https://www.tiktok.com/@finastory_/video/7546479577548492039,https://www.tiktok.com/@melalinya.ana/video/7611546973786623239,https://www.tiktok.com/@spotlaper/video/7577604592511274248
68,"Kuliner Bu Ayu Banyuwangi, Kedai, Resto, Fresh Prasmanan, 30 Lebih Macam Menu Nusantara",Denpasar,4.4,82,Budget Friendly,"['harga', 'harga', 'lauk', 'pilihan', 'hati', 'nasi kuning']",Rp 15–50k,Lunch atau dinner,"https://www.google.com/maps/place/Kuliner+Bu+Ayu+Banyuwangi,+Kedai,+Resto,+Fresh+Prasmanan,+30+Lebih+Macam+Menu+Nusantara/@-8.6758084,115.1691732,14z/data=!4m10!1m2!2m1!1sKuliner+autentik+Denpasar!3m6!1s0x2dd241300d72d581:0x20b9a730785e5eb3!8m2!3d-8.6846753!4d115.1917501!15sChlLdWxpbmVyIGF1dGVudGlrIERlbnBhc2FyWhsiGWt1bGluZXIgYXV0ZW50aWsgZGVucGFzYXKSARFicnVuY2hfcmVzdGF1cmFudJoBI0NoWkRTVWhOTUc5blMwVkpRMEZuU1VObWR6WXlaRkpCRUFF4AEA-gEECBYQPg!16s%2Fg%2F11p77smyxh?entry=ttu&g_ep=EgoyMDI2MDMxOC4xIKXMDSoASAFQAw%3D%3D",-8.6846753,115.1917501,https://www.tiktok.com/@ayibfirdaus/video/7543966563758591237,https://www.tiktok.com/@soniaasha_/video/7621926233714035975,https://www.tiktok.com/@segandrungkuliner/video/7576050290751737108
69,Kebuli Ijab Qabul Denpasar,Denpasar,4.4,669,Budget Friendly,"['harga', 'nasi kebuli', 'rempahnya', 'sambalnya', 'empuk', 'kebab']",Rp 15–50k,Lunch atau dinner,"https://www.google.com/maps/place/Kebuli+Ijab+Qabul+Denpasar/@-8.6758084,115.1691732,14z/data=!4m11!1m3!2m2!1sKuliner+autentik+Denpasar!6e5!3m6!1s0x2dd241f30ada5a57:0xdac6ef04df4614e6!8m2!3d-8.6749489!4d115.2284565!15sChlLdWxpbmVyIGF1dGVudGlrIERlbnBhc2FyWhsiGWt1bGluZXIgYXV0ZW50aWsgZGVucGFzYXKSAQpyZXN0YXVyYW50mgEjQ2haRFNVaE5NRzluUzBWSlEwRm5UVU52TFdGSFMwaG5FQUXgAQD6AQUI1gEQSA!16s%2Fg%2F11tdc3wrg8?entry=ttu&g_ep=EgoyMDI2MDMxOC4xIKXMDSoASAFQAw%3D%3D",-8.6749489,115.2284565,https://www.tiktok.com/@balipoint/video/7414031161585945862,https://www.tiktok.com/@ijabqabulbali/video/7485260743139495174,https://www.tiktok.com/@kulinerdenpasar/video/7346864253380365574
70,@Kulinerdenpasar,Denpasar,4.4,11,Budget Friendly,['harga'],Rp 15–50k,Lunch atau dinner,"https://www.google.com/maps/place/'@Kulinerdenpasar'/@-8.6416861,115.1964107,14z/data=!4m11!1m3!2m2!1sKuliner+autentik+Denpasar!6e5!3m6!1s0x2dd3df4d402edb53:0xcf5940fec77d8e7c!8m2!3d-8.6416861!4d115.2345195!15sChlLdWxpbmVyIGF1dGVudGlrIERlbnBhc2FyWhsiGWt1bGluZXIgYXV0ZW50aWsgZGVucGFzYXKSAQVkaW5lcuABAA!16s%2Fg%2F11gj3mf5mb?entry=ttu&g_ep=EgoyMDI2MDMxOC4xIKXMDSoASAFQAw%3D%3D",-8.6416861,115.2345195,,,
71,Nasi Tempong Condong Raos (Halal),Denpasar,4.4,1842,Budget Friendly,"['harga', 'sambalnya', 'pedas', 'lalapan', 'pelayanan', 'tempat parkir']",Rp 15–50k,Lunch atau dinner,"https://www.google.com/maps/place/Nasi+Tempong+Condong+Raos+(Halal)/@-8.660241,115.1679045,14z/data=!4m11!1m3!2m2!1sKuliner+autentik+Denpasar!6e5!3m6!1s0x2dd240a4a542bcb9:0xaf8cf7f61fef9e76!8m2!3d-8.660241!4d115.2060133!15sChlLdWxpbmVyIGF1dGVudGlrIERlbnBhc2FyWhsiGWt1bGluZXIgYXV0ZW50aWsgZGVucGFzYXKSAQVkaW5lcpoBJENoZERTVWhOTUc5blMwVk1SMVE0U21sU2JUZHhjM2RCUlJBQuABAPoBBAgAEEU!16s%2Fg%2F11b74l75gp?entry=ttu&g_ep=EgoyMDI2MDMxOC4xIKXMDSoASAFQAw%3D%3D",-8.660241,115.2060133,https://www.tiktok.com/@ekstra_kurikuliner/video/7583880410120162581,https://www.tiktok.com/@ugekunyik/video/7527582969960107270,https://www.tiktok.com/@atbslegendaris/video/7573215187826740487
72,Mandalawangi Oseng Daging,Denpasar,4.4,1680,Budget Friendly,"['harga', 'sambal', 'bumbu', 'kuah', 'bawang goreng', 'bebek goreng']",Rp 15–50k,Lunch atau dinner,"https://www.google.com/maps/place/Mandalawangi+Oseng+Daging/@-8.660241,115.1679045,14z/data=!4m11!1m3!2m2!1sKuliner+autentik+Denpasar!6e5!3m6!1s0x2dd240cd8acbf9fd:0xccd80676e912eeb7!8m2!3d-8.6812696!4d115.1948395!15sChlLdWxpbmVyIGF1dGVudGlrIERlbnBhc2FyWhsiGWt1bGluZXIgYXV0ZW50aWsgZGVucGFzYXKSAQpyZXN0YXVyYW50mgFEQ2k5RFFVbFJRVU52WkVOb2RIbGpSamx2VDJwc1ZFeFVVa3BNVm1SdFpETktiMDFIVVhwTmEwWTBVV3hPTkZWdVl4QULgAQD6AQQIRBBB!16s%2Fg%2F11b6dpq3n3?entry=ttu&g_ep=EgoyMDI2MDMxOC4xIKXMDSoASAFQAw%3D%3D",-8.6812696,115.1948395,https://www.tiktok.com/@luvdhika/video/7480362265863032119,https://www.tiktok.com/@ardhy.azhari29/video/7605250510827916551,https://www.tiktok.com/@mandalawangibali/video/7480820022282046728
73,KEDAI SULAWESI by Dapur Fifa,Denpasar,4.4,396,Vibrant Nightlife | Budget Friendly,"['harga', 'coto', 'es pisang ijo', 'jalangkote', 'burasa', 'kapurung']",Rp 15–50k,Malam jam 7pm+,"https://www.google.com/maps/place/KEDAI+SULAWESI+by+Dapur+Fifa/@-8.660241,115.1679045,14z/data=!4m11!1m3!2m2!1sKuliner+autentik+Denpasar!6e5!3m6!1s0x2dd241289b19a3ed:0xaa4a0ce6cb1197f7!8m2!3d-8.6810255!4d115.1924319!15sChlLdWxpbmVyIGF1dGVudGlrIERlbnBhc2FyWhsiGWt1bGluZXIgYXV0ZW50aWsgZGVucGFzYXKSAQpyZXN0YXVyYW50mgEjQ2haRFNVaE5NRzluUzBWSlEwRm5TVVJvYlZwdGMxcEJFQUXgAQD6AQQIABBI!16s%2Fg%2F11frjjf0sh?entry=ttu&g_ep=EgoyMDI2MDMxOC4xIKXMDSoASAFQAw%3D%3D",-8.6810255,115.1924319,https://www.tiktok.com/@kedaisulawesibydapurfifa/video/7530438618788138245,https://www.tiktok.com/@kedaisulawesibydapurfifa/video/7538620807602261254,https://www.tiktok.com/@kedaisulawesibydapurfifa/video/7476619647723375878
74,Warung Jawa Parasari,Denpasar,4.4,773,Budget Friendly,"['harga', 'pedas', 'sapi', 'rawon', 'balung', 'empuk']",Rp 15–50k,Lunch atau dinner,"https://www.google.com/maps/place/Warung+Jawa+Parasari/@-8.660241,115.1679045,14z/data=!4m11!1m3!2m2!1sKuliner+autentik+Denpasar!6e5!3m6!1s0x2dd23f4459bbd943:0xf0473c66101378a7!8m2!3d-8.6379886!4d115.2044788!15sChlLdWxpbmVyIGF1dGVudGlrIERlbnBhc2FyWhsiGWt1bGluZXIgYXV0ZW50aWsgZGVucGFzYXKSAQlzb3VwX3Nob3CaASRDaGREU1VoTk1HOW5TMFZKUTBGblNVTmthaTB0YTNsblJSQULgAQD6AQQIABA6!16s%2Fg%2F11c1nxkm5x?entry=ttu&g_ep=EgoyMDI2MDMxOC4xIKXMDSoASAFQAw%3D%3D",-8.6379886,115.2044788,https://www.tiktok.com/@rezaarim/video/7580322216663993607,https://www.tiktok.com/@balihints/video/7507878155890314552,https://www.tiktok.com/@afndb34/video/7608258012876147986
75,Warung Utama Sari,Denpasar,4.4,291,Budget Friendly,"['harga', 'harga', 'nasi goreng', 'babi', 'capcay', 'koloke']",Rp 15–50k,Lunch atau dinner,"https://www.google.com/maps/place/Warung+Utama+Sari/@-8.660241,115.1679045,14z/data=!4m11!1m3!2m2!1sKuliner+autentik+Denpasar!6e5!3m6!1s0x2dd240bc98370e8d:0xa0a226c931f4a795!8m2!3d-8.662099!4d115.207513!15sChlLdWxpbmVyIGF1dGVudGlrIERlbnBhc2FyWhsiGWt1bGluZXIgYXV0ZW50aWsgZGVucGFzYXKSAQVkaW5lcpoBJENoZERTVWhOTUc5blMwVkpRMEZuU1VSWUxXWlRhbXAzUlJBQuABAPoBBAgAEEQ!16s%2Fg%2F11fy4px3by?entry=ttu&g_ep=EgoyMDI2MDMxOC4xIKXMDSoASAFQAw%3D%3D",-8.662099,115.207513,https://www.tiktok.com/@nomnombali/video/7523504304850750738,https://www.tiktok.com/@balihints/video/7509060739487894790,https://www.tiktok.com/@nomnombali/video/7374729222708792582
76,Warung Rekreasi Bedugul,Tabanan,4.3,782,General Chill,[],Rp 50–150k,Lunch atau dinner,"https://www.google.com/maps/place/Warung+Rekreasi+Bedugul/@-8.2821539,114.8582454,11z/data=!4m13!1m2!2m1!1sTempat+makan+Bedugul!3m9!1s0x2dd1890d0e1bd993:0x87fd29f39541d16e!5m2!4m1!1i2!8m2!3d-8.2821539!4d115.163116!15sChRUZW1wYXQgbWFrYW4gQmVkdWd1bFoWIhR0ZW1wYXQgbWFrYW4gYmVkdWd1bJIBCnJlc3RhdXJhbnSaASNDaFpEU1VoTk1HOW5TMFZPZGs4dFQzRnZOVXBRT1VkQkVBReABAPoBBAgAEEQ!16s%2Fg%2F1hm39f_lx?entry=ttu&g_ep=EgoyMDI2MDMxOC4xIKXMDSoASAFQAw%3D%3D",-8.2821539,115.163116,https://www.tiktok.com/@balinextstop/video/7535075708251491591,https://www.tiktok.com/@___eunola/video/7617302561959283989,https://www.tiktok.com/@sarascahyanii/video/7635511974654184725
77,De Danau lake view restaurant,Tabanan,4.3,1319,Sunset & View,"['pemandangan', 'pura ulun danu beratan', 'nasi goreng', 'wisata', 'gurame', 'jus stroberi']",Rp 50–150k,Sunset jam 5–7pm,"https://www.google.com/maps/place/De+Danau+lake+view+restaurant/@-8.2821539,114.8582454,11z/data=!4m10!1m2!2m1!1sTempat+makan+Bedugul!3m6!1s0x2dd189135f5af871:0x821d808b6b38f368!8m2!3d-8.275258!4d115.1640337!15sChRUZW1wYXQgbWFrYW4gQmVkdWd1bFoWIhR0ZW1wYXQgbWFrYW4gYmVkdWd1bJIBCnJlc3RhdXJhbnSaASRDaGREU1VoTk1HOW5TMFZKUTBGblNVTXRjMGt6TVd0M1JSQULgAQD6AQQIABBC!16s%2Fg%2F11bx9py5pj?entry=ttu&g_ep=EgoyMDI2MDMxOC4xIKXMDSoASAFQAw%3D%3D",-8.275258,115.1640337,https://www.tiktok.com/@creativejr/video/7555882542809828628,https://www.tiktok.com/@kadekkeliling/video/7606586580249152788,https://www.tiktok.com/@putuastra98/video/7547566571636477189
78,Rumah Makan Saras,Tabanan,4.3,3620,Sunset & View,"['pemandangan', 'masakannya', 'wisata', 'bus', 'pegunungan', 'pura ulun danu beratan bedugul']",Rp 50–150k,Sunset jam 5–7pm,"https://www.google.com/maps/place/Rumah+Makan+Saras/@-8.2821539,114.8582454,11z/data=!4m10!1m2!2m1!1sTempat+makan+Bedugul!3m6!1s0x2dd1899e2f15c38b:0x48d4d2d384575f9b!8m2!3d-8.2912535!4d115.1698383!15sChRUZW1wYXQgbWFrYW4gQmVkdWd1bFoWIhR0ZW1wYXQgbWFrYW4gYmVkdWd1bJIBCnJlc3RhdXJhbnSaASNDaFpEU1VoTk1HOW5TMFZKUTBGblNVUXlNM1UyZDJWUkVBReABAPoBBAgAEEM!16s%2Fg%2F1hm3rz530?entry=ttu&g_ep=EgoyMDI2MDMxOC4xIKXMDSoASAFQAw%3D%3D",-8.2912535,115.1698383,https://www.tiktok.com/@ikacarimakan/video/7591300708683566357,https://www.tiktok.com/@masjaya_tour/video/7478127761970695430,https://www.tiktok.com/@ferraritourskediri/video/7549488229993565445
79,Bli Wayan Cafe & Kitchen,Tabanan,4.3,1311,Sunset & View,"['lalat', 'pesan', 'pemandangan', 'sate', 'nasi goreng', 'mujair']",Rp 50–150k,Sunset jam 5–7pm,"https://www.google.com/maps/place/Bli+Wayan+Cafe+%26+Kitchen/@-8.2821539,114.8582454,11z/data=!4m10!1m2!2m1!1sTempat+makan+Bedugul!3m6!1s0x2dd189b8870c6149:0x5df0c93ff0d86b75!8m2!3d-8.290896!4d115.1693822!15sChRUZW1wYXQgbWFrYW4gQmVkdWd1bFoWIhR0ZW1wYXQgbWFrYW4gYmVkdWd1bJIBCnJlc3RhdXJhbnSaASNDaFpEU1VoTk1HOW5TMFZKUTBGblRVTjNhalZVYUU1M0VBReABAPoBBAgAEEE!16s%2Fg%2F11pghdg5_g?entry=ttu&g_ep=EgoyMDI2MDMxOC4xIKXMDSoASAFQAw%3D%3D",-8.290896,115.1693822,https://www.tiktok.com/@konekebali/video/7510840780991237382,https://www.tiktok.com/@bliwayancafeandkitchen/video/7499736968125746437,https://www.tiktok.com/@bliwayancafeandkitchen/video/7606930036620283156
80,Rumah Gemuk Bali,Tabanan,4.3,1496,Sunset & View,"['piknik', 'danau', 'pemandangan', 'taman', 'rumah kaca', 'wedding']",Rp 50–150k,Sunset jam 5–7pm,"https://www.google.com/maps/place/Rumah+Gemuk+Bali/@-8.2821539,114.8582454,11z/data=!4m10!1m2!2m1!1sTempat+makan+Bedugul!3m6!1s0x2dd189d71e2356df:0x2b4738448285b9c2!8m2!3d-8.2668967!4d115.1606519!15sChRUZW1wYXQgbWFrYW4gQmVkdWd1bFoWIhR0ZW1wYXQgbWFrYW4gYmVkdWd1bJIBCnJlc3RhdXJhbnSaASNDaFpEU1VoTk1HOW5TMFZKUTBGblNVTjFiazFUZDBGUkVBReABAPoBBAgAEC4!16s%2Fg%2F11h9gwc2ln?entry=ttu&g_ep=EgoyMDI2MDMxOC4xIKXMDSoASAFQAw%3D%3D",-8.2668967,115.1606519,https://www.tiktok.com/@kimmconn/video/7522375720757103879,https://www.tiktok.com/@blinkjourney/video/7588365705754627346,https://www.tiktok.com/@dianyosivlarish/video/7514268303121042706
81,Strawberry Stop,Tabanan,4.3,674,General Chill,"['taman', 'kelinci', 'milkshake', 'jus stroberi', 'pancake stroberi', 'cafe']",Rp 50–150k,Lunch atau dinner,"https://www.google.com/maps/place/Strawberry+Stop/@-8.2821539,114.8582454,11z/data=!4m10!1m2!2m1!1sTempat+makan+Bedugul!3m6!1s0x2dd1893fc3800f07:0xbbd3b65123534b5a!8m2!3d-8.2718381!4d115.163124!15sChRUZW1wYXQgbWFrYW4gQmVkdWd1bFoWIhR0ZW1wYXQgbWFrYW4gYmVkdWd1bJIBCnJlc3RhdXJhbnSaASNDaFpEU1VoTk1HOW5TMFZKUTBGblNVUlNNRjgzTkZabkVBReABAPoBBAgAEEU!16s%2Fg%2F11b6_xnjkm?entry=ttu&g_ep=EgoyMDI2MDMxOC4xIKXMDSoASAFQAw%3D%3D",-8.2718381,115.163124,https://www.tiktok.com/@kulinerjani/video/7527574309057875207,https://www.tiktok.com/@offbeat_glove/video/7559406568278707478,https://www.tiktok.com/@anayruskkk/video/7527885984625626373
82,Rumah Makan Taman Sari,Tabanan,4.3,2685,Sunset & View,"['pemandangan', 'bus', 'prasmanan', 'pegunungan', 'wisata', 'bukit']",Rp 50–150k,Sunset jam 5–7pm,"https://www.google.com/maps/place/Rumah+Makan+Taman+Sari/@-8.2821539,114.8582454,11z/data=!4m10!1m2!2m1!1sTempat+makan+Bedugul!3m6!1s0x2dd1899e9db0e7d3:0x58158bbf7a5269e3!8m2!3d-8.2932526!4d115.1708545!15sChRUZW1wYXQgbWFrYW4gQmVkdWd1bFoWIhR0ZW1wYXQgbWFrYW4gYmVkdWd1bJIBBWRpbmVymgEjQ2haRFNVaE5NRzluUzBWSlEwRm5TVVF5TTA1eU5scFJFQUXgAQD6AQQIABBC!16s%2Fg%2F1hm560gts?entry=ttu&g_ep=EgoyMDI2MDMxOC4xIKXMDSoASAFQAw%3D%3D",-8.2932526,115.1708545,https://www.tiktok.com/@lifeatcalma/video/7586641958324473109,https://www.tiktok.com/@inidiakakakbudi/video/7567247238259281172,https://www.tiktok.com/@gunturiwayan/video/7527622938091097352
83,Mina Baturiti Hotel and Resto,Tabanan,4.3,646,Sunset & View,"['gurami', 'pemandangannya', 'gunung', 'sawah', 'plecing kangkung', 'es teler']",Rp 50–150k,Sunset jam 5–7pm,"https://www.google.com/maps/place/Mina+Baturiti+Hotel+and+Resto/@-8.2821539,114.8582454,11z/data=!4m13!1m2!2m1!1sTempat+makan+Bedugul!3m9!1s0x2dd2279686d4fdfd:0xf153deb860a2db30!5m2!4m1!1i2!8m2!3d-8.3512699!4d115.188816!15sChRUZW1wYXQgbWFrYW4gQmVkdWd1bFoWIhR0ZW1wYXQgbWFrYW4gYmVkdWd1bJIBCnJlc3RhdXJhbnSaASNDaFpEU1VoTk1HOW5TMFZKUTBGblNVUTNNVzl5TmtsM0VBReABAPoBBAgAEEk!16s%2Fg%2F11h5np3clj?entry=ttu&g_ep=EgoyMDI2MDMxOC4xIKXMDSoASAFQAw%3D%3D",-8.3512699,115.188816,https://www.tiktok.com/@yasaldoganteng/video/7605514544374500629,https://www.tiktok.com/@gracee9669/video/7624197142747417876,https://www.tiktok.com/@gracee9669/video/7623800803731590420
84,Hot Sugar Cafe at Bedugul Hills,Tabanan,4.3,552,Sunset & View,"['danau', 'lalat', 'pemandangan', 'dingin', 'hujan', 'pesan']",Rp 50–150k,Sunset jam 5–7pm,"https://www.google.com/maps/place/Hot+Sugar+Cafe+at+Bedugul+Hills/@-8.2821539,114.8582454,11z/data=!4m10!1m2!2m1!1sTempat+makan+Bedugul!3m6!1s0x2dd189bbbeddc9f1:0x378473390715771c!8m2!3d-8.2743728!4d115.1626237!15sChRUZW1wYXQgbWFrYW4gQmVkdWd1bFoWIhR0ZW1wYXQgbWFrYW4gYmVkdWd1bJIBC2NvZmZlZV9zaG9wmgEkQ2hkRFNVaE5NRzluUzBWSlEwRm5UVVJuY2twcWNuTkJSUkFC4AEA-gEECAAQRg!16s%2Fg%2F11rvgcsw31?entry=ttu&g_ep=EgoyMDI2MDMxOC4xIKXMDSoASAFQAw%3D%3D",-8.2743728,115.1626237,https://www.tiktok.com/@ratich.palgunadi/video/7462953132012719378,https://www.tiktok.com/@dewi..raditya/video/7525260750521158917,https://www.tiktok.com/@gaungtapawisyah/video/7630681891103919381
85,Bali Strawberry Panoramic Terrace,Tabanan,4.3,978,Sunset & View,"['pemandangan', 'milkshake', 'pizza stroberi', 'gunung', 'cafe', 'jus stroberi']",Rp 50–150k,Sunset jam 5–7pm,"https://www.google.com/maps/place/Bali+Strawberry+Panoramic+Terrace/@-8.2821539,114.8582454,11z/data=!4m10!1m2!2m1!1sTempat+makan+Bedugul!3m6!1s0x2dd189f6cd131a05:0xbaefcac8d3e20b1d!8m2!3d-8.2963394!4d115.1755172!15sChRUZW1wYXQgbWFrYW4gQmVkdWd1bFoWIhR0ZW1wYXQgbWFrYW4gYmVkdWd1bJIBCnJlc3RhdXJhbnSaASNDaFpEU1VoTk1HOW5TMFZKUTBGblNVTlBhVFUyU2xsQkVBReABAPoBBAgAEEA!16s%2Fg%2F11gfbb6dl2?entry=ttu&g_ep=EgoyMDI2MDMxOC4xIKXMDSoASAFQAw%3D%3D",-8.2963394,115.1755172,https://www.tiktok.com/@vivi.andis/video/7583560945658514696,https://www.tiktok.com/@balistrawberry.fa/video/7548329458223041798,https://www.tiktok.com/@balistrawberry.fa/video/7569419246569082133
86,Stuja Di Danau,Tabanan,4.3,1921,Sunset & View,"['pemandangan', 'hujan', 'estetik', 'lake', 'matcha', 'the view']",Rp 50–150k,Sunset jam 5–7pm,"https://www.google.com/maps/place/Stuja+Di+Danau/@-8.2821539,114.8582454,11z/data=!4m10!1m2!2m1!1sTempat+makan+Bedugul!3m6!1s0x2dd189c109ad89b9:0x8b04233f77549793!8m2!3d-8.2659374!4d115.1644872!15sChRUZW1wYXQgbWFrYW4gQmVkdWd1bFoWIhR0ZW1wYXQgbWFrYW4gYmVkdWd1bJIBCnJlc3RhdXJhbnSaAURDaTlEUVVsUlFVTnZaRU5vZEhsalJqbHZUMnhDZWxwR1drZE9NMncwVTJwb2VVMHdXbEphUjFwMVUwVlpkMlZGUlJBQuABAPoBBAgAEEE!16s%2Fg%2F11xg_zg023?entry=ttu&g_ep=EgoyMDI2MDMxOC4xIKXMDSoASAFQAw%3D%3D",-8.2659374,115.1644872,https://www.tiktok.com/@justforrefresh/video/7583176635818560775,https://www.tiktok.com/@ladymeraliaa/video/7532036783513636101,https://www.tiktok.com/@balitravelfolder/video/7532783059112905992
87,Eat Drink Love Cafe Bedugul,Tabanan,4.3,66,General Chill,"['pasar', 'seni', 'café']",Rp 50–150k,Lunch atau dinner,"https://www.google.com/maps/place/Eat+Drink+Love+Cafe+Bedugul/@-8.2821539,114.8582454,11z/data=!4m10!1m2!2m1!1sTempat+makan+Bedugul!3m6!1s0x2dd1890c52931721:0xb282aac11738f056!8m2!3d-8.2830011!4d115.1614544!15sChRUZW1wYXQgbWFrYW4gQmVkdWd1bFoWIhR0ZW1wYXQgbWFrYW4gYmVkdWd1bJIBCnJlc3RhdXJhbnTgAQA!16s%2Fg%2F11bwgwgtys?entry=ttu&g_ep=EgoyMDI2MDMxOC4xIKXMDSoASAFQAw%3D%3D",-8.2830011,115.1614544,https://www.tiktok.com/@chicnfab/video/7587467778416725255,https://www.tiktok.com/@bali.nongki/video/7554599930073976076,https://www.tiktok.com/@eattraveldesi/video/7578335941434035464
88,Warung Danau Batur Mujair Nyatnyat Tabanan,Tabanan,4.3,1223,Budget Friendly,"['harga', 'urutkan menurut', 'bumbu', 'kolam ikan', 'sambel', 'ayam bakar']",Rp 15–50k,Lunch atau dinner,"https://www.google.com/maps/place/Warung+Danau+Batur+Mujair+Nyatnyat+Tabanan/@-8.535635,114.8287582,11z/data=!4m10!1m2!2m1!1sTempat+makan+Bedugul!3m6!1s0x2dd23a566b067ec9:0x8f783ef2b6b9e410!8m2!3d-8.535635!4d115.1336288!15sChRUZW1wYXQgbWFrYW4gQmVkdWd1bFoWIhR0ZW1wYXQgbWFrYW4gYmVkdWd1bJIBCnJlc3RhdXJhbnSaAURDaTlEUVVsUlFVTnZaRU5vZEhsalJqbHZUMnRHVEZac2FFcFBTSEJQVm10YWJtSkVaRWhWUkVaR1dXeFdUMk5WUlJBQuABAPoBBAgAEDg!16s%2Fg%2F11f3xzmscr?entry=ttu&g_ep=EgoyMDI2MDMxOC4xIKXMDSoASAFQAw%3D%3D",-8.535635,115.1336288,https://www.tiktok.com/@geraiagraha/video/7596237589120552210,https://www.tiktok.com/@anjarnauladi/video/7634373590472805653,https://www.tiktok.com/@wdb_tabanan/video/7631902553193696533
89,Warung Gemitir,Tabanan,4.3,364,Sunset & View | Vibrant Nightlife | Budget Friendly,"['harga', 'urutkan menurut', 'harga', 'pemandangan', 'music', 'taman']",Rp 15–50k,Sunset jam 5–7pm,"https://www.google.com/maps/place/Warung+Gemitir/@-8.535635,114.8287582,11z/data=!4m10!1m2!2m1!1sTempat+makan+Bedugul!3m6!1s0x2dd22752c6f16bbb:0x28fd0c0647d8e4fd!8m2!3d-8.3374618!4d115.1877059!15sChRUZW1wYXQgbWFrYW4gQmVkdWd1bFoWIhR0ZW1wYXQgbWFrYW4gYmVkdWd1bJIBFm5hc2lfZ29yZW5nX3Jlc3RhdXJhbnSaASNDaFpEU1VoTk1HOW5TMFZKUTBGblNVUmFPSEJUTlVGUkVBReABAPoBBAhZECQ!16s%2Fg%2F11b6nkcz96?entry=ttu&g_ep=EgoyMDI2MDMxOC4xIKXMDSoASAFQAw%3D%3D",-8.3374618,115.1877059,,,
90,Secret Garden Village,Tabanan,4.3,5498,Sunset & View | Work from Cafe | Budget Friendly,"['harga', 'urutkan menurut', 'sabun', 'sawah', 'kosmetik', 'wisata edukasi']",Rp 15–50k,Sunset jam 5–7pm,"https://www.google.com/maps/place/Secret+Garden+Village/@-8.535635,114.8287582,11z/data=!4m13!1m2!2m1!1sTempat+makan+Bedugul!3m9!1s0x2dd2212ba32a0087:0xabd3c3b7c8f647ef!5m2!4m1!1i2!8m2!3d-8.3726305!4d115.1933824!15sChRUZW1wYXQgbWFrYW4gQmVkdWd1bFoWIhR0ZW1wYXQgbWFrYW4gYmVkdWd1bJIBEnRvdXJpc3RfYXR0cmFjdGlvbpoBI0NoWkRTVWhOTUc5blMwVkpRMEZuU1VSME5GQlRlR1pCRUFF4AEA-gEECAAQOQ!16s%2Fg%2F11cjhzdxpb?entry=ttu&g_ep=EgoyMDI2MDMxOC4xIKXMDSoASAFQAw%3D%3D",-8.3726305,115.1933824,https://www.tiktok.com/@balitravelfolder/video/7527914742707457298,https://www.tiktok.com/@lulueonly/video/7600785212519370005,https://www.tiktok.com/@azysinuhaji2/video/7547670315665771832
91,Wr. Bubble,Tabanan,4.3,489,Family Friendly | Budget Friendly,"['harga', 'urutkan menurut', 'service', 'pizza', 'konsepnya', 'anak']",Rp 15–50k,Lunch jam 11am–2pm,"https://www.google.com/maps/place/Wr.+Bubble/@-8.535635,114.8287582,11z/data=!4m10!1m2!2m1!1sTempat+makan+Bedugul!3m6!1s0x2dd2217cf062c923:0xa251166d42b60914!8m2!3d-8.3906704!4d115.1952837!15sChRUZW1wYXQgbWFrYW4gQmVkdWd1bFoWIhR0ZW1wYXQgbWFrYW4gYmVkdWd1bJIBCnJlc3RhdXJhbnSaASRDaGREU1VoTk1HOW5TMFZKUTBGblNVTXhORzk1ZVRoQlJSQULgAQD6AQQIABA6!16s%2Fg%2F11n0wskwfk?entry=ttu&g_ep=EgoyMDI2MDMxOC4xIKXMDSoASAFQAw%3D%3D",-8.3906704,115.1952837,https://www.tiktok.com/@bliwayan_official/video/7226588679676955931,https://www.tiktok.com/@bliwayan_official/video/7003319252463799553,https://www.tiktok.com/@bliwayan_official/video/7433760554671492358
92,Taliwang As Siddiq Restaurant Bedugul,Tabanan,4.3,262,General Chill,"['ayam taliwang', 'ayam bakar', 'sambal', 'bumbu', 'lalat', 'wisata']",Rp 50–150k,Lunch atau dinner,"https://www.google.com/maps/place/Taliwang+As+Siddiq+Restaurant+Bedugul/@-8.2755815,114.8591685,11z/data=!4m10!1m2!2m1!1sTempat+makan+Bedugul!3m6!1s0x2dd189135cf5d127:0x1c0800585974132a!8m2!3d-8.2755815!4d115.1640391!15sChRUZW1wYXQgbWFrYW4gQmVkdWd1bFoWIhR0ZW1wYXQgbWFrYW4gYmVkdWd1bJIBEGhhbGFsX3Jlc3RhdXJhbnSaASRDaGREU1VoTk1HOW5TMFZKUTBGblNVTnFiVXBwUkY5QlJSQULgAQD6AQQIABBB!16s%2Fg%2F1hm553h2z?entry=ttu&g_ep=EgoyMDI2MDMxOC4xIKXMDSoASAFQAw%3D%3D",-8.2755815,115.1640391,https://www.tiktok.com/@edelweiss2285/video/7604356155858504981,https://www.tiktok.com/@pelayansopir/video/7484490388967935237,https://www.tiktok.com/@aguswijaya773/video/7363675553326468358
93,Mentari Restoran ᬫᭂᬦ᭄ᬢᬭᬶᬭᬾᬲ᭄ᬢᭀᬭᬦ᭄,Tabanan,4.3,1973,General Chill,"['danau', 'all you can eat', 'pisang goreng', 'kuil', 'tour guide', 'sate lilit']",Rp 50–150k,Lunch atau dinner,"https://www.google.com/maps/place/Mentari+Restoran+%E1%AC%AB%E1%AD%82%E1%AC%A6%E1%AD%84%E1%AC%A2%E1%AC%AD%E1%AC%B6%E1%AC%AD%E1%AC%BE%E1%AC%B2%E1%AD%84%E1%AC%A2%E1%AD%80%E1%AC%AD%E1%AC%A6%E1%AD%84/@-8.2755815,114.8591685,11z/data=!4m10!1m2!2m1!1sTempat+makan+Bedugul!3m6!1s0x2dd18912cc2a8d8b:0xf05a3af74191a0a7!8m2!3d-8.2786349!4d115.165307!15sChRUZW1wYXQgbWFrYW4gQmVkdWd1bFoWIhR0ZW1wYXQgbWFrYW4gYmVkdWd1bJIBEWJ1ZmZldF9yZXN0YXVyYW50mgEjQ2haRFNVaE5NRzluUzBWSlEwRm5TVU5pTW5NMldreEJFQUXgAQD6AQQIPBA5!16s%2Fg%2F1hm38kmd8?entry=ttu&g_ep=EgoyMDI2MDMxOC4xIKXMDSoASAFQAw%3D%3D",-8.2786349,115.165307,https://www.tiktok.com/@roy.waraney/video/7628226773762772245,https://www.tiktok.com/@meakitchenvlog/video/7346570210280738056,
94,Cafe Tahu,Tabanan,4.3,1223,General Chill,"['tempat bermain', 'tahu gejrot', 'ayam betutu', 'manisan', 'kolam ikan', 'mahatahu']",Rp 50–150k,Lunch atau dinner,"https://www.google.com/maps/place/Cafe+Tahu/@-8.2755815,114.8591685,11z/data=!4m10!1m2!2m1!1sTempat+makan+Bedugul!3m6!1s0x2dd220d4660ced4b:0x5794916982d20da!8m2!3d-8.3651791!4d115.1917814!15sChRUZW1wYXQgbWFrYW4gQmVkdWd1bFoWIhR0ZW1wYXQgbWFrYW4gYmVkdWd1bJIBCnJlc3RhdXJhbnSaAURDaTlEUVVsUlFVTnZaRU5vZEhsalJqbHZUMnRKZVZRd1VrNWlSMFl6V21wc05FMUZXakJpU0dNeFVUSjBSRlJXUlJBQuABAPoBBAgAED0!16s%2Fg%2F1hm5gwpbq?entry=ttu&g_ep=EgoyMDI2MDMxOC4xIKXMDSoASAFQAw%3D%3D",-8.3651791,115.1917814,https://www.tiktok.com/@keliling.mangan/video/7557668042071739704,https://www.tiktok.com/@whathappentous/video/7625641964498652434,https://www.tiktok.com/@aldeapramesti/video/7612855750616042773
95,Warung Makan Alami,Tabanan,4.3,401,Sunset & View,"['sarapan', 'pemandangan', 'nasi campur', 'perjalanan', 'ayam betutu', 'kuahnya']",Rp 50–150k,Sunset jam 5–7pm,"https://www.google.com/maps/place/Warung+Makan+Alami/@-8.2755815,114.8591685,11z/data=!4m11!1m3!2m2!1sTempat+makan+Bedugul!6e5!3m6!1s0x2dd220ccb0c4cd41:0xeeffb3f6c7d68aac!8m2!3d-8.3549436!4d115.1895656!15sChRUZW1wYXQgbWFrYW4gQmVkdWd1bFoWIhR0ZW1wYXQgbWFrYW4gYmVkdWd1bJIBE2JhbGluZXNlX3Jlc3RhdXJhbnSaAURDaTlEUVVsUlFVTnZaRU5vZEhsalJqbHZUMjVXYkZScVJrZFVhM0JTVVZVNVpsUnFRbGRoTTBKRFZGZFNXRll5WXhBQuABAPoBBAgAEEg!16s%2Fg%2F11bzs36kyd?entry=ttu&g_ep=EgoyMDI2MDMxOC4xIKXMDSoASAFQAw%3D%3D",-8.3549436,115.1895656,https://www.tiktok.com/@mymiracle_89/video/7618984592091204885,https://www.tiktok.com/@vanissakaris/video/7519810762823437586,https://www.tiktok.com/@deprianthony/video/7573885488889679125
96,WARUNG NURISMU AL HIDAYAH,Tabanan,4.3,151,General Chill,"['danau', 'lantai', 'masjid', 'kuah', 'pelayanan', 'mujair']",Rp 50–150k,Lunch atau dinner,"https://www.google.com/maps/place/WARUNG+NURISMU+AL+HIDAYAH/@-8.2755815,114.8591685,11z/data=!4m11!1m3!2m2!1sTempat+makan+Bedugul!6e5!3m6!1s0x2dd189815255bf3d:0x35524c25bcbdc6e!8m2!3d-8.2770585!4d115.1649421!15sChRUZW1wYXQgbWFrYW4gQmVkdWd1bFoWIhR0ZW1wYXQgbWFrYW4gYmVkdWd1bJIBCnJlc3RhdXJhbnSaASRDaGREU1VoTk1HOW5TMFZKUTBGblNVTkthRzlmVVRsblJSQULgAQD6AQQIdxA7!16s%2Fg%2F11n0k5mgr2?entry=ttu&g_ep=EgoyMDI2MDMxOC4xIKXMDSoASAFQAw%3D%3D",-8.2770585,115.1649421,https://www.tiktok.com/@zherkiz/video/7610064167608782100,https://www.tiktok.com/@sherabaliana/video/7417848245344357637,
97,Kabinku Bali,Tabanan,4.3,306,Sunset & View,"['danau', 'bbq', 'dingin', 'cottage', 'glamping', 'staycation']",Rp 50–150k,Sunset jam 5–7pm,"https://www.google.com/maps/place/Kabinku+Bali/@-8.2755815,114.8591685,11z/data=!4m14!1m3!2m2!1sTempat+makan+Bedugul!6e5!3m9!1s0x2dd1892657856231:0x8e2d45b6646c10fb!5m2!4m1!1i2!8m2!3d-8.2610967!4d115.1714458!15sChRUZW1wYXQgbWFrYW4gQmVkdWd1bFoWIhR0ZW1wYXQgbWFrYW4gYmVkdWd1bJIBBWhvdGVsmgEkQ2hkRFNVaE5NRzluUzBWSlEwRm5TVU40TFhCWFRXaEJSUkFC4AEA-gEECAAQLg!16s%2Fg%2F11scwnqtc2?entry=ttu&g_ep=EgoyMDI2MDMxOC4xIKXMDSoASAFQAw%3D%3D",-8.2610967,115.1714458,https://www.tiktok.com/@yennnniiii/video/7634850935029665031,https://www.tiktok.com/@kabinkubali/video/7388169006361939217,https://www.tiktok.com/@staycationhappy/video/7602246786299858196
98,"Sate Kambing Sultan, Resto & Cafe",Tabanan,4.3,291,General Chill,"['kambingnya', 'nasi goreng', 'burger', 'kari domba', 'gulai', 'kaki domba']",Rp 50–150k,Lunch atau dinner,"https://www.google.com/maps/place/Sate+Kambing+Sultan,+Resto+%26+Cafe/@-8.2755815,114.8591685,11z/data=!4m11!1m3!2m2!1sTempat+makan+Bedugul!6e5!3m6!1s0x2dd189253593e8e7:0xb154d21b7f09d037!8m2!3d-8.2630749!4d115.1648957!15sChRUZW1wYXQgbWFrYW4gQmVkdWd1bFoWIhR0ZW1wYXQgbWFrYW4gYmVkdWd1bJIBCnJlc3RhdXJhbnSaAURDaTlEUVVsUlFVTnZaRU5vZEhsalJqbHZUMnRzUjFSdFpEVk5NV3h0V1RKYVZtUnRkSGhqTVZwWFlrWktlV1JzUlJBQuABAPoBBAhdEEA!16s%2Fg%2F11rqh6lvr_?entry=ttu&g_ep=EgoyMDI2MDMxOC4xIKXMDSoASAFQAw%3D%3D",-8.2630749,115.1648957,https://www.tiktok.com/@yansu_42/video/7478563328403541254,https://www.tiktok.com/@momepaa/video/7582399932473036052,https://www.tiktok.com/@mycakdoell/video/7587425135422917909
99,Dusun Bedugul Asri,Tabanan,4.3,1199,Sunset & View | Family Friendly,"['pemandangan', 'air mancur', 'kids friendly', 'healing', 'tanaman', 'staycation']",Rp 50–150k,Sunset jam 5–7pm,"https://www.google.com/maps/place/Dusun+Bedugul+Asri/@-8.2755815,114.8591685,11z/data=!4m14!1m3!2m2!1sTempat+makan+Bedugul!6e5!3m9!1s0x2dd1892cee89e455:0xb22100c5b7ee9dc1!5m2!4m1!1i2!8m2!3d-8.2617683!4d115.1637274!15sChRUZW1wYXQgbWFrYW4gQmVkdWd1bFoWIhR0ZW1wYXQgbWFrYW4gYmVkdWd1bJIBBWhvdGVsmgFEQ2k5RFFVbFJRVU52WkVOb2RIbGpSamx2VDJ4S1psa3lkelZPTTBaUVYwWmtObFZFU2sxV1ZYQnlaRlpHZG1KV1JSQULgAQD6AQQIXhBD!16s%2Fg%2F11qsjmp9qz?entry=ttu&g_ep=EgoyMDI2MDMxOC4xIKXMDSoASAFQAw%3D%3D",-8.2617683,115.1637274,https://www.tiktok.com/@nopaaryawan/video/7611791901729017108,https://www.tiktok.com/@doyan.jalans/video/7601174050555104530,https://www.tiktok.com/@atik_walidaika/video/7460422115527855366
100,Nasi Tempong Indra Bedugul,Tabanan,4.3,1853,General Chill,"['pedas', 'lalat', 'dingin', 'lalapan', 'ikan asin', 'lele']",Rp 50–150k,Lunch atau dinner,"https://www.google.com/maps/place/Nasi+Tempong+Indra+Bedugul/@-8.2755815,114.8591685,11z/data=!4m11!1m3!2m2!1sTempat+makan+Bedugul!6e5!3m6!1s0x2dd189e5b4913795:0x7e14e4048c7b158!8m2!3d-8.2892399!4d115.1682856!15sChRUZW1wYXQgbWFrYW4gQmVkdWd1bFoWIhR0ZW1wYXQgbWFrYW4gYmVkdWd1bJIBBWRpbmVymgEkQ2hkRFNVaE5NRzluUzBWSlEwRm5TVVJTZFdWcFUzbFJSUkFC4AEA-gEECAAQPg!16s%2Fg%2F11h194zsx2?entry=ttu&g_ep=EgoyMDI2MDMxOC4xIKXMDSoASAFQAw%3D%3D",-8.2892399,115.1682856,https://www.tiktok.com/@kulinercicibali/video/7599564126104472852,https://www.tiktok.com/@dinasuraya/video/7591404030304488724,https://www.tiktok.com/@koh_aciu/video/7530096471949987090
101,Warung Ayu Lovina Beach,Buleleng,4.5,978,General Chill,"['nasi goreng', 'spring roll', 'nasi campur', 'masakan indonesia', 'sate', 'mi goreng']",Rp 80–200k,Lunch atau dinner,"https://www.google.com/maps/place/Warung+Ayu+Lovina+Beach/@-8.160161,115.0098355,15z/data=!4m10!1m2!2m1!1sRestoran+Lovina+Singaraja!3m6!1s0x2dd19b3e314b7849:0x77c73c98f10a9e55!8m2!3d-8.160161!4d115.0288899!15sChlSZXN0b3JhbiBMb3ZpbmEgU2luZ2FyYWphWhsiGXJlc3RvcmFuIGxvdmluYSBzaW5nYXJhamGSARJzZWFmb29kX3Jlc3RhdXJhbnSaASNDaFpEU1VoTk1HOW5TMFZKUTBGblNVUnRjVkF5Y1dSUkVBReABAPoBBAhlEDc!16s%2Fg%2F11b78pwd7p?entry=ttu&g_ep=EgoyMDI2MDMxOC4xIKXMDSoASAFQAw%3D%3D",-8.160161,115.0288899,https://www.tiktok.com/@pinederosa1/video/7352496777741847816,https://www.tiktok.com/@nita_und_michael/video/7516853430640528662,https://www.tiktok.com/@warung_buayuu/video/7565339903718870290
102,Warung Wayan Lovina,Buleleng,4.5,490,Sunset & View,"['service', 'makan malam', 'uang', 'taman', 'seafood', 'lokal']",Rp 50–150k,Sunset jam 5–7pm,"https://www.google.com/maps/place/Warung+Wayan+Lovina/@-8.160161,115.0098355,15z/data=!4m10!1m2!2m1!1sRestoran+Lovina+Singaraja!3m6!1s0x2dd19b3db5bde473:0xd91ac599bafad6eb!8m2!3d-8.1602677!4d115.0292089!15sChlSZXN0b3JhbiBMb3ZpbmEgU2luZ2FyYWphWhsiGXJlc3RvcmFuIGxvdmluYSBzaW5nYXJhamGSARVpbmRvbmVzaWFuX3Jlc3RhdXJhbnSaASNDaFpEU1VoTk1HOW5TMFZKUTBGblNVTmFObVZ5WWt4UkVBReABAPoBBAgAECo!16s%2Fg%2F11btxjpx9c?entry=ttu&g_ep=EgoyMDI2MDMxOC4xIKXMDSoASAFQAw%3D%3D",-8.1602677,115.0292089,https://www.tiktok.com/@sumarini.rini34/video/7614491311206370568,https://www.tiktok.com/@sumarini.rini34/video/7621946805403569415,https://www.tiktok.com/@jalanmakanbali/video/7287494397229403398
103,Warung Nemo Lovina,Buleleng,4.5,204,Sunset & View | Vibrant Nightlife | Budget Friendly,"['sunset', 'pantai', 'harga', 'cocktail', 'makan malam', 'kantong duduk']",Rp 15–50k,Sunset jam 5–7pm,"https://www.google.com/maps/place/Warung+Nemo+Lovina/@-8.160161,115.0098355,15z/data=!4m10!1m2!2m1!1sRestoran+Lovina+Singaraja!3m6!1s0x2dd19b3e2d38a129:0x4713029ec3e06330!8m2!3d-8.1586717!4d115.0258644!15sChlSZXN0b3JhbiBMb3ZpbmEgU2luZ2FyYWphWhsiGXJlc3RvcmFuIGxvdmluYSBzaW5nYXJhamGSAQpyZXN0YXVyYW50mgEkQ2hkRFNVaE5NRzluUzBWSlEwRm5TVU5LT1dGeVluUkJSUkFC4AEA-gEECAAQKA!16s%2Fg%2F11f5bxfppw?entry=ttu&g_ep=EgoyMDI2MDMxOC4xIKXMDSoASAFQAw%3D%3D",-8.1586717,115.0258644,https://www.tiktok.com/@bagi_lovina/video/7519866016378129670,https://www.tiktok.com/@ketutpartiwi6/video/7628258440393002260,https://www.tiktok.com/@owner_viana/video/7576125141768310024
104,Barclona Lovina Bar & Restaurant,Buleleng,4.5,308,Family Friendly | Vibrant Nightlife,"['service', 'bali', 'ikan lemadang', 'anak babi', 'makanan lokal', 'tuna']",Rp 50–150k,Malam jam 7pm+,"https://www.google.com/maps/place/Barclona+Lovina+Bar+%26+Restaurant/@-8.160161,115.0098355,15z/data=!4m10!1m2!2m1!1sRestoran+Lovina+Singaraja!3m6!1s0x2dd19b3e774be0df:0xc4ed7a53e4fe7c05!8m2!3d-8.1603255!4d115.0284456!15sChlSZXN0b3JhbiBMb3ZpbmEgU2luZ2FyYWphWhsiGXJlc3RvcmFuIGxvdmluYSBzaW5nYXJhamGSAQpyZXN0YXVyYW50mgEkQ2hkRFNVaE5NRzluUzBWSlEwRm5TVU5LYUc5WWNXZDNSUkFC4AEA-gEECFsQQw!16s%2Fg%2F11cs5wr4q7?entry=ttu&g_ep=EgoyMDI2MDMxOC4xIKXMDSoASAFQAw%3D%3D",-8.1603255,115.0284456,https://www.tiktok.com/@jona.swg/video/7511670531805023510,https://www.tiktok.com/@adheet_bali/video/7508755433780202758,
105,Mentari Lovina Bar & Kitchen,Buleleng,4.5,485,Sunset & View | Vibrant Nightlife | Romantic & Cozy,"['pantai', 'sunset', 'dinner', 'cocktail', 'tuna', 'kano']",Rp 50–150k,Sunset jam 5–7pm,"https://www.google.com/maps/place/Mentari+Lovina+Bar+%26+Kitchen/@-8.160161,115.0098355,15z/data=!4m10!1m2!2m1!1sRestoran+Lovina+Singaraja!3m6!1s0x2dd19be13baa90fb:0xdf7c1abec1d321b4!8m2!3d-8.1533091!4d115.0311953!15sChlSZXN0b3JhbiBMb3ZpbmEgU2luZ2FyYWphWhsiGXJlc3RvcmFuIGxvdmluYSBzaW5nYXJhamGSAQpyZXN0YXVyYW50mgEjQ2haRFNVaE5NRzluUzBWSlEwRm5UVVJKZDNaMU5FZFJFQUXgAQD6AQUI1wEQLg!16s%2Fg%2F11g23096p_?entry=ttu&g_ep=EgoyMDI2MDMxOC4xIKXMDSoASAFQAw%3D%3D",-8.1533091,115.0311953,https://www.tiktok.com/@rafel1a/video/7538351487689297170,https://www.tiktok.com/@prokom.buleleng/video/7619992016109178130,https://www.tiktok.com/@anitawulandari147/video/7129129958873582874
106,Buda Bakery & Resto,Buleleng,4.5,1007,Sunset & View,"['croissant', 'gunung', 'cafe', 'capucino', 'kaeng khiao wan', 'ikan lemadang']",Rp 80–200k,Sunset jam 5–7pm,"https://www.google.com/maps/place/Buda+Bakery+%26+Resto/@-8.160161,115.0098355,15z/data=!4m10!1m2!2m1!1sRestoran+Lovina+Singaraja!3m6!1s0x2dd19b3b47195769:0x2ad060fe4c545731!8m2!3d-8.1644213!4d115.0333492!15sChlSZXN0b3JhbiBMb3ZpbmEgU2luZ2FyYWphWhsiGXJlc3RvcmFuIGxvdmluYSBzaW5nYXJhamGSAQpyZXN0YXVyYW50mgEjQ2haRFNVaE5NRzluUzBWSlEwRm5TVU5LWDA5VVNVVlJFQUXgAQD6AQQIABBI!16s%2Fg%2F11c748njb7?entry=ttu&g_ep=EgoyMDI2MDMxOC4xIKXMDSoASAFQAw%3D%3D",-8.1644213,115.0333492,https://www.tiktok.com/@mimienborowski/video/7274398963720047878,https://www.tiktok.com/@mimienborowski/video/7285682695877758213,https://www.tiktok.com/@inidiakakakbudi/video/7492196797788458246
107,Warung Jepun (Bar and Resto),Buleleng,4.5,735,Vibrant Nightlife,"['atmosphere', 'petang', 'konser', 'cocktail', 'tari bali', 'gitar']",Rp 80–200k,Malam jam 7pm+,"https://www.google.com/maps/place/Warung+Jepun+(Bar+and+Resto)/@-8.160161,115.0098355,15z/data=!4m10!1m2!2m1!1sRestoran+Lovina+Singaraja!3m6!1s0x2dd19b1c5fc343f7:0x3b90dbdcf0df7dcc!8m2!3d-8.1605625!4d115.0276875!15sChlSZXN0b3JhbiBMb3ZpbmEgU2luZ2FyYWphWhsiGXJlc3RvcmFuIGxvdmluYSBzaW5nYXJhamGSARVpbmRvbmVzaWFuX3Jlc3RhdXJhbnSaASNDaFpEU1VoTk1HOW5TMFZKUTBGblRVUnZiSEZtT1ZKM0VBReABAPoBBAgAED0!16s%2Fg%2F11s39m59ym?entry=ttu&g_ep=EgoyMDI2MDMxOC4xIKXMDSoASAFQAw%3D%3D",-8.1605625,115.0276875,https://www.tiktok.com/@triacillll/video/7591047948801150229,https://www.tiktok.com/@ardika.belajar/video/7551358865489612039,https://www.tiktok.com/@dewalingga476/video/7588750214077549845
108,The Global Village Foundation Kafe,Buleleng,4.5,1005,General Chill,"['disabilitas', 'proyek', 'souvenir', 'organisasi amal', 'tujuan mulia', 'sumbangan']",Rp 80–200k,Lunch atau dinner,"https://www.google.com/maps/place/The+Global+Village+Foundation+Kafe/@-8.160161,115.0098355,15z/data=!4m10!1m2!2m1!1sRestoran+Lovina+Singaraja!3m6!1s0x2dd19b3eefc4fafd:0x7c83e6eb782a8df1!8m2!3d-8.161783!4d115.026706!15sChlSZXN0b3JhbiBMb3ZpbmEgU2luZ2FyYWphWhsiGXJlc3RvcmFuIGxvdmluYSBzaW5nYXJhamGSAQRjYWZlmgEkQ2hkRFNVaE5NRzluUzBWSlEwRm5TVVJTZWs5SE9IQlJSUkFC4AEA-gEECAAQNA!16s%2Fg%2F11bbt9c2y1?entry=ttu&g_ep=EgoyMDI2MDMxOC4xIKXMDSoASAFQAw%3D%3D",-8.161783,115.026706,https://www.tiktok.com/@21polo.d/video/7629267929674059016,https://www.tiktok.com/@roamwithrebroccoli/video/7414880535576694049,https://www.tiktok.com/@global.village79/video/7605122324085427464
109,Warung Jegeg,Buleleng,4.5,366,Sunset & View,"['makan malam', 'kelas memasak', 'service', 'vegetarian', 'cumi', 'pajak']",Rp 50–150k,Sunset jam 5–7pm,"https://www.google.com/maps/place/Warung+Jegeg/@-8.160161,115.0098355,15z/data=!4m10!1m2!2m1!1sRestoran+Lovina+Singaraja!3m6!1s0x2dd19b3f0459e671:0x1b5df6a74cb10a9a!8m2!3d-8.1607659!4d115.0292564!15sChlSZXN0b3JhbiBMb3ZpbmEgU2luZ2FyYWphWhsiGXJlc3RvcmFuIGxvdmluYSBzaW5nYXJhamGSARNiYWxpbmVzZV9yZXN0YXVyYW50mgEjQ2haRFNVaE5NRzluUzBWSlEwRm5TVVJ3Y0hCRGNrSlJFQUXgAQD6AQQIABBA!16s%2Fg%2F1pztpzz_c?entry=ttu&g_ep=EgoyMDI2MDMxOC4xIKXMDSoASAFQAw%3D%3D",-8.1607659,115.0292564,https://www.tiktok.com/@putusuanda40/video/7604655140011871508,https://www.tiktok.com/@thiamiranthi/video/7511948029071543557,https://www.tiktok.com/@putusuanda40/video/7603989107651513620
110,Secret Garden Restaurant,Buleleng,4.5,639,Romantic & Cozy,"['taman', 'romantis', 'pick up', 'kari makanan laut', 'keintiman', 'rijsttafel']",Rp 80–200k,Lunch atau dinner,"https://www.google.com/maps/place/Secret+Garden+Restaurant/@-8.149365,115.0303405,15z/data=!4m10!1m2!2m1!1sRestoran+Lovina+Singaraja!3m6!1s0x2dd19ae2ffdbb0bb:0x1b7f13f189c6214b!8m2!3d-8.149365!4d115.0493949!15sChlSZXN0b3JhbiBMb3ZpbmEgU2luZ2FyYWphWhsiGXJlc3RvcmFuIGxvdmluYSBzaW5nYXJhamGSAQpyZXN0YXVyYW50mgEkQ2hkRFNVaE5NRzluUzBWSlEwRm5TVU5QTUdaVWFuQkJSUkFC4AEA-gEECAAQRQ!16s%2Fg%2F11b7f09ply?entry=ttu&g_ep=EgoyMDI2MDMxOC4xIKXMDSoASAFQAw%3D%3D",-8.149365,115.0493949,https://www.tiktok.com/@pakde_hanss/video/7619640986523766037,https://www.tiktok.com/@riskakusumaadw/video/7626237538717519124,https://www.tiktok.com/@balitravelfolder/video/7620683783347686674
111,Warung barakuda seafood lovina,Buleleng,4.5,141,General Chill,"['fruits de mer', 'pasangan', 'udang', 'sambal', 'grill', 'cumicumi dan udang']",Rp 50–150k,Lunch atau dinner,"https://www.google.com/maps/place/Warung+barakuda+seafood+lovina/@-8.1695219,114.9891983,15z/data=!4m10!1m2!2m1!1sRestoran+Lovina+Singaraja!3m6!1s0x2dd19b3dd8172661:0x664e4583fd6fbef6!8m2!3d-8.1695219!4d115.0082527!15sChlSZXN0b3JhbiBMb3ZpbmEgU2luZ2FyYWphWhsiGXJlc3RvcmFuIGxvdmluYSBzaW5nYXJhamGSARJzZWFmb29kX3Jlc3RhdXJhbnSaAURDaTlEUVVsUlFVTnZaRU5vZEhsalJqbHZUMjFvVkdScmNHcFdibFY0VTBkU1lXUkdUak5OYW14UVZWWkNXbFF4UlJBQuABAPoBBAgAECI!16s%2Fg%2F11dz_m7yfq?entry=ttu&g_ep=EgoyMDI2MDMxOC4xIKXMDSoASAFQAw%3D%3D",-8.1695219,115.0082527,https://www.tiktok.com/@warungseafoodloka/video/7590195898160827656,https://www.tiktok.com/@barakudaseafood/video/7631872595079777557,
112,Rah Nah Tapas Bar & Restaurant,Buleleng,4.5,394,Vibrant Nightlife,"['petang', 'steak', 'cocktail', 'the menu', 'band', 'chat']",Rp 50–150k,Malam jam 7pm+,"https://www.google.com/maps/place/Rah+Nah+Tapas+Bar+%26+Restaurant/@-8.1628603,115.0061862,15z/data=!4m10!1m2!2m1!1sRestoran+Lovina+Singaraja!3m6!1s0x2dd19b3f248483ad:0xba7ff202ac3e1a90!8m2!3d-8.1628603!4d115.0252406!15sChlSZXN0b3JhbiBMb3ZpbmEgU2luZ2FyYWphWhsiGXJlc3RvcmFuIGxvdmluYSBzaW5nYXJhamGSAQpyZXN0YXVyYW50mgEjQ2haRFNVaE5NRzluUzBWS2JVcHVka3c0TVV3eVkwOVJFQUXgAQD6AQUIkQQQOg!16s%2Fg%2F11v3mjf8mb?entry=ttu&g_ep=EgoyMDI2MDMxOC4xIKXMDSoASAFQAw%3D%3D",-8.1628603,115.0252406,https://www.tiktok.com/@americancruisecollegesgr/video/7617686986647801096,https://www.tiktok.com/@hollyisobelonline/video/7595032876693982472,https://www.tiktok.com/@lievemokka/video/7524419828052938002
113,Lovina Restaurant Santhi Bar,Buleleng,4.5,756,Sunset & View,"['oni', 'sunset', 'lumbalumba', 'masakan indonesia', 'rendang', 'roti panggang alpukat']",Rp 80–200k,Sunset jam 5–7pm,"https://www.google.com/maps/place/Lovina+Restaurant+Santhi+Bar/@-8.1628603,115.0061862,15z/data=!4m10!1m2!2m1!1sRestoran+Lovina+Singaraja!3m6!1s0x2dd19b3f0a0ae33b:0x645d65857d8e6e67!8m2!3d-8.1612247!4d115.0246882!15sChlSZXN0b3JhbiBMb3ZpbmEgU2luZ2FyYWphWhsiGXJlc3RvcmFuIGxvdmluYSBzaW5nYXJhamGSAQ1iYXJfYW5kX2dyaWxsmgEjQ2haRFNVaE5NRzluUzBWSlEwRm5TVU5JTm1GWVZVNVJFQUXgAQD6AQQIABA1!16s%2Fg%2F11bw46n_w9?entry=ttu&g_ep=EgoyMDI2MDMxOC4xIKXMDSoASAFQAw%3D%3D",-8.1612247,115.0246882,https://www.tiktok.com/@kennotravels/video/7313083118443973894,https://www.tiktok.com/@nikismission/video/7461086501284105490,https://www.tiktok.com/@jona.swg/video/7511670531805023510
114,COFFEENOSKY Coffee & Eatery,Buleleng,4.5,898,Sunset & View,"['sawah', 'gunung', 'smoothie bowl', 'spesies', 'beef', 'pesto']",Rp 80–200k,Sunset jam 5–7pm,"https://www.google.com/maps/place/COFFEENOSKY+Coffee+%26+Eatery/@-8.1628603,115.0061862,15z/data=!4m10!1m2!2m1!1sRestoran+Lovina+Singaraja!3m6!1s0x2dd19bebaa350ec9:0xf41c8f6a56b94947!8m2!3d-8.1615309!4d115.0278912!15sChlSZXN0b3JhbiBMb3ZpbmEgU2luZ2FyYWphWhsiGXJlc3RvcmFuIGxvdmluYSBzaW5nYXJhamGSAQRjYWZlmgEkQ2hkRFNVaE5NRzluUzBWSlEwRm5TVU5pYWsxeWJEZFJSUkFC4AEA-gEECAAQOg!16s%2Fg%2F11py6ydgvz?entry=ttu&g_ep=EgoyMDI2MDMxOC4xIKXMDSoASAFQAw%3D%3D",-8.1615309,115.0278912,https://www.tiktok.com/@wuulan_darie/video/7561280606793895179,https://www.tiktok.com/@izzyfrytravels/video/7488979977971666198,https://www.tiktok.com/@chadandmiaofficial/video/7371052721132162322
115,Spice Beach Club,Buleleng,4.5,1719,Sunset & View,"['sunset', 'pantainya', 'feri', 'toyota gr supra', 'tari bali', 'tuna']",Rp 80–200k,Sunset jam 5–7pm,"https://www.google.com/maps/place/Spice+Beach+Club/@-8.1628603,115.0061862,15z/data=!4m10!1m2!2m1!1sRestoran+Lovina+Singaraja!3m6!1s0x2dd19b473307d4c3:0xa6db2eb7bd40d694!8m2!3d-8.1641371!4d115.0212168!15sChlSZXN0b3JhbiBMb3ZpbmEgU2luZ2FyYWphWhsiGXJlc3RvcmFuIGxvdmluYSBzaW5nYXJhamGSAQNiYXKaAURDaTlEUVVsUlFVTnZaRU5vZEhsalJqbHZUMmt4TkdSVmVFSllNRGxwWVVSb05XSlhVa2ROUlhobVZrZDRUVmxWUlJBQuABAPoBBAgAEDI!16s%2Fg%2F1q66zstcj?entry=ttu&g_ep=EgoyMDI2MDMxOC4xIKXMDSoASAFQAw%3D%3D",-8.1641371,115.0212168,,,
116,Semina Restaurant,Buleleng,4.5,423,Vibrant Nightlife,"['atmosphere', 'pijat', 'service', 'cocktail', 'bebek', 'musik']",Rp 50–150k,Malam jam 7pm+,"https://www.google.com/maps/place/Semina+Restaurant/@-8.1628603,115.0061862,15z/data=!4m10!1m2!2m1!1sRestoran+Lovina+Singaraja!3m6!1s0x2dd19b3e7a82c955:0x43714ce2d17fddef!8m2!3d-8.1599483!4d115.0272611!15sChlSZXN0b3JhbiBMb3ZpbmEgU2luZ2FyYWphWhsiGXJlc3RvcmFuIGxvdmluYSBzaW5nYXJhamGSARVpbmRvbmVzaWFuX3Jlc3RhdXJhbnSaASNDaFpEU1VoTk1HOW5TMFZKUTBGblNVTkthbVJVWVdSM0VBReABAPoBBAgAEEM!16s%2Fg%2F11c1pnc02r?entry=ttu&g_ep=EgoyMDI2MDMxOC4xIKXMDSoASAFQAw%3D%3D",-8.1599483,115.0272611,,,
117,The 10th Table,Buleleng,4.5,310,Sunset & View | Vibrant Nightlife,"['makan malam', 'service', 'cocktail', 'steak', 'kepemilikan', 'daftar anggur']",Rp 50–150k,Sunset jam 5–7pm,"https://www.google.com/maps/place/The+10th+Table/@-8.1628603,115.0061862,15z/data=!4m10!1m2!2m1!1sRestoran+Lovina+Singaraja!3m6!1s0x2dd19b0940cd46ff:0x7362fdd036859cdf!8m2!3d-8.1582031!4d115.03302!15sChlSZXN0b3JhbiBMb3ZpbmEgU2luZ2FyYWphWhsiGXJlc3RvcmFuIGxvdmluYSBzaW5nYXJhamGSAQZiaXN0cm-aAURDaTlEUVVsUlFVTnZaRU5vZEhsalJqbHZUMjVLYkdGVVFscFpWa3BxWTBaU05HVllSbk5oYlVwVVVrVmtkVkp0WXhBQuABAPoBBAg5EBk!16s%2Fg%2F11h_tqrwr6?entry=ttu&g_ep=EgoyMDI2MDMxOC4xIKXMDSoASAFQAw%3D%3D",-8.1582031,115.03302,https://www.tiktok.com/@michellevannamen/video/7546991594461859074,https://www.tiktok.com/@graceamead/video/7570609911738944776,https://www.tiktok.com/@ntrprnr_/video/7588612937623817504
118,Be be segara seafood lovina,Buleleng,4.5,36,Sunset & View,"['konser', 'atmosphere', 'presentasi', 'makan malam', 'band', 'keramahan']",Rp 50–150k,Sunset jam 5–7pm,"https://www.google.com/maps/place/Be+be+segara+seafood+lovina/@-8.1628603,115.0061862,15z/data=!4m10!1m2!2m1!1sRestoran+Lovina+Singaraja!3m6!1s0x2dd19bf2448aa221:0x144069e6e04271a9!8m2!3d-8.159716!4d115.0263565!15sChlSZXN0b3JhbiBMb3ZpbmEgU2luZ2FyYWphWhsiGXJlc3RvcmFuIGxvdmluYSBzaW5nYXJhamGSAQpyZXN0YXVyYW50mgFEQ2k5RFFVbFJRVU52WkVOb2RIbGpSamx2VDJ0U1FsUkdWbXhXTVVGNlZXNWtXRkl4UW5aVVIwWnVWVWhaTWxwWFl4QULgAQD6AQQIABA1!16s%2Fg%2F11y_rst5nk?entry=ttu&g_ep=EgoyMDI2MDMxOC4xIKXMDSoASAFQAw%3D%3D",-8.159716,115.0263565,https://www.tiktok.com/@jajanan.banyuwangi/video/7513413471409573176,,
119,MeVui Lovina,Buleleng,4.5,365,Sunset & View,"['bánh mì', 'the menu', 'vegan', 'makan malam', 'pilihan', 'gula']",Rp 50–150k,Sunset jam 5–7pm,"https://www.google.com/maps/place/MeVui+Lovina/@-8.1628603,115.0061862,15z/data=!4m11!1m3!2m2!1sRestoran+Lovina+Singaraja!6e5!3m6!1s0x2dd19b45dd601d71:0x37e37013a35167c0!8m2!3d-8.1644324!4d115.0220136!15sChlSZXN0b3JhbiBMb3ZpbmEgU2luZ2FyYWphWhsiGXJlc3RvcmFuIGxvdmluYSBzaW5nYXJhamGSARV2aWV0bmFtZXNlX3Jlc3RhdXJhbnSaASNDaFpEU1VoTk1HOW5TMFZKUTBGblNVTTVOa3AyVUZCbkVBReABAPoBBAgAEEc!16s%2Fg%2F11shtny_6q?entry=ttu&g_ep=EgoyMDI2MDMxOC4xIKXMDSoASAFQAw%3D%3D",-8.1644324,115.0220136,https://www.tiktok.com/@jenianaa21/video/7551787500600085771,https://www.tiktok.com/@wuulan_darie/video/7540878925560417541,https://www.tiktok.com/@inndridwiva/video/7625155967168122130
120,Jaring Kitchen & Drinks,Buleleng,4.5,375,Sunset & View,"['makan malam', 'sate', 'warung', 'dumpling', 'nasi goreng', 'kucing']",Rp 50–150k,Sunset jam 5–7pm,"https://www.google.com/maps/place/Jaring+Kitchen+%26+Drinks/@-8.1628603,115.0061862,15z/data=!4m11!1m3!2m2!1sRestoran+Lovina+Singaraja!6e5!3m6!1s0x2dd19b3b90079bb3:0x8c19fa06acc0afb3!8m2!3d-8.1639926!4d115.0310425!15sChlSZXN0b3JhbiBMb3ZpbmEgU2luZ2FyYWphWhsiGXJlc3RvcmFuIGxvdmluYSBzaW5nYXJhamGSAQpyZXN0YXVyYW50mgFEQ2k5RFFVbFJRVU52WkVOb2RIbGpSamx2VDI1bmQyRnNRbGhVVm1nMFZFZFdWR0pHU1RSVlF6QTBVVEZPUkdJell4QULgAQD6AQQIABAV!16s%2Fg%2F11ggzfc0hw?entry=ttu&g_ep=EgoyMDI2MDMxOC4xIKXMDSoASAFQAw%3D%3D",-8.1639926,115.0310425,https://www.tiktok.com/@hutanindah.bali/video/7566536826954042645,,
121,WARUNG DOLPHIN,Buleleng,4.5,354,Vibrant Nightlife,"['musik', 'service', 'grill', 'lumbalumba', 'gitar', 'pisang']",Rp 50–150k,Malam jam 7pm+,"https://www.google.com/maps/place/WARUNG+DOLPHIN/@-8.1628603,115.0061862,15z/data=!4m11!1m3!2m2!1sRestoran+Lovina+Singaraja!6e5!3m6!1s0x2dd19b1a3e38ad37:0xeab11e18ebfac940!8m2!3d-8.151351!4d115.0359686!15sChlSZXN0b3JhbiBMb3ZpbmEgU2luZ2FyYWphWhsiGXJlc3RvcmFuIGxvdmluYSBzaW5nYXJhamGSARJzZWFmb29kX3Jlc3RhdXJhbnSaAURDaTlEUVVsUlFVTnZaRU5vZEhsalJqbHZUMjVrU1ZScmJGcE9iSEJ1WTJ0NFMwMUlRbE5qTTFweVl6Rk9UbU5ZWXhBQuABAPoBBAgAEDI!16s%2Fg%2F11bzr9hns_?entry=ttu&g_ep=EgoyMDI2MDMxOC4xIKXMDSoASAFQAw%3D%3D",-8.151351,115.0359686,https://www.tiktok.com/@hartabarca/video/7499258767461059895,https://www.tiktok.com/@hartabarca/video/7570180999032753416,
122,Sunset Bar The Lovina,Buleleng,4.5,47,Sunset & View | Vibrant Nightlife | Budget Friendly,"['pantai', 'musik', 'atmosphere', 'harga', 'burger', 'terbaik di bali']",Rp 15–50k,Sunset jam 5–7pm,"https://www.google.com/maps/place/Sunset+Bar+The+Lovina/@-8.1628603,115.0061862,15z/data=!4m11!1m3!2m2!1sRestoran+Lovina+Singaraja!6e5!3m6!1s0x2dd19b2ceea1db37:0x92b34e15e23b3019!8m2!3d-8.1536064!4d115.0301489!15sChlSZXN0b3JhbiBMb3ZpbmEgU2luZ2FyYWphWhsiGXJlc3RvcmFuIGxvdmluYSBzaW5nYXJhamGSAQpyZXN0YXVyYW504AEA!16s%2Fg%2F11v6wgdn3y?entry=ttu&g_ep=EgoyMDI2MDMxOC4xIKXMDSoASAFQAw%3D%3D",-8.1536064,115.0301489,https://www.tiktok.com/@karabenson4/video/7373855498216410401,https://www.tiktok.com/@info_singaraja/video/7587697265603529991,https://www.tiktok.com/@gekrara18/video/7588458442055093522
123,Sea Breeze Lovina,Buleleng,4.5,536,General Chill,[],Rp 80–200k,Lunch atau dinner,"https://www.google.com/maps/place/Sea+Breeze+Lovina/@-8.1628603,115.0061862,15z/data=!4m14!1m3!2m2!1sRestoran+Lovina+Singaraja!6e5!3m9!1s0x2dd19b3f4f0113df:0x4b656261db3bc7df!5m2!4m1!1i2!8m2!3d-8.1615312!4d115.0243386!15sChlSZXN0b3JhbiBMb3ZpbmEgU2luZ2FyYWphWhsiGXJlc3RvcmFuIGxvdmluYSBzaW5nYXJhamGSARJzZWFmb29kX3Jlc3RhdXJhbnSaASRDaGREU1VoTk1HOW5TMFZKUTBGblNVUkNiWFl6VGpSblJSQULgAQD6AQQIABA3!16s%2Fg%2F11dfjy9gj0?entry=ttu&g_ep=EgoyMDI2MDMxOC4xIKXMDSoASAFQAw%3D%3D",-8.1615312,115.0243386,https://www.tiktok.com/@bobbythezhu/video/7419935701300579589,https://www.tiktok.com/@sitabudaya2/video/7596112262998330644,https://www.tiktok.com/@its.ccdiary/video/7574998455320431879
124,Restaurant Dewa Dewi,Buleleng,4.5,96,Budget Friendly,"['harga', 'warung', 'jus', 'makanan fresh', 'mie goreng', 'spring roll']",Rp 15–50k,Lunch atau dinner,"https://www.google.com/maps/place/Restaurant+Dewa+Dewi/@-8.1628603,115.0061862,15z/data=!4m11!1m3!2m2!1sRestoran+Lovina+Singaraja!6e5!3m6!1s0x2dd19b46cf7a7035:0x5939c0ee71688e2b!8m2!3d-8.1585499!4d115.0280886!15sChlSZXN0b3JhbiBMb3ZpbmEgU2luZ2FyYWphWhsiGXJlc3RvcmFuIGxvdmluYSBzaW5nYXJhamGSARJzZWFmb29kX3Jlc3RhdXJhbnSaASRDaGREU1VoTk1HOW5TMFZKUTBGblNVUmlhR1JRU0hwQlJSQULgAQD6AQQIABBB!16s%2Fg%2F11f6n_6c6h?entry=ttu&g_ep=EgoyMDI2MDMxOC4xIKXMDSoASAFQAw%3D%3D",-8.1585499,115.0280886,https://www.tiktok.com/@nasitempongindrareal/video/7562179965794389266,https://www.tiktok.com/@dewadewicollection/video/7567316327455542536,https://www.tiktok.com/@dewadewibusana/video/7619883630436945173
125,Permata Restaurant Lovina Beach,Buleleng,4.5,14,General Chill,['sarapan'],Rp 50–150k,Lunch atau dinner,"https://www.google.com/maps/place/Permata+Restaurant+Lovina+Beach/@-8.1628603,115.0061862,15z/data=!4m11!1m3!2m2!1sRestoran+Lovina+Singaraja!6e5!3m6!1s0x2dd19be2f93ff95f:0x1bd388b9a9c6b194!8m2!3d-8.1629635!4d115.0230278!15sChlSZXN0b3JhbiBMb3ZpbmEgU2luZ2FyYWphWhsiGXJlc3RvcmFuIGxvdmluYSBzaW5nYXJhamGSAQpyZXN0YXVyYW504AEA!16s%2Fg%2F11x1n34484?entry=ttu&g_ep=EgoyMDI2MDMxOC4xIKXMDSoASAFQAw%3D%3D",-8.1629635,115.0230278,https://www.tiktok.com/@phie900/video/7623768236886265109,https://www.tiktok.com/@brunetteswhotravel/video/7507660018695605526,https://www.tiktok.com/@gekrara18/video/7588458442055093522
126,Montana Del Cafe,Bangli,4.7,6290,Sunset & View,"['gunung batur', 'spesies', 'sunrise', 'danau', 'cordon blue', 'kabut']",Rp 150–400k,Sunrise jam 6–8am,"https://www.google.com/maps/place/Montana+Del+Cafe/@-8.2680071,115.3233905,15z/data=!4m10!1m2!2m1!1sCafe+Kintamani+view+gunung!3m6!1s0x2dd1f5539b94bde1:0xe93399784bf10228!8m2!3d-8.2680071!4d115.3424449!15sChpDYWZlIEtpbnRhbWFuaSB2aWV3IGd1bnVuZ1ocIhpjYWZlIGtpbnRhbWFuaSB2aWV3IGd1bnVuZ5IBFWluZG9uZXNpYW5fcmVzdGF1cmFudJoBI0NoWkRTVWhOTUc5blMwVkpRMEZuU1VOVWMxOXVNVk5uRUFF4AEA-gEECAAQRA!16s%2Fg%2F11j4v8by15?entry=ttu&g_ep=EgoyMDI2MDMxOC4xIKXMDSoASAFQAw%3D%3D",-8.2680071,115.3424449,https://www.tiktok.com/@montanacafebali/video/7593888881192258823,https://www.tiktok.com/@khurilmifathur_/video/7630053754309528852,https://www.tiktok.com/@montanacafebali/video/7525212893848096008
127,Kintamani Coffee - Eco Bike Coffee,Bangli,4.7,2514,Sunset & View,"['gunung batur', 'pemandangan', 'dingin', 'lalat', 'sunrise', 'cuaca']",Rp 150–400k,Sunrise jam 6–8am,"https://www.google.com/maps/place/Kintamani+Coffee+-+Eco+Bike+Coffee/@-8.2680071,115.3233905,15z/data=!4m10!1m2!2m1!1sCafe+Kintamani+view+gunung!3m6!1s0x2dd1f44fe731a7e1:0xa03282dac89d6ce1!8m2!3d-8.2695116!4d115.3436286!15sChpDYWZlIEtpbnRhbWFuaSB2aWV3IGd1bnVuZ1ocIhpjYWZlIGtpbnRhbWFuaSB2aWV3IGd1bnVuZ5IBC2NvZmZlZV9zaG9wmgEkQ2hkRFNVaE5NRzluUzBWSlEwRm5TVU10T0dReVIxOW5SUkFC4AEA-gEECAAQPg!16s%2Fg%2F11g8xbddrp?entry=ttu&g_ep=EgoyMDI2MDMxOC4xIKXMDSoASAFQAw%3D%3D",-8.2695116,115.3436286,https://www.tiktok.com/@jil.aqli/video/7583225217909099783,https://www.tiktok.com/@howdyweirdy/video/7635102764422499585,https://www.tiktok.com/@agafomo/video/7623398477820710164
128,Tegukopi,Bangli,4.7,3655,Sunset & View,"['pemandangan', 'gunung batur', 'danau', 'dingin', 'buffet', 'mujair']",Rp 150–400k,Sunset jam 5–7pm,"https://www.google.com/maps/place/Tegukopi/@-8.2680071,115.3233905,15z/data=!4m10!1m2!2m1!1sCafe+Kintamani+view+gunung!3m6!1s0x2dd1f502f1413fc7:0xd782bf6222b50bc9!8m2!3d-8.2725664!4d115.3472637!15sChpDYWZlIEtpbnRhbWFuaSB2aWV3IGd1bnVuZ1ocIhpjYWZlIGtpbnRhbWFuaSB2aWV3IGd1bnVuZ5IBBGNhZmWaAURDaTlEUVVsUlFVTnZaRU5vZEhsalJqbHZUMjVXUWxSVWFHcGhiRGt6VWtaSk1XTnJVbkJrV0VKNlVXMHdNMDVJWXhBQuABAPoBBAgAEEg!16s%2Fg%2F11frqyrtfn?entry=ttu&g_ep=EgoyMDI2MDMxOC4xIKXMDSoASAFQAw%3D%3D",-8.2725664,115.3472637,https://www.tiktok.com/@therealcoconuttree/video/7615902554882362632,https://www.tiktok.com/@dahlia.tambajong/video/7505258398062005510,https://www.tiktok.com/@maimelali_ton/video/7635698553385405704
129,el lago,Bangli,4.7,7208,Sunset & View,"['gunung batur', 'pemandangan', 'sushi', 'sunrise', 'lalat', 'mujair']",Rp 150–400k,Sunrise jam 6–8am,"https://www.google.com/maps/place/el+lago/@-8.2680071,115.3233905,15z/data=!4m10!1m2!2m1!1sCafe+Kintamani+view+gunung!3m6!1s0x2dd1f57ddc1f5c2f:0xd22074e770cf737d!8m2!3d-8.2674591!4d115.342025!15sChpDYWZlIEtpbnRhbWFuaSB2aWV3IGd1bnVuZ1ocIhpjYWZlIGtpbnRhbWFuaSB2aWV3IGd1bnVuZ5IBBGNhZmWaASNDaFpEU1VoTk1HOW5TMFZKUTBGblNVTjFlRnB5WTJWUkVBReABAPoBBAgAEDw!16s%2Fg%2F11hhz7lpfx?entry=ttu&g_ep=EgoyMDI2MDMxOC4xIKXMDSoASAFQAw%3D%3D",-8.2674591,115.342025,https://www.tiktok.com/@araaaakuuuuu/video/7583950370385284373,https://www.tiktok.com/@ellagobali/video/7531948258084637960,https://www.tiktok.com/@acd_family/video/7565958810834177281
130,Paperhills,Bangli,4.7,3222,Sunset & View,"['gunung batur', 'sunrise', 'pemandangan', 'lalat', 'danau', 'the view']",Rp 150–400k,Sunrise jam 6–8am,"https://www.google.com/maps/place/Paperhills/@-8.2680071,115.3233905,15z/data=!4m10!1m2!2m1!1sCafe+Kintamani+view+gunung!3m6!1s0x2dd1f5882e4fcabf:0x35aed82ae2b88625!8m2!3d-8.2691285!4d115.3432578!15sChpDYWZlIEtpbnRhbWFuaSB2aWV3IGd1bnVuZ1ocIhpjYWZlIGtpbnRhbWFuaSB2aWV3IGd1bnVuZ5IBC2NvZmZlZV9zaG9wmgEjQ2haRFNVaE5NRzluUzBWSlEwRm5TVVJLTm05UWQwWlJFQUXgAQD6AQQIABBE!16s%2Fg%2F11nmjpjpv9?entry=ttu&g_ep=EgoyMDI2MDMxOC4xIKXMDSoASAFQAw%3D%3D",-8.2691285,115.3432578,https://www.tiktok.com/@diarynovee/video/7491282384185249030,https://www.tiktok.com/@brooke__lee/video/7614063282852203797,https://www.tiktok.com/@mme.shaaa/video/7543481675095969026
131,Ritatkala Cafe,Bangli,4.7,3473,Sunset & View,"['gunung batur', 'pemandangan', 'danau', 'sunrise', 'lalat', 'the view']",Rp 150–400k,Sunrise jam 6–8am,"https://www.google.com/maps/place/Ritatkala+Cafe/@-8.2680071,115.3233905,15z/data=!4m10!1m2!2m1!1sCafe+Kintamani+view+gunung!3m6!1s0x2dd1f51a3a88b97d:0x9927f29e7f16788e!8m2!3d-8.2564831!4d115.3365631!15sChpDYWZlIEtpbnRhbWFuaSB2aWV3IGd1bnVuZ1ocIhpjYWZlIGtpbnRhbWFuaSB2aWV3IGd1bnVuZ5IBBGNhZmWaASNDaFpEU1VoTk1HOW5TMFZKUTBGblNVTlNkemxxWlU1M0VBReABAPoBBAgAEEU!16s%2Fg%2F11lrcv5j64?entry=ttu&g_ep=EgoyMDI2MDMxOC4xIKXMDSoASAFQAw%3D%3D",-8.2564831,115.3365631,https://www.tiktok.com/@sarahrmenzel/video/7628616139400056072,https://www.tiktok.com/@rfansyahh/video/7518355721654783288,https://www.tiktok.com/@rodenlongcop/video/7614089268083936532
132,Olympus Coffee Bali,Bangli,4.7,473,Sunset & View,"['gunung batur', 'pemandangan', 'pizza', 'latte', 'foto', 'pancake']",Rp 50–150k,Sunset jam 5–7pm,"https://www.google.com/maps/place/Olympus+Coffee+Bali/@-8.2680071,115.3233905,15z/data=!4m10!1m2!2m1!1sCafe+Kintamani+view+gunung!3m6!1s0x2dd1f52d6fe9748f:0xc17a7062d07fa0ae!8m2!3d-8.2729391!4d115.347656!15sChpDYWZlIEtpbnRhbWFuaSB2aWV3IGd1bnVuZ1ocIhpjYWZlIGtpbnRhbWFuaSB2aWV3IGd1bnVuZ5IBCnJlc3RhdXJhbnSaASRDaGREU1VoTk1HOW5TMFZPVkRZMFlsUlNaMW8yYW5aQlJSQULgAQD6AQQIABAp!16s%2Fg%2F11mpd25gqz?entry=ttu&g_ep=EgoyMDI2MDMxOC4xIKXMDSoASAFQAw%3D%3D",-8.2729391,115.347656,https://www.tiktok.com/@olympuscoffeebali/video/7541242499919056136,https://www.tiktok.com/@syabanamaharani/video/7533562514408312120,https://www.tiktok.com/@olympuscoffeebali/video/7550585034525134087
133,"sari mountain View Restaurant, Bar and Coffee",Bangli,4.7,1509,Sunset & View,"['prasmanan', 'gunung batur', 'hidangan india', 'pemandangan', 'danau', 'vegetarian']",Rp 150–400k,Sunset jam 5–7pm,"https://www.google.com/maps/place/sari+mountain+View+Restaurant,+Bar+and+Coffee/@-8.2680071,115.3233905,15z/data=!4m10!1m2!2m1!1sCafe+Kintamani+view+gunung!3m6!1s0x2dd1f45c5aa74ca7:0xe38bc208a2fa124!8m2!3d-8.2675208!4d115.3420161!15sChpDYWZlIEtpbnRhbWFuaSB2aWV3IGd1bnVuZ1ocIhpjYWZlIGtpbnRhbWFuaSB2aWV3IGd1bnVuZ5IBBGNhZmWaASRDaGREU1VoTk1HOW5TMFZKUTBGblNVTlllSFpJVlRGQlJSQULgAQD6AQQIABBB!16s%2Fg%2F11b6gmgvgy?entry=ttu&g_ep=EgoyMDI2MDMxOC4xIKXMDSoASAFQAw%3D%3D",-8.2675208,115.3420161,https://www.tiktok.com/@pretylife/video/7492849681303702815,https://www.tiktok.com/@fannyfacely/video/7573894760079920404,https://www.tiktok.com/@yanyanbkk1/video/7471887219490393352
134,la vista coffee&roastery,Bangli,4.7,581,Sunset & View,"['gunung batur', 'danau', 'sunrise', 'foto', 'dingin', 'glamping']",Rp 80–200k,Sunrise jam 6–8am,"https://www.google.com/maps/place/la+vista+coffee%26roastery/@-8.281084,115.343081,15z/data=!4m10!1m2!2m1!1sCafe+Kintamani+view+gunung!3m6!1s0x2dd1f5a754bcd48d:0x51f2d4ca801c3de0!8m2!3d-8.281084!4d115.3621354!15sChpDYWZlIEtpbnRhbWFuaSB2aWV3IGd1bnVuZ1ocIhpjYWZlIGtpbnRhbWFuaSB2aWV3IGd1bnVuZ5IBBGNhZmWaASRDaGREU1VoTk1HOW5TMFZKUTBGblNVTlVhVGRtY1RKQlJSQULgAQD6AQQIABBE!16s%2Fg%2F11h_vc8ghy?entry=ttu&g_ep=EgoyMDI2MDMxOC4xIKXMDSoASAFQAw%3D%3D",-8.281084,115.3621354,https://www.tiktok.com/@lavista_kintamani/video/7635192298338372871,https://www.tiktok.com/@lavista_kintamani/video/7622808823903948052,https://www.tiktok.com/@lavista_kintamani/video/7568847774884629780
135,Warung Amed Sea View,Karangasem,4.7,632,General Chill,"['mahi mahi', 'mie goreng', 'snorkling', 'nasi campur', 'spring roll', 'pepes ikan']",Rp 80–200k,Lunch atau dinner,"https://www.google.com/maps/place/Warung+Amed+Sea+View/@-8.336829,115.6204032,14z/data=!4m10!1m2!2m1!1sMakan+enak+di+Amed+Bali!3m6!1s0x2dd2007e218eb58b:0xafe90c2bd56338e9!8m2!3d-8.336829!4d115.658512!15sChdNYWthbiBlbmFrIGRpIEFtZWQgQmFsaSIDqAEBWhkiF21ha2FuIGVuYWsgZGkgYW1lZCBiYWxpkgESc2VhZm9vZF9yZXN0YXVyYW50mgEjQ2haRFNVaE5NRzluUzBWSlEwRm5TVVIyTjJaMmEweDNFQUXgAQD6AQQILxA4!16s%2Fg%2F1q65zjmm6?entry=ttu&g_ep=EgoyMDI2MDMxOC4xIKXMDSoASAFQAw%3D%3D",-8.336829,115.658512,https://www.tiktok.com/@dhee97_/video/7540126900362956038,https://www.tiktok.com/@doatbali/video/7432101410117782789,https://www.tiktok.com/@anda.amed.villas/video/7568411997948103956
136,Warung Celagi,Karangasem,4.7,686,Sunset & View,"['pantai', 'ikan lemadang', 'sate', 'daun pisang', 'bali', 'makanan indonesia']",Rp 80–200k,Sunset jam 5–7pm,"https://www.google.com/maps/place/Warung+Celagi/@-8.336829,115.6204032,14z/data=!4m10!1m2!2m1!1sMakan+enak+di+Amed+Bali!3m6!1s0x2dd2007e13ae7b2f:0x24e1e0cc800b44be!8m2!3d-8.3361003!4d115.6578616!15sChdNYWthbiBlbmFrIGRpIEFtZWQgQmFsaSIDqAEBWhkiF21ha2FuIGVuYWsgZGkgYW1lZCBiYWxpkgESc2VhZm9vZF9yZXN0YXVyYW50mgEkQ2hkRFNVaE5NRzluUzBWSlEwRm5TVVJJTVhGVVIzZG5SUkFC4AEA-gEECAAQQw!16s%2Fg%2F11bwkbznt8?entry=ttu&g_ep=EgoyMDI2MDMxOC4xIKXMDSoASAFQAw%3D%3D",-8.3361003,115.6578616,https://www.tiktok.com/@cakbasang_officiall/video/7593608538707086612,https://www.tiktok.com/@balihints/video/7509292896961465606,
137,Warung Agung Amed,Karangasem,4.7,677,General Chill,"['konser', 'gitar', 'musisi', 'bali', 'rendang', 'nangka']",Rp 80–200k,Lunch atau dinner,"https://www.google.com/maps/place/Warung+Agung+Amed/@-8.336829,115.6204032,14z/data=!4m10!1m2!2m1!1sMakan+enak+di+Amed+Bali!3m6!1s0x2dcdff9751fb38eb:0x2e9d8f3b7e35314!8m2!3d-8.3515286!4d115.6830181!15sChdNYWthbiBlbmFrIGRpIEFtZWQgQmFsaSIDqAEBWhkiF21ha2FuIGVuYWsgZGkgYW1lZCBiYWxpkgEKcmVzdGF1cmFudJoBJENoZERTVWhOTUc5blMwVkpRMEZuU1VNM2FGbHhiWGhCUlJBQuABAPoBBQiTAhA7!16s%2Fg%2F11fmw077p8?entry=ttu&g_ep=EgoyMDI2MDMxOC4xIKXMDSoASAFQAw%3D%3D",-8.3515286,115.6830181,https://www.tiktok.com/@bybowe/video/7558463413089766711,https://www.tiktok.com/@devi_devian/video/7287764369792847110,https://www.tiktok.com/@warungagungamed/video/7557210150306680076
138,Warung Enak and Bungalows,Karangasem,4.7,1088,General Chill,"['nasi campur', 'bruschetta', 'bali', 'masakan indonesia', 'sate', 'ikan lemadang']",Rp 80–200k,Lunch atau dinner,"https://www.google.com/maps/place/Warung+Enak+and+Bungalows/@-8.336829,115.6204032,14z/data=!4m13!1m2!2m1!1sMakan+enak+di+Amed+Bali!3m9!1s0x2dd20062e820950d:0x3d7c1e5e0508a5f5!5m2!4m1!1i2!8m2!3d-8.3359534!4d115.6495065!15sChdNYWthbiBlbmFrIGRpIEFtZWQgQmFsaSIDqAEBWhkiF21ha2FuIGVuYWsgZGkgYW1lZCBiYWxpkgESd2VzdGVybl9yZXN0YXVyYW50mgEjQ2haRFNVaE5NRzluUzBWSlEwRm5TVU5QYkV0NVdVaDNFQUXgAQD6AQQIJRAx!16s%2Fg%2F11cmtqh3sf?entry=ttu&g_ep=EgoyMDI2MDMxOC4xIKXMDSoASAFQAw%3D%3D",-8.3359534,115.6495065,https://www.tiktok.com/@donfeast/video/7613301991518850335,https://www.tiktok.com/@deveatery/video/7611761122500267285,https://www.tiktok.com/@emmaniar/video/7602073330564254994
139,Galanga,Karangasem,4.7,1530,General Chill,"['taman', 'jamu', 'lava cake', 'bali', 'gubuk', 'kari nangka']",Rp 80–200k,Lunch atau dinner,"https://www.google.com/maps/place/Galanga/@-8.336829,115.6204032,14z/data=!4m10!1m2!2m1!1sMakan+enak+di+Amed+Bali!3m6!1s0x2dcdff6b8b9251a5:0xbac7b1966dc4fb2a!8m2!3d-8.3441523!4d115.6692417!15sChdNYWthbiBlbmFrIGRpIEFtZWQgQmFsaSIDqAEBWhkiF21ha2FuIGVuYWsgZGkgYW1lZCBiYWxpkgEQYXNpYW5fcmVzdGF1cmFudJoBJENoZERTVWhOTUc5blMwVkpRMEZuU1VOYVgyVnFUREJuUlJBQuABAPoBBAgAECQ!16s%2Fg%2F11cls7j9m5?entry=ttu&g_ep=EgoyMDI2MDMxOC4xIKXMDSoASAFQAw%3D%3D",-8.3441523,115.6692417,https://www.tiktok.com/@galangarestaurant/video/7561759563679010069,https://www.tiktok.com/@galangarestaurant/video/7563666126635388181,https://www.tiktok.com/@galangarestaurant/video/7564290854370757909
140,Warung Sabar,Karangasem,4.7,1437,Family Friendly,"['arak', 'mahi mahi', 'odeng', 'cumi', 'pepes', 'fruits de mer']",Rp 80–200k,Lunch jam 11am–2pm,"https://www.google.com/maps/place/Warung+Sabar/@-8.336829,115.6204032,14z/data=!4m10!1m2!2m1!1sMakan+enak+di+Amed+Bali!3m6!1s0x2dcdff6c1c79e80b:0x8c6b5a5a9600a1ee!8m2!3d-8.3476483!4d115.6803875!15sChdNYWthbiBlbmFrIGRpIEFtZWQgQmFsaSIDqAEBWhkiF21ha2FuIGVuYWsgZGkgYW1lZCBiYWxpkgETYmFsaW5lc2VfcmVzdGF1cmFudJoBRENpOURRVWxSUVVOdlpFTm9kSGxqUmpsdlQyNW9VVTVJYkhka1Z6UjNZbFJvY21OWFZqWmtiRlpzVkdwTk5HTkZSUkFC4AEA-gEECAAQGQ!16s%2Fg%2F11b7ztymdr?entry=ttu&g_ep=EgoyMDI2MDMxOC4xIKXMDSoASAFQAw%3D%3D",-8.3476483,115.6803875,https://www.tiktok.com/@warung_caksabar/video/7327186242217446661,https://www.tiktok.com/@warung_caksabar/video/7324874915134459141,
141,Warung Amed,Karangasem,4.7,444,General Chill,"['tutu', 'duck', 'snorkeling', 'masakan bali', 'nasi goreng', 'lotek']",Rp 50–150k,Lunch atau dinner,"https://www.google.com/maps/place/Warung+Amed/@-8.336829,115.6204032,14z/data=!4m10!1m2!2m1!1sMakan+enak+di+Amed+Bali!3m6!1s0x2dd201eaca37b3d5:0x3820167816c78174!8m2!3d-8.3353423!4d115.6524776!15sChdNYWthbiBlbmFrIGRpIEFtZWQgQmFsaSIDqAEBWhkiF21ha2FuIGVuYWsgZGkgYW1lZCBiYWxpkgEKcmVzdGF1cmFudJoBRENpOURRVWxSUVVOdlpFTm9kSGxqUmpsdlQyNWFTV0ZYZUZOYWJrWk1Va1YwTm1GSE5UQmxha3BtVkVWc1psSldSUkFC4AEA-gEECAAQLw!16s%2Fg%2F11s1rfqdvf?entry=ttu&g_ep=EgoyMDI2MDMxOC4xIKXMDSoASAFQAw%3D%3D",-8.3353423,115.6524776,https://www.tiktok.com/@ridhansrn__/video/7287138828765138182,https://www.tiktok.com/@marialeonyelvaretta/video/7622360638601415958,https://www.tiktok.com/@rahmah_ozzie/video/7573705152452906261
142,Joli Best View Cafe,Karangasem,4.7,1306,Sunset & View,"['sunset', 'konser', 'the view', 'gunung agung', 'teluk', 'snorkeling']",Rp 150–400k,Sunset jam 5–7pm,"https://www.google.com/maps/place/Joli+Best+View+Cafe/@-8.336829,115.6204032,14z/data=!4m10!1m2!2m1!1sMakan+enak+di+Amed+Bali!3m6!1s0x2dd2019a63dd6e31:0xa6b382b7793f9bc8!8m2!3d-8.3389285!4d115.661567!15sChdNYWthbiBlbmFrIGRpIEFtZWQgQmFsaSIDqAEBWhkiF21ha2FuIGVuYWsgZGkgYW1lZCBiYWxpkgEKcmVzdGF1cmFudJoBJENoZERTVWhOTUc5blMwVkpRMEZuU1VSU2RXSnVNbkpCUlJBQuABAPoBBAgOEEc!16s%2Fg%2F11h0tbmfl1?entry=ttu&g_ep=EgoyMDI2MDMxOC4xIKXMDSoASAFQAw%3D%3D",-8.3389285,115.661567,https://www.tiktok.com/@dave_evans/video/7583668714919316756,https://www.tiktok.com/@joli.best.view.cafe/video/7428502976852954375,https://www.tiktok.com/@alexandhayleyeats/video/7559576587256057110
143,Asmat Restaurant Amed,Karangasem,4.7,357,Sunset & View,"['kolam renang', 'penglihatan', 'the view', 'shuttle bus', 'adventure', 'dekorasi']",Rp 50–150k,Sunset jam 5–7pm,"https://www.google.com/maps/place/Asmat+Restaurant+Amed/@-8.3721945,115.6338939,14z/data=!4m10!1m2!2m1!1sMakan+enak+di+Amed+Bali!3m6!1s0x2dcdff83cd317821:0x58525c77b371af91!8m2!3d-8.3721945!4d115.6720027!15sChdNYWthbiBlbmFrIGRpIEFtZWQgQmFsaSIDqAEBWhkiF21ha2FuIGVuYWsgZGkgYW1lZCBiYWxpkgEKcmVzdGF1cmFudJoBJENoZERTVWhOTUc5blMwVkpRMEZuU1VObU9XUkROMjFuUlJBQuABAPoBBAgAEDc!16s%2Fg%2F11sck5lw9v?entry=ttu&g_ep=EgoyMDI2MDMxOC4xIKXMDSoASAFQAw%3D%3D",-8.3721945,115.6720027,https://www.tiktok.com/@edniceandaliceharman/video/7391959760246951175,https://www.tiktok.com/@free_spirit_denise/video/7540946893837208854,https://www.tiktok.com/@kupidara/video/7495370983256132869
144,Warung Osin,Karangasem,4.7,503,General Chill,"['rendang', 'kari ikan', 'nanas', 'kari ayam', 'cinnamon', 'jahe']",Rp 80–200k,Lunch atau dinner,"https://www.google.com/maps/place/Warung+Osin/@-8.3354505,115.6132612,14z/data=!4m10!1m2!2m1!1sMakan+enak+di+Amed+Bali!3m6!1s0x2dd2007d2ea84551:0x4f3840fa6f19d9bb!8m2!3d-8.3354505!4d115.65137!15sChdNYWthbiBlbmFrIGRpIEFtZWQgQmFsaSIDqAEBWhkiF21ha2FuIGVuYWsgZGkgYW1lZCBiYWxpkgETYmFsaW5lc2VfcmVzdGF1cmFudJoBJENoZERTVWhOTUc5blMwVkpRMEZuU1VSbU1HOTFUVE5SUlJBQuABAPoBBAgrECo!16s%2Fg%2F11b6hp2d6y?entry=ttu&g_ep=EgoyMDI2MDMxOC4xIKXMDSoASAFQAw%3D%3D",-8.3354505,115.65137,,,
145,Dhauteya Cafe & Resto- Amed,Karangasem,4.7,246,Sunset & View | Vibrant Nightlife,"['makan malam', 'samudra', 'atmosphere', 'pilihan', 'desain', 'bahan']",Rp 50–150k,Sunset jam 5–7pm,"https://www.google.com/maps/place/Dhauteya+Cafe+%26+Resto-+Amed/@-8.3354505,115.6132612,14z/data=!4m10!1m2!2m1!1sMakan+enak+di+Amed+Bali!3m6!1s0x2dcdffbbf808cbf1:0xdf434e2db040a762!8m2!3d-8.341537!4d115.6665797!15sChdNYWthbiBlbmFrIGRpIEFtZWQgQmFsaSIDqAEBWhkiF21ha2FuIGVuYWsgZGkgYW1lZCBiYWxpkgEKcmVzdGF1cmFudJoBI0NoWkRTVWhOTUc5blMwVkpRMEZuU1VST2REbFhka3QzRUFF4AEA-gEECAAQOg!16s%2Fg%2F11vpxr232q?entry=ttu&g_ep=EgoyMDI2MDMxOC4xIKXMDSoASAFQAw%3D%3D",-8.341537,115.6665797,https://www.tiktok.com/@dewi.ar24/video/7333973266954046726,https://www.tiktok.com/@dewi.ar24/video/7341536029410675974,https://www.tiktok.com/@dhauteya.villa/video/7449229586828676358
146,La Plage Amed,Karangasem,4.7,313,Sunset & View,"['pantai', 'gnocchi', 'cordon blue', 'lasagna', 'es krim gulung', 'mie goreng']",Rp 50–150k,Sunset jam 5–7pm,"https://www.google.com/maps/place/La+Plage+Amed/@-8.3354505,115.6132612,14z/data=!4m10!1m2!2m1!1sMakan+enak+di+Amed+Bali!3m6!1s0x2dd201464915358d:0x5baca52ced1b0700!8m2!3d-8.3352287!4d115.6520287!15sChdNYWthbiBlbmFrIGRpIEFtZWQgQmFsaSIDqAEBWhkiF21ha2FuIGVuYWsgZGkgYW1lZCBiYWxpkgEKcmVzdGF1cmFudJoBI0NoWkRTVWhOTUc5blMwVkpRMEZuU1VORU1HTkVTa1ozRUFF4AEA-gEECAAQQw!16s%2Fg%2F11tjpprcg0?entry=ttu&g_ep=EgoyMDI2MDMxOC4xIKXMDSoASAFQAw%3D%3D",-8.3352287,115.6520287,,,
147,Green Melon Warung Amed - The Best Restaurant in Amed,Karangasem,4.7,760,General Chill,"['bali', 'snorkling', 'nasi campur', 'kuliner', 'local food', 'pepes ikan']",Rp 80–200k,Lunch atau dinner,"https://www.google.com/maps/place/Green+Melon+Warung+Amed+-+The+Best+Restaurant+in+Amed/@-8.3580858,115.654849,14z/data=!4m10!1m2!2m1!1sMakan+enak+di+Amed+Bali!3m6!1s0x2dcdffd88bd5084d:0xf20e5d219d819a2d!8m2!3d-8.3580858!4d115.6929578!15sChdNYWthbiBlbmFrIGRpIEFtZWQgQmFsaSIDqAEBWhkiF21ha2FuIGVuYWsgZGkgYW1lZCBiYWxpkgEKcmVzdGF1cmFudJoBRENpOURRVWxSUVVOdlpFTm9kSGxqUmpsdlQyeFNNV1JXT1ZKaWJYZDBVakZTVTJGcmJGVmllazB6WWxWV05GRllZeEFC4AEA-gEECAAQOg!16s%2Fg%2F11fcv9hhbx?entry=ttu&g_ep=EgoyMDI2MDMxOC4xIKXMDSoASAFQAw%3D%3D",-8.3580858,115.6929578,https://www.tiktok.com/@jevinsoe/video/7596213658972081426,https://www.tiktok.com/@joli.best.view.cafe/video/7583299445333298453,
148,Amed Resto,Karangasem,4.7,286,Vibrant Nightlife,"['lobster', 'burger', 'cordon blue', 'barakuda', 'grill', 'service']",Rp 50–150k,Malam jam 7pm+,"https://www.google.com/maps/place/Amed+Resto/@-8.335679,115.6111627,14z/data=!4m10!1m2!2m1!1sMakan+enak+di+Amed+Bali!3m6!1s0x2dd20062e6fa4329:0x15b7280e1363ed3!8m2!3d-8.335679!4d115.6492715!15sChdNYWthbiBlbmFrIGRpIEFtZWQgQmFsaSIDqAEBWhkiF21ha2FuIGVuYWsgZGkgYW1lZCBiYWxpkgESc2VhZm9vZF9yZXN0YXVyYW50mgEkQ2hkRFNVaE5NRzluUzBWTU4xWjROMUJzT0hVdFpUTkJSUkFC4AEA-gEECAAQQQ!16s%2Fg%2F1q64g6pkk?entry=ttu&g_ep=EgoyMDI2MDMxOC4xIKXMDSoASAFQAw%3D%3D",-8.335679,115.6492715,,,
149,See You Again Cafe,Karangasem,4.7,972,Sunset & View,"['sunset', 'spesies', 'gunung agung', 'the view', 'teluk', 'udang bakar']",Rp 80–200k,Sunset jam 5–7pm,"https://www.google.com/maps/place/See+You+Again+Cafe/@-8.335679,115.6111627,14z/data=!4m10!1m2!2m1!1sMakan+enak+di+Amed+Bali!3m6!1s0x2dd2015958127111:0xfaba79b78f4a9b7!8m2!3d-8.3386064!4d115.6619983!15sChdNYWthbiBlbmFrIGRpIEFtZWQgQmFsaSIDqAEBWhkiF21ha2FuIGVuYWsgZGkgYW1lZCBiYWxpkgEKcmVzdGF1cmFudJoBI0NoWkRTVWhOTUc5blMwVk5TMnRzT1hwblowbFRkRWhCRUFF4AEA-gEECAAQOQ!16s%2Fg%2F11fslgfvhl?entry=ttu&g_ep=EgoyMDI2MDMxOC4xIKXMDSoASAFQAw%3D%3D",-8.3386064,115.6619983,,,
150,Bliss Cafe Amed,Karangasem,4.7,238,Vibrant Nightlife | Budget Friendly,"['harga', 'grill', 'pisang', 'barakuda', 'warung', 'kari ikan']",Rp 15–50k,Malam jam 7pm+,"https://www.google.com/maps/place/Bliss+Cafe+Amed/@-8.335679,115.6111627,14z/data=!4m10!1m2!2m1!1sMakan+enak+di+Amed+Bali!3m6!1s0x2dd20062fcc22ed7:0xce2ceb5517ae409d!8m2!3d-8.335543!4d115.6485432!15sChdNYWthbiBlbmFrIGRpIEFtZWQgQmFsaSIDqAEBWhkiF21ha2FuIGVuYWsgZGkgYW1lZCBiYWxpkgESc2VhZm9vZF9yZXN0YXVyYW504AEA!16s%2Fg%2F11b6bq3xcj?entry=ttu&g_ep=EgoyMDI2MDMxOC4xIKXMDSoASAFQAw%3D%3D",-8.335543,115.6485432,,,
151,Di Lipah Warung,Karangasem,4.7,395,General Chill,"['service', 'burger', 'dinner', 'bali', 'ikan lemadang', 'rempah']",Rp 50–150k,Lunch atau dinner,"https://www.google.com/maps/place/Di+Lipah+Warung/@-8.3472633,115.6413203,14z/data=!4m10!1m2!2m1!1sMakan+enak+di+Amed+Bali!3m6!1s0x2dcdff6b9a786e15:0x71b7521581aa9bd3!8m2!3d-8.3472633!4d115.6794291!15sChdNYWthbiBlbmFrIGRpIEFtZWQgQmFsaSIDqAEBWhkiF21ha2FuIGVuYWsgZGkgYW1lZCBiYWxpkgESc2VhZm9vZF9yZXN0YXVyYW50mgEkQ2hkRFNVaE5NRzluUzBWSlEwRm5TVVF5ZVV0UWNuWkJSUkFC4AEA-gEECAAQMQ!16s%2Fg%2F11bzt0kffp?entry=ttu&g_ep=EgoyMDI2MDMxOC4xIKXMDSoASAFQAw%3D%3D",-8.3472633,115.6794291,,,
152,Sama Sama Amed,Karangasem,4.7,462,Sunset & View | Work from Cafe,"['snorkeling', 'pantai', 'taman', 'bungalow', 'wifi', 'kamar tidur']",Rp 50–150k,Sunset jam 5–7pm,"https://www.google.com/maps/place/Sama+Sama+Amed/@-8.3472633,115.6413203,14z/data=!4m13!1m2!2m1!1sMakan+enak+di+Amed+Bali!3m9!1s0x2dd20080f17dcfc5:0x1fb5fe479ac88136!5m2!4m1!1i2!8m2!3d-8.3374934!4d115.6587435!15sChdNYWthbiBlbmFrIGRpIEFtZWQgQmFsaSIDqAEBWhkiF21ha2FuIGVuYWsgZGkgYW1lZCBiYWxpkgESc2VhZm9vZF9yZXN0YXVyYW50mgFEQ2k5RFFVbFJRVU52WkVOb2RIbGpSamx2VDI1V1RXTXdVbGhoUkd4TFZtczVSMVJXVW10UFZVWkhWbXRzV1UxclJSQULgAQD6AQQIABAM!16s%2Fg%2F12vtl_sy5?entry=ttu&g_ep=EgoyMDI2MDMxOC4xIKXMDSoASAFQAw%3D%3D",-8.3374934,115.6587435,,,
153,Warung Ketut,Karangasem,4.7,304,General Chill,"['panggang', 'bali', 'ikan lemadang', 'jus', 'nelayan', 'pepes ikan']",Rp 50–150k,Lunch atau dinner,"https://www.google.com/maps/place/Warung+Ketut/@-8.3472633,115.6413203,14z/data=!4m11!1m3!2m2!1sMakan+enak+di+Amed+Bali!6e5!3m6!1s0x2dcdff0767dbbcfb:0x331e3b146b00717e!8m2!3d-8.3498594!4d115.6810201!15sChdNYWthbiBlbmFrIGRpIEFtZWQgQmFsaSIDqAEBWhkiF21ha2FuIGVuYWsgZGkgYW1lZCBiYWxpkgEKcmVzdGF1cmFudJoBJENoZERTVWhOTUc5blMwVkpRMEZuU1VSUGNqWlFXWGxuUlJBQuABAPoBBAgAEEQ!16s%2Fg%2F11fb2mxzhj?entry=ttu&g_ep=EgoyMDI2MDMxOC4xIKXMDSoASAFQAw%3D%3D",-8.3498594,115.6810201,,,
154,Sweet Harmonia Restaurant Amed,Karangasem,4.7,126,Sunset & View | Budget Friendly,"['harga', 'pilihan', 'india', 'vegan', 'ikannya', 'hidangan asia']",Rp 15–50k,Sunset jam 5–7pm,"https://www.google.com/maps/place/Sweet+Harmonia+Restaurant+Amed/@-8.3350651,115.6044889,14z/data=!4m11!1m3!2m2!1sMakan+enak+di+Amed+Bali!6e5!3m6!1s0x2dd201e1ffc30c9b:0xef40861d569a4304!8m2!3d-8.3350651!4d115.6425977!15sChdNYWthbiBlbmFrIGRpIEFtZWQgQmFsaSIDqAEBWhkiF21ha2FuIGVuYWsgZGkgYW1lZCBiYWxpkgEKcmVzdGF1cmFudJoBJENoZERTVWhOTUc5blMwVkpRMEZuVFVSSk4yUk1YMTlSUlJBQuABAPoBBAgAEEg!16s%2Fg%2F11x315lj64?entry=ttu&g_ep=EgoyMDI2MDMxOC4xIKXMDSoASAFQAw%3D%3D",-8.3350651,115.6425977,,,
155,Our Place Cafe & Restaurant - Amed,Karangasem,4.7,47,Sunset & View,"['pilihan', 'kuliner', 'shakshouka', 'french toast', 'gunung agung', 'nasi uduk']",Rp 50–150k,Sunset jam 5–7pm,"https://www.google.com/maps/place/Our+Place+Cafe+%26+Restaurant+-+Amed/@-8.3350651,115.6044889,14z/data=!4m11!1m3!2m2!1sMakan+enak+di+Amed+Bali!6e5!3m6!1s0x2dd201959cf30b63:0xf4e6567b4baf281e!8m2!3d-8.334224!4d115.6337987!15sChdNYWthbiBlbmFrIGRpIEFtZWQgQmFsaSIDqAEBWhkiF21ha2FuIGVuYWsgZGkgYW1lZCBiYWxpkgEKcmVzdGF1cmFudJoBRENpOURRVWxSUVVOdlpFTm9kSGxqUmpsdlQydzVUR0pYUmxwT1IwVTBXakJHVDAxSVVuTmxXRkpyVjFNeFYxbHRZeEFC4AEA-gEECAAQNw!16s%2Fg%2F11ys3smcpz?entry=ttu&g_ep=EgoyMDI2MDMxOC4xIKXMDSoASAFQAw%3D%3D",-8.334224,115.6337987,,,
156,Amed Pokebowl,Karangasem,4.7,526,Vibrant Nightlife,"['konser', 'cocktail', 'gyoza', 'sashimi', 'band', 'salmon']",Rp 80–200k,Malam jam 7pm+,"https://www.google.com/maps/place/Amed+Pokebowl/@-8.3350651,115.6044889,14z/data=!4m11!1m3!2m2!1sMakan+enak+di+Amed+Bali!6e5!3m6!1s0x2dd201ea29442d41:0x491565eda25bdd79!8m2!3d-8.3356873!4d115.6503484!15sChdNYWthbiBlbmFrIGRpIEFtZWQgQmFsaSIDqAEBWhkiF21ha2FuIGVuYWsgZGkgYW1lZCBiYWxpkgEKcmVzdGF1cmFudJoBJENoZERTVWhOTUc5blMwVkpRMEZuU1VOeWRXUk1kelpSUlJBQuABAPoBBAgAECY!16s%2Fg%2F11y3wtnjpx?entry=ttu&g_ep=EgoyMDI2MDMxOC4xIKXMDSoASAFQAw%3D%3D",-8.3356873,115.6503484,,,
157,Small Point Cafe Amed,Karangasem,4.7,165,Sunset & View,"['pizza', 'ikan', 'warung', 'nasi goreng', 'makan malam', 'mie goreng']",Rp 50–150k,Sunset jam 5–7pm,"https://www.google.com/maps/place/Small+Point+Cafe+Amed/@-8.3350651,115.6044889,14z/data=!4m11!1m3!2m2!1sMakan+enak+di+Amed+Bali!6e5!3m6!1s0x2dd201afb068853b:0xbba75a611401179b!8m2!3d-8.3358134!4d115.6507333!15sChdNYWthbiBlbmFrIGRpIEFtZWQgQmFsaSIDqAEBWhkiF21ha2FuIGVuYWsgZGkgYW1lZCBiYWxpkgEEY2FmZeABAA!16s%2Fg%2F11rsg2kfm5?entry=ttu&g_ep=EgoyMDI2MDMxOC4xIKXMDSoASAFQAw%3D%3D",-8.3358134,115.6507333,,,
158,Warung Sari Asih (local warung),Karangasem,4.7,218,General Chill,"['grill', 'makanan lokal', 'karaoke', 'nasi goreng', 'ikan bakar', 'beer']",Rp 50–150k,Lunch atau dinner,"https://www.google.com/maps/place/Warung+Sari+Asih+(local+warung)/@-8.3350651,115.6044889,14z/data=!4m11!1m3!2m2!1sMakan+enak+di+Amed+Bali!6e5!3m6!1s0x2dd20189a5015921:0xab812ad4a38c7212!8m2!3d-8.3337401!4d115.6404018!15sChdNYWthbiBlbmFrIGRpIEFtZWQgQmFsaSIDqAEBWhkiF21ha2FuIGVuYWsgZGkgYW1lZCBiYWxpkgETYmFsaW5lc2VfcmVzdGF1cmFudJoBRENpOURRVWxSUVVOdlpFTm9kSGxqUmpsdlQydEdRazVFVW0xaFIyTXpWRmhDTmxSR1pERlNNRXB0VDBVMWExRXpZeEFC4AEA-gEECAAQKQ!16s%2Fg%2F11mvvgjyfn?entry=ttu&g_ep=EgoyMDI2MDMxOC4xIKXMDSoASAFQAw%3D%3D",-8.3337401,115.6404018,,,
159,Warung Melasti,Karangasem,4.7,202,Sunset & View,"['ikan', 'gunung agung', 'grill', 'brownies', 'kari', 'service']",Rp 50–150k,Sunset jam 5–7pm,"https://www.google.com/maps/place/Warung+Melasti/@-8.3350651,115.6044889,14z/data=!4m11!1m3!2m2!1sMakan+enak+di+Amed+Bali!6e5!3m6!1s0x2dd2005948234f91:0x2b4fba2b5cb4b7d8!8m2!3d-8.3350396!4d115.6326314!15sChdNYWthbiBlbmFrIGRpIEFtZWQgQmFsaSIDqAEBWhkiF21ha2FuIGVuYWsgZGkgYW1lZCBiYWxpkgEKcmVzdGF1cmFudJoBI0NoWkRTVWhOTUc5blMwVkpRMEZuU1VOVVozWkxSMFpuRUFF4AEA-gEECAAQNg!16s%2Fg%2F11c80hszy_?entry=ttu&g_ep=EgoyMDI2MDMxOC4xIKXMDSoASAFQAw%3D%3D",-8.3350396,115.6326314,,,
160,To The Moon cafe Umalas,Klungkung,4.7,351,General Chill,"['cotton candy', 'atmosphere', 'sushi', 'tuna', 'makan siang', 'the menu']",Rp 50–150k,Lunch atau dinner,"https://www.google.com/maps/place/To+The+Moon+cafe+Umalas/@-8.654705,115.0770973,13z/data=!4m9!1m2!2m1!1sRestoran+Nusa+Penida!3m5!1s0x2dd247abd3353831:0x9f849fc2bff1cc6c!8m2!3d-8.6547048!4d115.1533151!16s%2Fg%2F11xghv8_jh?entry=ttu&g_ep=EgoyMDI2MDMxOC4xIKXMDSoASAFQAw%3D%3D",-8.6547048,115.1533151,,,
161,The Acala Shri Sedana,Klungkung,4.7,511,General Chill,[],Rp 80–200k,Lunch atau dinner,"https://www.google.com/maps/place/The+Acala+Shri+Sedana/@-8.689709,115.3750943,13z/data=!4m12!1m2!2m1!1sRestoran+Nusa+Penida!3m8!1s0x2dd26d713242a433:0x3f11dd308a0a5fe0!5m2!4m1!1i2!8m2!3d-8.6897091!4d115.4513123!16s%2Fg%2F11f5794xwc?entry=ttu&g_ep=EgoyMDI2MDMxOC4xIKXMDSoASAFQAw%3D%3D",-8.6897091,115.4513123,https://www.tiktok.com/@celestevenema/video/7555887519036935456,,
162,Mambo Beach Restaurant | Beach Bar & Cafe Nusa Penida,Klungkung,4.7,8131,Sunset & View | Vibrant Nightlife,"['live music', 'sunset', 'kolam renang', 'samudra', 'snorkling', 'bean bag']",Rp 150–400k,Sunset jam 5–7pm,"https://www.google.com/maps/place/Mambo+Beach+Restaurant+%7C+Beach+Bar+%26+Cafe+Nusa+Penida/@-8.689709,115.3750943,13z/data=!4m10!1m2!2m1!1sRestoran+Nusa+Penida!3m6!1s0x2dd2730d02ab3e85:0x8fe6734191cadc26!8m2!3d-8.6728064!4d115.5006785!15sChRSZXN0b3JhbiBOdXNhIFBlbmlkYVoWIhRyZXN0b3JhbiBudXNhIHBlbmlkYZIBCnJlc3RhdXJhbnSaASRDaGREU1VoTk1HOW5TMFZKUTBGblNVUnFjMlJ5VXpGUlJSQULgAQD6AQQIABBH!16s%2Fg%2F11tcfs39js?entry=ttu&g_ep=EgoyMDI2MDMxOC4xIKXMDSoASAFQAw%3D%3D",-8.6728064,115.5006785,,,
163,Secret Penida Restaurant & Bar,Klungkung,4.7,6641,Sunset & View,"['sunset', 'samudra', 'kolam renang', 'konser', 'speaking', 'the view']",Rp 150–400k,Sunset jam 5–7pm,"https://www.google.com/maps/place/Secret+Penida+Restaurant+%26+Bar/@-8.6775625,115.4497198,13z/data=!4m10!1m2!2m1!1sRestoran+Nusa+Penida!3m6!1s0x2dd273d94d80c4b1:0x788a5facdc1e530e!8m2!3d-8.6775625!4d115.5259375!15sChRSZXN0b3JhbiBOdXNhIFBlbmlkYVoWIhRyZXN0b3JhbiBudXNhIHBlbmlkYZIBEndlc3Rlcm5fcmVzdGF1cmFudJoBRENpOURRVWxSUVVOdlpFTm9kSGxqUmpsdlQycG9WVTVyYkhWYU1Ea3dWVEkxZEZwc1FrOWhSVmsxWWtkSmRGVldSUkFC4AEA-gEECBUQSQ!16s%2Fg%2F11swffsxc4?entry=ttu&g_ep=EgoyMDI2MDMxOC4xIKXMDSoASAFQAw%3D%3D",-8.6775625,115.5259375,https://www.tiktok.com/@itscherle/video/7626332883837340946,https://www.tiktok.com/@erlinabrsijabatsh.fjelaw/video/7624792547793177864,
164,Coco Penida Restaurant & Bar,Klungkung,4.7,3535,Sunset & View,"['pantai', 'konser', 'sunset', 'kue cokelat cair', 'the view', 'shisha']",Rp 150–400k,Sunset jam 5–7pm,"https://www.google.com/maps/place/Coco+Penida+Restaurant+%26+Bar/@-8.6775625,115.4497198,13z/data=!4m10!1m2!2m1!1sRestoran+Nusa+Penida!3m6!1s0x2dd2736554734fa5:0x6d5b0acfb0b91f1b!8m2!3d-8.6761235!4d115.5132366!15sChRSZXN0b3JhbiBOdXNhIFBlbmlkYVoWIhRyZXN0b3JhbiBudXNhIHBlbmlkYZIBCnJlc3RhdXJhbnSaASNDaFpEU1VoTk1HOW5TMFZKUTBGblNVUnFNbHBIUTJWbkVBReABAPoBBAgAEEk!16s%2Fg%2F11qq3_c4_w?entry=ttu&g_ep=EgoyMDI2MDMxOC4xIKXMDSoASAFQAw%3D%3D",-8.6761235,115.5132366,,,
165,Penida Colada Beach Bar,Klungkung,4.7,5350,Sunset & View | Vibrant Nightlife,"['live music', 'laksmi', 'samudra', 'landak', 'snorkeling', 'gunung agung']",Rp 150–400k,Sunset jam 5–7pm,"https://www.google.com/maps/place/Penida+Colada+Beach+Bar/@-8.6775625,115.4497198,13z/data=!4m10!1m2!2m1!1sRestoran+Nusa+Penida!3m6!1s0x2dd272517c9e3f37:0x28c8f3335f55e894!8m2!3d-8.6756741!4d115.5117485!15sChRSZXN0b3JhbiBOdXNhIFBlbmlkYVoWIhRyZXN0b3JhbiBudXNhIHBlbmlkYZIBCnJlc3RhdXJhbnSaAURDaTlEUVVsUlFVTnZaRU5vZEhsalJqbHZUMnM1U1dWRVZrcFdSbFptWVdwUk5XUXhWbXBhUkVKSVlta3dlRlpXUlJBQuABAPoBBQiXARA7!16s%2Fg%2F11bw4x6rj8?entry=ttu&g_ep=EgoyMDI2MDMxOC4xIKXMDSoASAFQAw%3D%3D",-8.6756741,115.5117485,https://www.tiktok.com/@sandywiigunaa/video/7619371105748372754,https://www.tiktok.com/@penidacolada/video/7320043425754041606,https://www.tiktok.com/@penidacolada/video/7332726111551491334
166,The Rich Penida Restaurant & Bar,Klungkung,4.7,1525,Sunset & View,"['kolam renang', 'konser', 'taco', 'pad thai', 'kaeng khiao wan', 'sistem saraf simpatis']",Rp 150–400k,Sunset jam 5–7pm,"https://www.google.com/maps/place/The+Rich+Penida+Restaurant+%26+Bar/@-8.6775625,115.4497198,13z/data=!4m10!1m2!2m1!1sRestoran+Nusa+Penida!3m6!1s0x2dd273a79ee92d57:0x3e8d876666783220!8m2!3d-8.6776857!4d115.5246264!15sChRSZXN0b3JhbiBOdXNhIFBlbmlkYVoWIhRyZXN0b3JhbiBudXNhIHBlbmlkYZIBEndlc3Rlcm5fcmVzdGF1cmFudJoBRENpOURRVWxSUVVOdlpFTm9kSGxqUmpsdlQyNWFZVkY2Vm1waGVsWndWbXhDVEU1V1p6Sk9SMDQwWkc1S1ZreFlZeEFC4AEA-gEECDYQRQ!16s%2Fg%2F11gy7s6frm?entry=ttu&g_ep=EgoyMDI2MDMxOC4xIKXMDSoASAFQAw%3D%3D",-8.6776857,115.5246264,https://www.tiktok.com/@niwayanrinakurnia0/video/7591730616446602516,https://www.tiktok.com/@penidacolada/video/7631393297071623444,https://www.tiktok.com/@secretpenida/video/7610974439475301653
167,Holy penida restoran n bar,Klungkung,4.7,498,Sunset & View | Vibrant Nightlife,"['pizza', 'cocktail', 'pantai', 'happy hour', 'konser', 'service charge']",Rp 50–150k,Sunset jam 5–7pm,"https://www.google.com/maps/place/Holy+penida+restoran+n+bar/@-8.6775625,115.4497198,13z/data=!4m10!1m2!2m1!1sRestoran+Nusa+Penida!3m6!1s0x2dd2738b348104b1:0x5bd96edb8407cd8b!8m2!3d-8.6735914!4d115.4981091!15sChRSZXN0b3JhbiBOdXNhIFBlbmlkYVoWIhRyZXN0b3JhbiBudXNhIHBlbmlkYZIBCnJlc3RhdXJhbnSaAURDaTlEUVVsUlFVTnZaRU5vZEhsalJqbHZUMnhXTWxWR1pIRlJiRUp1VkVkT2NFMXRUbGhTZWs1TFVWVldNbFpWUlJBQuABAPoBBAgAECM!16s%2Fg%2F11jt7r6_gp?entry=ttu&g_ep=EgoyMDI2MDMxOC4xIKXMDSoASAFQAw%3D%3D",-8.6735914,115.4981091,https://www.tiktok.com/@arnashirasakha/video/7607779537442721032,https://www.tiktok.com/@travelling.nusapenida/video/7506189901239471416,https://www.tiktok.com/@travelling.nusapenida/video/7529509772278631686
168,Warnakali Restaurant Nusa Penida,Klungkung,4.7,350,Sunset & View | Vibrant Nightlife,"['sunset', 'makan malam', 'pulau', 'cocktail', 'musik', 'the view']",Rp 50–150k,Sunset jam 5–7pm,"https://www.google.com/maps/place/Warnakali+Restaurant+Nusa+Penida/@-8.6775625,115.4497198,13z/data=!4m10!1m2!2m1!1sRestoran+Nusa+Penida!3m6!1s0x2dd273421ef33c6f:0x11b89a1cbad64d58!8m2!3d-8.6842483!4d115.4830873!15sChRSZXN0b3JhbiBOdXNhIFBlbmlkYVoWIhRyZXN0b3JhbiBudXNhIHBlbmlkYZIBCnJlc3RhdXJhbnSaASRDaGREU1VoTk1HOW5TMFZPYWtZellWUm5iWFYxYTJkM1JSQULgAQD6AQQIABAf!16s%2Fg%2F11h7k83dkb?entry=ttu&g_ep=EgoyMDI2MDMxOC4xIKXMDSoASAFQAw%3D%3D",-8.6842483,115.4830873,https://www.tiktok.com/@ajinaxa_/video/7452143738337381637,https://www.tiktok.com/@easyjourneybali/video/7303138397227371782,https://www.tiktok.com/@senimanmusiman_/video/7606978950425890068
169,The Chill,Klungkung,4.7,3542,Sunset & View,"['samudra', 'handuk', 'sunset', 'infinity pool', 'konser', 'gunung agung']",Rp 150–400k,Sunset jam 5–7pm,"https://www.google.com/maps/place/The+Chill/@-8.6775625,115.4497198,13z/data=!4m10!1m2!2m1!1sRestoran+Nusa+Penida!3m6!1s0x2dd27591328c6b31:0xf96bc24604be8b1b!8m2!3d-8.682506!4d115.576129!15sChRSZXN0b3JhbiBOdXNhIFBlbmlkYVoWIhRyZXN0b3JhbiBudXNhIHBlbmlkYZIBCnJlc3RhdXJhbnSaASRDaGREU1VoTk1HOW5TMFZKUTBGblNVTmlNMXBpYVcxUlJSQULgAQD6AQQIABBG!16s%2Fg%2F11j0zsh8c8?entry=ttu&g_ep=EgoyMDI2MDMxOC4xIKXMDSoASAFQAw%3D%3D",-8.682506,115.576129,https://www.tiktok.com/@ratich.palgunadi/video/7623204652309417237,https://www.tiktok.com/@dhasxxxx/video/7560216593947626774,https://www.tiktok.com/@doyanmakan936/video/7626714794321628424
170,Amok Sunset Restaurant & Bar,Klungkung,4.7,3439,Sunset & View,"['matahari terbenam', 'kolam renang', 'rekening pensiun perorangan', 'the view', 'scooter', 'indah']",Rp 150–400k,Sunset jam 5–7pm,"https://www.google.com/maps/place/Amok+Sunset+Restaurant+%26+Bar/@-8.7056559,115.3893063,13z/data=!4m10!1m2!2m1!1sRestoran+Nusa+Penida!3m6!1s0x2dd26d8029cdd447:0x7b44db9af98a45b8!8m2!3d-8.7056559!4d115.465524!15sChRSZXN0b3JhbiBOdXNhIFBlbmlkYVoWIhRyZXN0b3JhbiBudXNhIHBlbmlkYZIBCnJlc3RhdXJhbnSaAURDaTlEUVVsUlFVTnZaRU5vZEhsalJqbHZUMjFvVVZaV1dqQlVNbkJoVWpBMWNVMUdWbkJhZW14SldWWk9jRkV3UlJBQuABAPoBBAgAEDc!16s%2Fg%2F11g2xsf033?entry=ttu&g_ep=EgoyMDI2MDMxOC4xIKXMDSoASAFQAw%3D%3D",-8.7056559,115.465524,https://www.tiktok.com/@vanessa_wltr01/video/7528814920540998934,https://www.tiktok.com/@stasy_trevel_/video/7592607211780853003,https://www.tiktok.com/@amok.sunset/video/7326352899896888581
171,Warung NG (NG Restaurant),Klungkung,4.7,607,Work from Cafe,"['semangka', 'wifi', 'makanan lokal', 'pulau', 'keramahan', 'kuliner']",Rp 80–200k,Pagi–sore jam 9am–5pm,"https://www.google.com/maps/place/Warung+NG+(NG+Restaurant)/@-8.7056559,115.3893063,13z/data=!4m10!1m2!2m1!1sRestoran+Nusa+Penida!3m6!1s0x2dd271863ba5bd0b:0x428738fab600171d!8m2!3d-8.7167449!4d115.5035669!15sChRSZXN0b3JhbiBOdXNhIFBlbmlkYVoWIhRyZXN0b3JhbiBudXNhIHBlbmlkYZIBCnJlc3RhdXJhbnSaAURDaTlEUVVsUlFVTnZaRU5vZEhsalJqbHZUMnRPY1UxRVFuTlZibHB2VkVaa1UyRlVXa3BhYkRoNVVXMDFlRTV0WXhBQuABAPoBBAgAEEM!16s%2Fg%2F11ddx1t5ct?entry=ttu&g_ep=EgoyMDI2MDMxOC4xIKXMDSoASAFQAw%3D%3D",-8.7167449,115.5035669,,,
172,La Rossa Penida Restaurant & Nonas Night Club,Klungkung,4.7,953,Sunset & View | Vibrant Nightlife,"['kolam renang', 'cocktail', 'sunset', 'sushi', 'konser', 'dewik']",Rp 80–200k,Sunset jam 5–7pm,"https://www.google.com/maps/place/La+Rossa+Penida+Restaurant+%26+Nonas+Night+Club/@-8.7056559,115.3893063,13z/data=!4m10!1m2!2m1!1sRestoran+Nusa+Penida!3m6!1s0x2dd273006a2ae623:0x1bc163e7722f67aa!8m2!3d-8.6727683!4d115.500411!15sChRSZXN0b3JhbiBOdXNhIFBlbmlkYVoWIhRyZXN0b3JhbiBudXNhIHBlbmlkYZIBCnJlc3RhdXJhbnSaAURDaTlEUVVsUlFVTnZaRU5vZEhsalJqbHZUMnBXVUZZd01ERmFNREZRVFcxME5FOVdiSHBYVkZaMldXeEtabHBXUlJBQuABAPoBBAgAEDg!16s%2Fg%2F11ydtkwkx0?entry=ttu&g_ep=EgoyMDI2MDMxOC4xIKXMDSoASAFQAw%3D%3D",-8.6727683,115.500411,https://www.tiktok.com/@aca.traveler/video/7552548130982530315,https://www.tiktok.com/@larossanusapenida/video/7580307006955867399,https://www.tiktok.com/@hannahjadeyy1/video/7618919040521620758
173,Kelapa Penida Bar And Restaurant,Klungkung,4.7,1557,Vibrant Nightlife,"['mie goreng', 'ikan bakar', 'masakan indonesia', 'smoothie bowl', 'ikan bakar', 'snorkeling']",Rp 150–400k,Malam jam 7pm+,"https://www.google.com/maps/place/Kelapa+Penida+Bar+And+Restaurant/@-8.7056559,115.3893063,13z/data=!4m10!1m2!2m1!1sRestoran+Nusa+Penida!3m6!1s0x2dd273a358e4e4ab:0x112e0fd1b2d2484e!8m2!3d-8.6778544!4d115.4908514!15sChRSZXN0b3JhbiBOdXNhIFBlbmlkYVoWIhRyZXN0b3JhbiBudXNhIHBlbmlkYZIBCnJlc3RhdXJhbnSaASRDaGREU1VoTk1HOW5TMFZKUTBGblNVTjRjbUUyWmw5QlJSQULgAQD6AQQIABAv!16s%2Fg%2F11txn_sp7v?entry=ttu&g_ep=EgoyMDI2MDMxOC4xIKXMDSoASAFQAw%3D%3D",-8.6778544,115.4908514,https://www.tiktok.com/@travelling.nusapenida/video/7566136488409304341,https://www.tiktok.com/@travelling.nusapenida/video/7602881892953771285,https://www.tiktok.com/@penidacolada/video/7628862041251433748
174,ENJOY PENIDA,Klungkung,4.7,455,Sunset & View | Work from Cafe | Vibrant Nightlife | Budget Friendly,"['pulau', 'mie goreng', 'musik', 'sunset', 'rasio hargakinerja', 'masakan indonesia']",Rp 15–50k,Sunset jam 5–7pm,"https://www.google.com/maps/place/ENJOY+PENIDA/@-8.6765887,115.4617695,13z/data=!4m10!1m2!2m1!1sRestoran+Nusa+Penida!3m6!1s0x2dd2730cd95ffd79:0x12a8f0579918c168!8m2!3d-8.6765887!4d115.5379872!15sChRSZXN0b3JhbiBOdXNhIFBlbmlkYVoWIhRyZXN0b3JhbiBudXNhIHBlbmlkYZIBCnJlc3RhdXJhbnSaASNDaFpEU1VoTk1HOW5TMFZKUTBGblRVTnZPWE5oWmxGUkVBReABAPoBBQj1BxAn!16s%2Fg%2F11h7ps_mc6?entry=ttu&g_ep=EgoyMDI2MDMxOC4xIKXMDSoASAFQAw%3D%3D",-8.6765887,115.5379872,https://www.tiktok.com/@baliexcitedtour/video/7605431962974702866,https://www.tiktok.com/@ikadek.dita4/video/7530229553336225030,https://www.tiktok.com/@tripnusanadhi/video/7633294804524240149
175,BTM Penida,Klungkung,4.7,2185,General Chill,"['snorkeling', 'nasi goreng', 'mie goreng', 'masakan indonesia', 'jus semangka', 'soto ayam']",Rp 80–200k,Lunch atau dinner,"https://www.google.com/maps/place/BTM+Penida/@-8.6765887,115.4617695,13z/data=!4m10!1m2!2m1!1sRestoran+Nusa+Penida!3m6!1s0x2dd271d504496281:0x13aaba831705e994!8m2!3d-8.7200092!4d115.5052033!15sChRSZXN0b3JhbiBOdXNhIFBlbmlkYVoWIhRyZXN0b3JhbiBudXNhIHBlbmlkYZIBCnJlc3RhdXJhbnSaASRDaGREU1VoTk1HOW5TMFZKUTBGblNVTjRNVjlYT1dwQlJSQULgAQD6AQQIABAu!16s%2Fg%2F11gfjd48xg?entry=ttu&g_ep=EgoyMDI2MDMxOC4xIKXMDSoASAFQAw%3D%3D",-8.7200092,115.5052033,,,
176,Warung Forest,Klungkung,4.7,586,General Chill,"['pulau', 'jus', 'kepemilikan', 'taman', 'makanan tradisional', 'pemilik']",Rp 80–200k,Lunch atau dinner,"https://www.google.com/maps/place/Warung+Forest/@-8.718449,115.5158426,13z/data=!4m10!1m2!2m1!1sRestoran+Nusa+Penida!3m6!1s0x2dd27697d7702a61:0xc0980e4f8642044a!8m2!3d-8.718449!4d115.5920603!15sChRSZXN0b3JhbiBOdXNhIFBlbmlkYVoWIhRyZXN0b3JhbiBudXNhIHBlbmlkYZIBCnJlc3RhdXJhbnSaAURDaTlEUVVsUlFVTnZaRU5vZEhsalJqbHZUMjFTTUU1dVVYUlVNazVTV1hreFZGTXdSVEJsYTAwMVdtMXdNMU5yUlJBQuABAPoBBAgAEDs!16s%2Fg%2F11c2q4zg_8?entry=ttu&g_ep=EgoyMDI2MDMxOC4xIKXMDSoASAFQAw%3D%3D",-8.718449,115.5920603,https://www.tiktok.com/@deboracsorgo/video/7610244565638974742,https://www.tiktok.com/@otw_melali/video/7554613979767721234,https://www.tiktok.com/@vendome_foodie/video/7548120808158334210
177,Wyn's Penida Cafe,Klungkung,4.7,3131,General Chill,"['konser', 'pulau', 'smoothie bowl', 'penyanyi', 'nanta', 'roti panggang alpukat']",Rp 80–200k,Lunch atau dinner,"https://www.google.com/maps/place/Wyn's+Penida+Cafe/@-8.6791323,115.4136304,13z/data=!4m10!1m2!2m1!1sRestoran+Nusa+Penida!3m6!1s0x2dd273973887b7d5:0x63373f98a3331380!8m2!3d-8.6791323!4d115.4898481!15sChRSZXN0b3JhbiBOdXNhIFBlbmlkYVoWIhRyZXN0b3JhbiBudXNhIHBlbmlkYZIBCnJlc3RhdXJhbnSaASNDaFpEU1VoTk1HOW5TMFZKUTBGblNVUktNV1JoTldKbkVBReABAPoBBAgAECQ!16s%2Fg%2F11mvp1d95b?entry=ttu&g_ep=EgoyMDI2MDMxOC4xIKXMDSoASAFQAw%3D%3D",-8.6791323,115.4898481,https://www.tiktok.com/@wynscafe.penida/video/7626425239672458517,https://www.tiktok.com/@wynscafe.penida/video/7626424564444171541,https://www.tiktok.com/@sasensop/video/7593744066433600801
178,"Kelingking Bar, Coffee and Restaurant",Klungkung,4.7,3381,Sunset & View,"['smoothie bowl', 'pantai kelingking', 'mi goreng', 'sate ayam', 'ayam mete', 'mangkuk mangga']",Rp 150–400k,Sunset jam 5–7pm,"https://www.google.com/maps/place/Kelingking+Bar,+Coffee+and+Restaurant/@-8.7466472,115.4009968,13z/data=!4m10!1m2!2m1!1sRestoran+Nusa+Penida!3m6!1s0x2dd271b1565d4a43:0x5f802ee7ccad67ac!8m2!3d-8.7466472!4d115.4772145!15sChRSZXN0b3JhbiBOdXNhIFBlbmlkYVoWIhRyZXN0b3JhbiBudXNhIHBlbmlkYZIBCnJlc3RhdXJhbnSaASNDaFpEU1VoTk1HOW5TMFZKUTBGblNVTm9OV015YkdSM0VBReABAPoBBAgAEEc!16s%2Fg%2F11fkr3m1lp?entry=ttu&g_ep=EgoyMDI2MDMxOC4xIKXMDSoASAFQAw%3D%3D",-8.7466472,115.4772145,https://www.tiktok.com/@kbr_2019/video/7354589688134470918,https://www.tiktok.com/@kbr_2019/video/7348661836939644166,https://www.tiktok.com/@kbr_2019/video/7581735464529382676
179,Kima Bay Restaurant & Bar,Klungkung,4.7,688,Vibrant Nightlife,"['cocktail', 'hutan rimba', 'pulau', 'jazz', 'konser', 'kue cokelat cair']",Rp 80–200k,Malam jam 7pm+,"https://www.google.com/maps/place/Kima+Bay+Restaurant+%26+Bar/@-8.7466472,115.4009968,13z/data=!4m10!1m2!2m1!1sRestoran+Nusa+Penida!3m6!1s0x2dd26df78748cf97:0x1f16ccd1cd8ee600!8m2!3d-8.7120625!4d115.4679375!15sChRSZXN0b3JhbiBOdXNhIFBlbmlkYVoWIhRyZXN0b3JhbiBudXNhIHBlbmlkYZIBCnJlc3RhdXJhbnSaASRDaGREU1VoTk1HOW5TMFZKUTBGblNVTTNlalpZVGpCUlJSQULgAQD6AQQIABBJ!16s%2Fg%2F11vyybg7hn?entry=ttu&g_ep=EgoyMDI2MDMxOC4xIKXMDSoASAFQAw%3D%3D",-8.7120625,115.4679375,https://www.tiktok.com/@svevaacienzo/video/7636042130095361302,https://www.tiktok.com/@scranwithsmok/video/7528151765326548246,https://www.tiktok.com/@nova_namanyaa/video/7585938966440987911
180,Ogix Warung (Grilled fish specials),Klungkung,4.7,1021,Sunset & View | Budget Friendly,"['samudra', 'sate', 'the view', 'nasi goreng', 'pemandangan', 'ikan bakar']",Rp 15–50k,Sunset jam 5–7pm,"https://www.google.com/maps/place/Ogix+Warung+(Grilled+fish+specials)/@-8.715743,115.5175399,13z/data=!4m11!1m3!2m2!1sRestoran+Nusa+Penida!6e5!3m6!1s0x2dd27697bb0a55f9:0x900289f874105e67!8m2!3d-8.715743!4d115.5937576!15sChRSZXN0b3JhbiBOdXNhIFBlbmlkYVoWIhRyZXN0b3JhbiBudXNhIHBlbmlkYZIBEnNlYWZvb2RfcmVzdGF1cmFudJoBI0NoWkRTVWhOTUc5blMwVkpRMEZuU1VSSWJuTnRRa2xCRUFF4AEA-gEECAAQRA!16s%2Fg%2F11g8ykzhck?entry=ttu&g_ep=EgoyMDI2MDMxOC4xIKXMDSoASAFQAw%3D%3D",-8.715743,115.5937576,https://www.tiktok.com/@ogixwarung/video/7328608483102821637,,
181,Cactus Beach Club & Restaurant,Klungkung,4.7,2685,Sunset & View,"['kolam renang', 'samudra', 'sunset', 'handuk', 'relaksasi', 'shisha']",Rp 150–400k,Sunset jam 5–7pm,"https://www.google.com/maps/place/Cactus+Beach+Club+%26+Restaurant/@-8.715743,115.5175399,13z/data=!4m11!1m3!2m2!1sRestoran+Nusa+Penida!6e5!3m6!1s0x2dd2754da190d497:0xa1d23ce19444f45a!8m2!3d-8.6924428!4d115.5808889!15sChRSZXN0b3JhbiBOdXNhIFBlbmlkYVoWIhRyZXN0b3JhbiBudXNhIHBlbmlkYZIBCnJlc3RhdXJhbnSaASNDaFpEU1VoTk1HOW5TMFZKTWpKNFgyWktlR1pwTlVWUkVBReABAPoBBAgAEEY!16s%2Fg%2F11jzrdz9nt?entry=ttu&g_ep=EgoyMDI2MDMxOC4xIKXMDSoASAFQAw%3D%3D",-8.6924428,115.5808889,https://www.tiktok.com/@smw_ventures/video/7518982064394292494,https://www.tiktok.com/@asia_in_travel/video/7582528516843949334,https://www.tiktok.com/@asia_in_travel/video/7491928088406805782
182,NOMÉ BEACH Restaurant & Bar | Nusa Penida,Klungkung,4.7,1585,Sunset & View | Vibrant Nightlife | Romantic & Cozy,"['kolam renang', 'cocktail', 'samudra', 'snorkling', 'sunset', 'happy hour']",Rp 150–400k,Sunset jam 5–7pm,"https://www.google.com/maps/place/NOM%C3%89+BEACH+Restaurant+%26+Bar+%7C+Nusa+Penida/@-8.674517,115.4325523,13z/data=!4m10!1m3!2m2!1sRestoran+Nusa+Penida!6e5!3m5!1s0x2dd2737ee22fe651:0x78f16a8d25d1d692!8m2!3d-8.6745168!4d115.5087703!16s%2Fg%2F11s5cz3k0t?entry=ttu&g_ep=EgoyMDI2MDMxOC4xIKXMDSoASAFQAw%3D%3D",-8.6745168,115.5087703,https://www.tiktok.com/@nomebeach.penida/video/7595403505804905761,https://www.tiktok.com/@nomebeach.penida/video/7595770503776849185,https://www.tiktok.com/@nomebeach.penida/video/7591826209772768545
183,Bollywood Indian Cuisine Nusa Penida,Klungkung,4.7,1699,Vibrant Nightlife,"['masakan india', 'pulau', 'roti naan bawang putih', 'dal tadka', 'dal makhani', 'paneer butter masala']",Rp 150–400k,Malam jam 7pm+,"https://www.google.com/maps/place/Bollywood+Indian+Cuisine+Nusa+Penida/@-8.674517,115.4325523,13z/data=!4m11!1m3!2m2!1sRestoran+Nusa+Penida!6e5!3m6!1s0x2dd2735c677eb3d3:0x1335b9921bff95f4!8m2!3d-8.6740807!4d115.5504842!15sChRSZXN0b3JhbiBOdXNhIFBlbmlkYVoWIhRyZXN0b3JhbiBudXNhIHBlbmlkYZIBCnJlc3RhdXJhbnSaASRDaGREU1VoTk1HOW5TMFZKWVUxeE5FZFVlWEZVZVcxUlJSQULgAQD6AQQIABA5!16s%2Fg%2F11sk7d13j2?entry=ttu&g_ep=EgoyMDI2MDMxOC4xIKXMDSoASAFQAw%3D%3D",-8.6740807,115.5504842,https://www.tiktok.com/@nursewhovlogs/video/7569545746228219157,https://www.tiktok.com/@dexselyx/video/7401931123997166853,https://www.tiktok.com/@bollywoodindiancuisine/video/7618531072929729812
184,Eastside Penida Kitchen & Bar,Klungkung,4.7,1810,General Chill,"['pulau', 'diamond beach nusa penida', 'pasta makanan laut', 'yuta okkotsu', 'nusa penida tour atuh beach', 'smoothie bowl']",Rp 80–200k,Lunch atau dinner,"https://www.google.com/maps/place/Eastside+Penida+Kitchen+%26+Bar/@-8.775807,115.5322905,13z/data=!4m11!1m3!2m2!1sRestoran+Nusa+Penida!6e5!3m6!1s0x2dd277df901e55eb:0x204e1d8da46a297b!8m2!3d-8.775807!4d115.6085082!15sChRSZXN0b3JhbiBOdXNhIFBlbmlkYVoWIhRyZXN0b3JhbiBudXNhIHBlbmlkYZIBCnJlc3RhdXJhbnSaASRDaGREU1VoTk1HOW5TMFZKUTBGblNVTnlNalJETjJoM1JSQULgAQD6AQQIPRA3!16s%2Fg%2F11vyckdr7h?entry=ttu&g_ep=EgoyMDI2MDMxOC4xIKXMDSoASAFQAw%3D%3D",-8.775807,115.6085082,https://www.tiktok.com/@yalim.katravel/video/7596715478794489110,https://www.tiktok.com/@oneflorist_nusapenida/video/7576586949083860232,https://www.tiktok.com/@kiaya.travels/video/7515797685576764694
185,Rumah Makan Tegal Dadong,Jembrana,4.1,355,Family Friendly | Budget Friendly,"['harga', 'harga', 'kolam', 'sejuk', 'anak', 'luas']",Rp 15–50k,Lunch jam 11am–2pm,"https://www.google.com/maps/place/Rumah+Makan+Tegal+Dadong/@-8.3434455,114.4720147,12z/data=!4m10!1m2!2m1!1sKuliner+Jembrana+Negara!3m6!1s0x2dd1622177522c23:0xdc6630864b81e5a2!8m2!3d-8.3434455!4d114.62445!15sChdLdWxpbmVyIEplbWJyYW5hIE5lZ2FyYVoZIhdrdWxpbmVyIGplbWJyYW5hIG5lZ2FyYZIBFWlrYW5fYmFrYXJfcmVzdGF1cmFudJoBI0NoWkRTVWhOTUc5blMwVkpRMEZuU1VSRU5WbDFWR1ozRUFF4AEA-gEFCIIBEDw!16s%2Fg%2F11f0ky8dp7?entry=ttu&g_ep=EgoyMDI2MDMxOC4xIKXMDSoASAFQAw%3D%3D",-8.3434455,114.62445,https://www.tiktok.com/@imel.bsa12/video/7609654937244454162,https://www.tiktok.com/@kakaul11/video/7615935417233313045,https://www.tiktok.com/@warungtegalldadong/video/7605164681543634184
186,Warung Sri,Jembrana,4.1,613,Family Friendly | Budget Friendly,"['harga', 'harga', 'ayam bakar', 'masakannya', 'sambal', 'negara']",Rp 15–50k,Lunch jam 11am–2pm,"https://www.google.com/maps/place/Warung+Sri/@-8.3434455,114.4720147,12z/data=!4m10!1m2!2m1!1sKuliner+Jembrana+Negara!3m6!1s0x2dd1621d2d9968fd:0x75bda2483bea385b!8m2!3d-8.3565051!4d114.6215542!15sChdLdWxpbmVyIEplbWJyYW5hIE5lZ2FyYVoZIhdrdWxpbmVyIGplbWJyYW5hIG5lZ2FyYZIBCnJlc3RhdXJhbnSaASRDaGREU1VoTk1HOW5TMFZKUTBGblNVTXhjWFV6U3paM1JSQULgAQD6AQQIABAs!16s%2Fg%2F1hm1zf12w?entry=ttu&g_ep=EgoyMDI2MDMxOC4xIKXMDSoASAFQAw%3D%3D",-8.3565051,114.6215542,,,
187,Izzy Resto Negara,Jembrana,4.1,509,Budget Friendly,"['harga', 'panas', 'pesan', 'standar', 'pelayanan', 'motor']",Rp 15–50k,Lunch atau dinner,"https://www.google.com/maps/place/Izzy+Resto+Negara/@-8.3434455,114.4720147,12z/data=!4m10!1m2!2m1!1sKuliner+Jembrana+Negara!3m6!1s0x2dd16325b8ca6e4f:0x95599d896d0e3c6e!8m2!3d-8.3611932!4d114.6327574!15sChdLdWxpbmVyIEplbWJyYW5hIE5lZ2FyYVoZIhdrdWxpbmVyIGplbWJyYW5hIG5lZ2FyYZIBCnJlc3RhdXJhbnSaAURDaTlEUVVsUlFVTnZaRU5vZEhsalJqbHZUMnBqTUZNd1ZrVmliRkpGV1d0bmRGcHVhREpqVjBsNVRta3dkMkl6WXhBQuABAPoBBAgAED4!16s%2Fg%2F11qq2s5z3k?entry=ttu&g_ep=EgoyMDI2MDMxOC4xIKXMDSoASAFQAw%3D%3D",-8.3611932,114.6327574,,,
188,Rumah Makan Bidadari ᬭᬸᬫᬄᬫᬓᬦ᭄ᬩᬶᬤᬤᬭᬶ᭟,Jembrana,4.1,5741,Budget Friendly,"['harga', 'travel', 'prasmanan', 'bus', 'rest area', 'wisata']",Rp 15–50k,Lunch atau dinner,"https://www.google.com/maps/place/Rumah+Makan+Bidadari+%E1%AC%AD%E1%AC%B8%E1%AC%AB%E1%AC%84%E1%AC%AB%E1%AC%93%E1%AC%A6%E1%AD%84%E1%AC%A9%E1%AC%B6%E1%AC%A4%E1%AC%A4%E1%AC%AD%E1%AC%B6%E1%AD%9F/@-8.3434455,114.4720147,12z/data=!4m10!1m2!2m1!1sKuliner+Jembrana+Negara!3m6!1s0x2dd1604b54b1712b:0x87529175c06420f5!8m2!3d-8.344954!4d114.5714629!15sChdLdWxpbmVyIEplbWJyYW5hIE5lZ2FyYVoZIhdrdWxpbmVyIGplbWJyYW5hIG5lZ2FyYZIBFWluZG9uZXNpYW5fcmVzdGF1cmFudJoBJENoZERTVWhOTUc5blMwVkpRMEZuU1VST2RHWkhSSE4zUlJBQuABAPoBBAgAEEE!16s%2Fg%2F11b7q9p4rj?entry=ttu&g_ep=EgoyMDI2MDMxOC4xIKXMDSoASAFQAw%3D%3D",-8.344954,114.5714629,https://www.tiktok.com/@buitenzorg57/video/7600378093101944082,https://www.tiktok.com/@buitenzorg57/video/7605935433570209031,https://www.tiktok.com/@nhyschatzie/video/7520097580349492486
189,Panggung Kuliner Muara Indah,Jembrana,4.1,143,Sunset & View | Family Friendly | Budget Friendly,"['harga', 'pantai', 'pelayanan', 'harga', 'pemandangan', 'luas']",Rp 15–50k,Sunset jam 5–7pm,"https://www.google.com/maps/place/Panggung+Kuliner+Muara+Indah/@-8.3434455,114.4720147,12z/data=!4m10!1m2!2m1!1sKuliner+Jembrana+Negara!3m6!1s0x2dd3df792b68a78b:0x73ee9fa3f14cce03!8m2!3d-8.4008841!4d114.6015527!15sChdLdWxpbmVyIEplbWJyYW5hIE5lZ2FyYVoZIhdrdWxpbmVyIGplbWJyYW5hIG5lZ2FyYZIBEnNlYWZvb2RfcmVzdGF1cmFudJoBJENoZERTVWhOTUc5blMwVkpRMEZuU1VNdFowMVFTalZuUlJBQuABAPoBBAgAEDU!16s%2Fg%2F11pz4ysf96?entry=ttu&g_ep=EgoyMDI2MDMxOC4xIKXMDSoASAFQAw%3D%3D",-8.4008841,114.6015527,https://www.tiktok.com/@polresjembrana/video/7338367456630607110,https://www.tiktok.com/@alzaynkayl/video/7613001155899264274,https://www.tiktok.com/@evimamajegeg6/video/7305666429674687749
190,De Jukung Cafe,Jembrana,4.1,502,Budget Friendly,"['harga', 'pizza', 'fish and chips', 'milkshake', 'nasi goreng', 'katsu']",Rp 15–50k,Lunch atau dinner,"https://www.google.com/maps/place/De+Jukung+Cafe/@-8.4176102,114.654304,12z/data=!4m10!1m2!2m1!1sKuliner+Jembrana+Negara!3m6!1s0x2dd3d6a0568334d9:0xde758876b329853c!8m2!3d-8.4176102!4d114.8067393!15sChdLdWxpbmVyIEplbWJyYW5hIE5lZ2FyYVoZIhdrdWxpbmVyIGplbWJyYW5hIG5lZ2FyYZIBFWluZG9uZXNpYW5fcmVzdGF1cmFudJoBI0NoWkRTVWhOTUc5blMwVkpRMEZuU1VOa2IwOTJiRkZCRUFF4AEA-gEECAAQNw!16s%2Fg%2F11csrkcn0g?entry=ttu&g_ep=EgoyMDI2MDMxOC4xIKXMDSoASAFQAw%3D%3D",-8.4176102,114.8067393,https://www.tiktok.com/@dejukungcafe.mede/video/7636395863094430984,https://www.tiktok.com/@musmuslimin00011/video/7585074934238547220,
191,Warung makan Jepun,Jembrana,4.1,491,Sunset & View | Budget Friendly,"['harga', 'nasi campur', 'sawah', 'pepes', 'lawar', 'negara']",Rp 15–50k,Sunset jam 5–7pm,"https://www.google.com/maps/place/Warung+makan+Jepun/@-8.3561875,114.4830022,12z/data=!4m10!1m2!2m1!1sKuliner+Jembrana+Negara!3m6!1s0x2dd1620e23aee1b7:0x1f34ba058b957cc2!8m2!3d-8.3561875!4d114.6354375!15sChdLdWxpbmVyIEplbWJyYW5hIE5lZ2FyYVoZIhdrdWxpbmVyIGplbWJyYW5hIG5lZ2FyYZIBE2JhbGluZXNlX3Jlc3RhdXJhbnSaASRDaGREU1VoTk1HOW5TMFZKUTBGblNVUlNjMjl1Y2psUlJSQULgAQD6AQUIowEQQw!16s%2Fg%2F11bwkqcrns?entry=ttu&g_ep=EgoyMDI2MDMxOC4xIKXMDSoASAFQAw%3D%3D",-8.3561875,114.6354375,https://www.tiktok.com/@deprianthony/video/7575473627034864916,https://www.tiktok.com/@itsdyahp/video/7614298468948970770,https://www.tiktok.com/@hilusiana/video/7509818592809012486
192,Mie Gacoan Negara,Jembrana,4.1,5876,Family Friendly | Vibrant Nightlife | Budget Friendly,"['harga', 'luas', 'keju', 'kasir', 'level', 'udang']",Rp 15–50k,Malam jam 7pm+,"https://www.google.com/maps/place/Mie+Gacoan+Negara/@-8.3561875,114.4830022,12z/data=!4m10!1m2!2m1!1sKuliner+Jembrana+Negara!3m6!1s0x2dd163111dfa29b5:0x68beb8580223199e!8m2!3d-8.3592079!4d114.6352885!15sChdLdWxpbmVyIEplbWJyYW5hIE5lZ2FyYVoZIhdrdWxpbmVyIGplbWJyYW5hIG5lZ2FyYZIBC25vb2RsZV9zaG9wmgEkQ2hkRFNVaE5NRzluUzBWSlEwRm5TVU5sZEc5RWJHZEJSUkFC4AEA-gEECAAQPg!16s%2Fg%2F11sqk4r86y?entry=ttu&g_ep=EgoyMDI2MDMxOC4xIKXMDSoASAFQAw%3D%3D",-8.3592079,114.6352885,https://www.tiktok.com/@jajanirit.tiktok/video/7558316958903471372,https://www.tiktok.com/@ceriwismakan/video/7610827496153566465,https://www.tiktok.com/@pecandupromo/video/7606345227422485767
193,Rosari Bistro,Jembrana,4.1,486,Budget Friendly,"['harga', 'pelayanan', 'negara', 'lantai', 'bakery', 'kue']",Rp 15–50k,Lunch atau dinner,"https://www.google.com/maps/place/Rosari+Bistro/@-8.3561875,114.4830022,12z/data=!4m10!1m2!2m1!1sKuliner+Jembrana+Negara!3m6!1s0x2dd16369458e691f:0xf26dfe8cb842adb4!8m2!3d-8.3628752!4d114.6200493!15sChdLdWxpbmVyIEplbWJyYW5hIE5lZ2FyYVoZIhdrdWxpbmVyIGplbWJyYW5hIG5lZ2FyYZIBCnJlc3RhdXJhbnSaASNDaFpEU1VoTk1HOW5TMFZKUTBGblNVUlNiSEJEUlZoUkVBReABAPoBBAgaEDc!16s%2Fg%2F11gbxcm9ks?entry=ttu&g_ep=EgoyMDI2MDMxOC4xIKXMDSoASAFQAw%3D%3D",-8.3628752,114.6200493,https://www.tiktok.com/@septa.libra/video/7611840159847419154,https://www.tiktok.com/@imel.bsa12/video/7372017256856915205,https://www.tiktok.com/@ambar99_/video/7376973141542702342
194,Warung Ikan Bakar Kurma Asih (Seafood),Jembrana,4.1,371,Sunset & View | Budget Friendly,"['harga', 'penyu', 'sunset', 'bumbu', 'kerang', 'konservasi']",Rp 15–50k,Sunset jam 5–7pm,"https://www.google.com/maps/place/Warung+Ikan+Bakar+Kurma+Asih+(Seafood)/@-8.3561875,114.4830022,12z/data=!4m10!1m2!2m1!1sKuliner+Jembrana+Negara!3m6!1s0x2dd3dfcb31fd5cd5:0x43ef631106f5b321!8m2!3d-8.4041798!4d114.6096593!15sChdLdWxpbmVyIEplbWJyYW5hIE5lZ2FyYVoZIhdrdWxpbmVyIGplbWJyYW5hIG5lZ2FyYZIBCnJlc3RhdXJhbnSaASNDaFpEU1VoTk1HOW5TMFZKUTBGblNVUjFiRXBVYmtGUkVBReABAPoBBAgAEEg!16s%2Fg%2F11h28bxppl?entry=ttu&g_ep=EgoyMDI2MDMxOC4xIKXMDSoASAFQAw%3D%3D",-8.4041798,114.6096593,https://www.tiktok.com/@visit.westbali/video/7536456855405579576,https://www.tiktok.com/@balikulinersejati/video/7407392107226238213,https://www.tiktok.com/@wr.kurma_asih/video/7617030390242397461
195,LESEHAN IKAN BAKAR MUARA MALANG M2,Jembrana,4.1,71,Sunset & View | Budget Friendly,"['harga', 'pelayanan', 'harga', 'bumbu', 'sawah', 'iga']",Rp 15–50k,Sunset jam 5–7pm,"https://www.google.com/maps/place/LESEHAN+IKAN+BAKAR+MUARA+MALANG+M2/@-8.3561875,114.4830022,12z/data=!4m10!1m2!2m1!1sKuliner+Jembrana+Negara!3m6!1s0x2dd3df349f1e0a25:0x92c7b85f0d19ecf9!8m2!3d-8.3867406!4d114.5929912!15sChdLdWxpbmVyIEplbWJyYW5hIE5lZ2FyYVoZIhdrdWxpbmVyIGplbWJyYW5hIG5lZ2FyYZIBFWlrYW5fYmFrYXJfcmVzdGF1cmFudJoBJENoZERTVWhOTUc5blMwVkpRMEZuU1VOcWRYSXlSVFZuUlJBQuABAPoBBAgAEDs!16s%2Fg%2F11v5y4yp39?entry=ttu&g_ep=EgoyMDI2MDMxOC4xIKXMDSoASAFQAw%3D%3D",-8.3867406,114.5929912,https://www.tiktok.com/@kulinernegaroa/video/7315661575971589381,https://www.tiktok.com/@muaramalangm2/video/7277597708968283397,https://www.tiktok.com/@muaramalangm2/video/7325321939751292166
196,WARUNG MAKAN BANYUWANGI,Jembrana,4.1,37,Family Friendly | Budget Friendly,"['harga', 'kambing', 'harga', 'tongseng', 'pinggir jalan', 'luas']",Rp 15–50k,Lunch jam 11am–2pm,"https://www.google.com/maps/place/WARUNG+MAKAN+BANYUWANGI/@-8.3561875,114.4830022,12z/data=!4m10!1m2!2m1!1sKuliner+Jembrana+Negara!3m6!1s0x2dd16178bcee4b1b:0xdfbfeb15a206a27b!8m2!3d-8.3626724!4d114.6188926!15sChdLdWxpbmVyIEplbWJyYW5hIE5lZ2FyYVoZIhdrdWxpbmVyIGplbWJyYW5hIG5lZ2FyYZIBFWluZG9uZXNpYW5fcmVzdGF1cmFudJoBJENoZERTVWhOTUc5blMwVkpRMEZuU1VSTWVXRTNRM1pSUlJBQuABAPoBBAgAECU!16s%2Fg%2F11tms016mj?entry=ttu&g_ep=EgoyMDI2MDMxOC4xIKXMDSoASAFQAw%3D%3D",-8.3626724,114.6188926,https://www.tiktok.com/@recomenbyveya/video/7595172046422674696,https://www.tiktok.com/@windaowner_/video/7566137595361561876,https://www.tiktok.com/@nomnombali/video/7554364254468558087
197,Warung Negaroa Mujair Nyatnyat & Bakar,Jembrana,4.1,351,Sunset & View | Family Friendly | Budget Friendly,"['harga', 'sawah', 'luas', 'ikan', 'bumbu', 'pelayanan']",Rp 15–50k,Sunset jam 5–7pm,"https://www.google.com/maps/place/Warung+Negaroa+Mujair+Nyatnyat+%26+Bakar/@-8.4012757,114.6180975,12z/data=!4m10!1m2!2m1!1sKuliner+Jembrana+Negara!3m6!1s0x2dd3d7a45cfdbb09:0x46c5b23f2808bbe7!8m2!3d-8.4012757!4d114.7705328!15sChdLdWxpbmVyIEplbWJyYW5hIE5lZ2FyYVoZIhdrdWxpbmVyIGplbWJyYW5hIG5lZ2FyYZIBCnJlc3RhdXJhbnSaASRDaGREU1VoTk1HOW5TMFZKUTBGblNVTjROVGg2ZUhkblJSQULgAQD6AQQIABBE!16s%2Fg%2F11kwh143_0?entry=ttu&g_ep=EgoyMDI2MDMxOC4xIKXMDSoASAFQAw%3D%3D",-8.4012757,114.7705328,https://www.tiktok.com/@warungnegaroa/video/7400241813476429061,https://www.tiktok.com/@warungnegaroa/video/7383241392203517190,https://www.tiktok.com/@warungnegaroa/video/7123768635973274906
198,Warung tungku mbak Legi,Jembrana,4.1,43,Budget Friendly,"['harga', 'harga', 'nasi goreng', 'mie']",Rp 15–50k,Lunch atau dinner,"https://www.google.com/maps/place/Warung+tungku+mbak+Legi/@-8.3531353,114.477818,12z/data=!4m10!1m2!2m1!1sKuliner+Jembrana+Negara!3m6!1s0x2dd163a222952c5d:0x890b30d0a6ed81b7!8m2!3d-8.3531353!4d114.6302533!15sChdLdWxpbmVyIEplbWJyYW5hIE5lZ2FyYVoZIhdrdWxpbmVyIGplbWJyYW5hIG5lZ2FyYZIBCnJlc3RhdXJhbnSaASRDaGREU1VoTk1HOW5TMFZKUTBGblNVTnFkRTE2T0Y5blJSQULgAQD6AQQIABAd!16s%2Fg%2F11lgv1sqj5?entry=ttu&g_ep=EgoyMDI2MDMxOC4xIKXMDSoASAFQAw%3D%3D",-8.3531353,114.6302533,https://www.tiktok.com/@shiintaa.naa/video/7637003869666413845,https://www.tiktok.com/@dhianka74/video/7552311393907707144,
199,Lesehan Kreteg Nyirang,Jembrana,4.1,156,Sunset & View | Budget Friendly,"['harga', 'sawah', 'harga', 'sambal', 'ikan bakar', 'ayam bakar']",Rp 15–50k,Sunset jam 5–7pm,"https://www.google.com/maps/place/Lesehan+Kreteg+Nyirang/@-8.3531353,114.477818,12z/data=!4m10!1m2!2m1!1sKuliner+Jembrana+Negara!3m6!1s0x2dd1617340733e33:0xc3166710e779580f!8m2!3d-8.3572831!4d114.6042982!15sChdLdWxpbmVyIEplbWJyYW5hIE5lZ2FyYVoZIhdrdWxpbmVyIGplbWJyYW5hIG5lZ2FyYZIBCnJlc3RhdXJhbnSaASNDaFpEU1VoTk1HOW5TMFZKUTBGblNVTjFheloyTjJabkVBReABAPoBBAgAECk!16s%2Fg%2F11f66qmvpy?entry=ttu&g_ep=EgoyMDI2MDMxOC4xIKXMDSoASAFQAw%3D%3D",-8.3572831,114.6042982,https://www.tiktok.com/@cak_imim/video/7543284236351065349,https://www.tiktok.com/@gu.boy.ba/video/7584754790358469909,
200,BETEN POH FOOD & COFFEE,Jembrana,4.1,235,Budget Friendly,"['harga', 'harga', 'ayam kampung', 'pelayanan', 'cafe', 'enak']",Rp 15–50k,Lunch atau dinner,"https://www.google.com/maps/place/BETEN+POH+FOOD+%26+COFFEE/@-8.3531353,114.477818,12z/data=!4m10!1m2!2m1!1sKuliner+Jembrana+Negara!3m6!1s0x2dd1620511919c6b:0x86e80f312e067cc7!8m2!3d-8.3579094!4d114.6290628!15sChdLdWxpbmVyIEplbWJyYW5hIE5lZ2FyYVoZIhdrdWxpbmVyIGplbWJyYW5hIG5lZ2FyYZIBCnJlc3RhdXJhbnSaAURDaTlEUVVsUlFVTnZaRU5vZEhsalJqbHZUMnRhVEZaWFRrbFNSVVpDWVcxME1rMVZiRzlXTUdSUFlVVmFlVlF4UlJBQuABAPoBBAgAEDA!16s%2Fg%2F11g8v4m1ll?entry=ttu&g_ep=EgoyMDI2MDMxOC4xIKXMDSoASAFQAw%3D%3D",-8.3579094,114.6290628,https://www.tiktok.com/@pnb_jembrana/video/7555675420436237575,https://www.tiktok.com/@udinkuliner/video/7571214690743864594,https://www.tiktok.com/@baliwonderfood/video/7563203242696510741
201,Warung senja batas kota,Jembrana,4.1,92,Sunset & View | Budget Friendly,"['harga', 'sawah', 'harga', 'pesan', 'pelayanan', 'negara']",Rp 15–50k,Sunset jam 5–7pm,"https://www.google.com/maps/place/Warung+senja+batas+kota/@-8.3531353,114.477818,12z/data=!4m10!1m2!2m1!1sKuliner+Jembrana+Negara!3m6!1s0x2dd3d9c873670301:0x3c0b20d543b7e158!8m2!3d-8.3662226!4d114.6649417!15sChdLdWxpbmVyIEplbWJyYW5hIE5lZ2FyYVoZIhdrdWxpbmVyIGplbWJyYW5hIG5lZ2FyYZIBBWRpbmVymgFEQ2k5RFFVbFJRVU52WkVOb2RIbGpSamx2VDJ4R1IyUnVSWHBaYldoQ1ZVaHNjVk5HWkhCamFtUTBVVlV4Y0U5V1JSQULgAQD6AQQIABA5!16s%2Fg%2F11t9crs1kr?entry=ttu&g_ep=EgoyMDI2MDMxOC4xIKXMDSoASAFQAw%3D%3D",-8.3662226,114.6649417,https://www.tiktok.com/@visit.westbali/video/7529008050011720965,https://www.tiktok.com/@warung.senja.bata/video/7482322239631674631,https://www.tiktok.com/@warung.senja.bata/video/7463768365543312648
202,Depot Natalia,Jembrana,4.1,114,Family Friendly | Budget Friendly,"['harga', 'harga', 'lidah', 'luas', 'pelayanan', 'gurame']",Rp 15–50k,Lunch jam 11am–2pm,"https://www.google.com/maps/place/Depot+Natalia/@-8.3531353,114.477818,12z/data=!4m10!1m2!2m1!1sKuliner+Jembrana+Negara!3m6!1s0x2dd1618fd69b2779:0x17ef4ee574323461!8m2!3d-8.3543118!4d114.6076674!15sChdLdWxpbmVyIEplbWJyYW5hIE5lZ2FyYVoZIhdrdWxpbmVyIGplbWJyYW5hIG5lZ2FyYZIBEmNoaW5lc2VfcmVzdGF1cmFudJoBI0NoWkRTVWhOTUc5blMwVkpRMEZuU1VSMmJVdHhXR1ZCRUFF4AEA-gEECAAQOw!16s%2Fg%2F11rcm42p94?entry=ttu&g_ep=EgoyMDI2MDMxOC4xIKXMDSoASAFQAw%3D%3D",-8.3543118,114.6076674,,,
203,Depot Hong,Jembrana,4.1,218,Budget Friendly,"['harga', 'harga', 'bakmi', 'nasi goreng', 'halal', 'capcay']",Rp 15–50k,Lunch atau dinner,"https://www.google.com/maps/place/Depot+Hong/@-8.3531353,114.477818,12z/data=!4m11!1m3!2m2!1sKuliner+Jembrana+Negara!6e5!3m6!1s0x2dd163369d1fd77d:0x591c3a954ea30871!8m2!3d-8.351753!4d114.622088!15sChdLdWxpbmVyIEplbWJyYW5hIE5lZ2FyYVoZIhdrdWxpbmVyIGplbWJyYW5hIG5lZ2FyYZIBEmNoaW5lc2VfcmVzdGF1cmFudJoBI0NoWkRTVWhOTUc5blMwVkpRMEZuU1VRdGNtOVhSRVpuRUFF4AEA-gEECAAQHw!16s%2Fg%2F11g1lwr19x?entry=ttu&g_ep=EgoyMDI2MDMxOC4xIKXMDSoASAFQAw%3D%3D",-8.351753,114.622088,https://www.tiktok.com/@septa.libra/video/7608458252497554695,,
204,Lesehan Taman Ujung Perancak,Jembrana,4.1,170,Sunset & View | Budget Friendly,"['harga', 'ikan bakar', 'harga', 'pantai', 'sambal', 'sunset']",Rp 15–50k,Sunset jam 5–7pm,"https://www.google.com/maps/place/Lesehan+Taman+Ujung+Perancak/@-8.3531353,114.477818,12z/data=!4m11!1m3!2m2!1sKuliner+Jembrana+Negara!6e5!3m6!1s0x2dd3d8d300000007:0x65b52f136a0532fa!8m2!3d-8.4022368!4d114.6053886!15sChdLdWxpbmVyIEplbWJyYW5hIE5lZ2FyYVoZIhdrdWxpbmVyIGplbWJyYW5hIG5lZ2FyYZIBEnNlYWZvb2RfcmVzdGF1cmFudJoBI0NoWkRTVWhOTUc5blMwVkpRMEZuU1VOd2NqUkVXbFpCRUFF4AEA-gEECAAQQQ!16s%2Fg%2F11f4l96snv?entry=ttu&g_ep=EgoyMDI2MDMxOC4xIKXMDSoASAFQAw%3D%3D",-8.4022368,114.6053886,https://www.tiktok.com/@dejawe01/video/7313449874073177350,https://www.tiktok.com/@pangilputaja3/video/7581329645748915474,
205,Warung Jepun Tembles,Jembrana,4.1,353,Budget Friendly,"['harga', 'nasi campur', 'perjalanan', 'brengkes', 'ikan goreng', 'sate lilit']",Rp 15–50k,Lunch atau dinner,"https://www.google.com/maps/place/Warung+Jepun+Tembles/@-8.3531353,114.477818,12z/data=!4m11!1m3!2m2!1sKuliner+Jembrana+Negara!6e5!3m6!1s0x2dd3d7d798dd7a9b:0x5a986f6fe3d5ba59!8m2!3d-8.3885953!4d114.720972!15sChdLdWxpbmVyIEplbWJyYW5hIE5lZ2FyYVoZIhdrdWxpbmVyIGplbWJyYW5hIG5lZ2FyYZIBFWluZG9uZXNpYW5fcmVzdGF1cmFudJoBI0NoWkRTVWhOTUc5blMwVkpRMEZuU1VOdWFDMVBSVkJCRUFF4AEA-gEECD4QRA!16s%2Fg%2F11k458xylr?entry=ttu&g_ep=EgoyMDI2MDMxOC4xIKXMDSoASAFQAw%3D%3D",-8.3885953,114.720972,https://www.tiktok.com/@ardika.belajar/video/7551358865489612039,https://www.tiktok.com/@i.gede.eka.dita.p/video/7462575499521297672,https://www.tiktok.com/@tawok77/video/7470339232071044407
206,Lesehan Biru Laut,Jembrana,4.1,140,Sunset & View | Budget Friendly,"['harga', 'harga', 'pantai', 'ikan bakar', 'sambel', 'udang']",Rp 15–50k,Sunset jam 5–7pm,"https://www.google.com/maps/place/Lesehan+Biru+Laut/@-8.3531353,114.477818,12z/data=!4m11!1m3!2m2!1sKuliner+Jembrana+Negara!6e5!3m6!1s0x2dd1606f13a3255f:0x5f8d149598d6becc!8m2!3d-8.3433202!4d114.5400374!15sChdLdWxpbmVyIEplbWJyYW5hIE5lZ2FyYVoZIhdrdWxpbmVyIGplbWJyYW5hIG5lZ2FyYZIBEnNlYWZvb2RfcmVzdGF1cmFudJoBJENoZERTVWhOTUc5blMwVkpRMEZuU1VOUE9GOVRaMmhSUlJBQuABAPoBBAgAEEA!16s%2Fg%2F1hm2nk1bx?entry=ttu&g_ep=EgoyMDI2MDMxOC4xIKXMDSoASAFQAw%3D%3D",-8.3433202,114.5400374,https://www.tiktok.com/@dekpong_123/video/7271241332767739141,https://www.tiktok.com/@tokocatsinarwarna/video/7603969882434112786,https://www.tiktok.com/@petualanganhari/video/7559779561974582584
207,Oemah Adem Fadhillah,Jembrana,4.1,19,Budget Friendly,['harga'],Rp 15–50k,Lunch atau dinner,"https://www.google.com/maps/place/Oemah+Adem+Fadhillah/@-8.3531353,114.477818,12z/data=!4m11!1m3!2m2!1sKuliner+Jembrana+Negara!6e5!3m6!1s0x2dd163286a045dbb:0x697ac4d0bd6119c7!8m2!3d-8.3521401!4d114.6226606!15sChdLdWxpbmVyIEplbWJyYW5hIE5lZ2FyYVoZIhdrdWxpbmVyIGplbWJyYW5hIG5lZ2FyYZIBCnJlc3RhdXJhbnTgAQA!16s%2Fg%2F11hzpmpxvc?entry=ttu&g_ep=EgoyMDI2MDMxOC4xIKXMDSoASAFQAw%3D%3D",-8.3521401,114.6226606,https://www.tiktok.com/@oemahadem_kudaile/video/7515986950809980166,,
208,Warung Krisna,Jembrana,4.1,146,Budget Friendly,"['harga', 'iga', 'harga', 'babi']",Rp 15–50k,Lunch atau dinner,"https://www.google.com/maps/place/Warung+Krisna/@-8.3531353,114.477818,12z/data=!4m11!1m3!2m2!1sKuliner+Jembrana+Negara!6e5!3m6!1s0x2dd1620c4192bdb3:0x1672a8777fae5da!8m2!3d-8.3596487!4d114.6397157!15sChdLdWxpbmVyIEplbWJyYW5hIE5lZ2FyYVoZIhdrdWxpbmVyIGplbWJyYW5hIG5lZ2FyYZIBE2JhbGluZXNlX3Jlc3RhdXJhbnSaASRDaGREU1VoTk1HOW5TMFZKUTBGblNVTlBhazl1UWw5QlJSQULgAQD6AQQIABAx!16s%2Fg%2F1hm5_6426?entry=ttu&g_ep=EgoyMDI2MDMxOC4xIKXMDSoASAFQAw%3D%3D",-8.3596487,114.6397157,https://www.tiktok.com/@krisnaoleholehbali/video/7594453091282455829,https://www.tiktok.com/@budhakadek/video/7602500575951064338,
209,Depot Indah,Jembrana,4.1,21,Budget Friendly,"['harga', 'negara']",Rp 15–50k,Lunch atau dinner,"https://www.google.com/maps/place/Depot+Indah/@-8.3531353,114.477818,12z/data=!4m11!1m3!2m2!1sKuliner+Jembrana+Negara!6e5!3m6!1s0x2dd16382b61e9a49:0xffcd97f0b6fcd98f!8m2!3d-8.3469071!4d114.6176284!15sChdLdWxpbmVyIEplbWJyYW5hIE5lZ2FyYVoZIhdrdWxpbmVyIGplbWJyYW5hIG5lZ2FyYZIBBWRpbmVymgEkQ2hkRFNVaE5NRzluUzBWSlEwRm5TVU53WjB4NWN6Rm5SUkFC4AEA-gEECAAQKw!16s%2Fg%2F11fv6x8gk1?entry=ttu&g_ep=EgoyMDI2MDMxOC4xIKXMDSoASAFQAw%3D%3D",-8.3469071,114.6176284,https://www.tiktok.com/@indahmegapratiwi_/video/7508161645345049912,https://www.tiktok.com/@kulinernegaroa/video/7482630281455766839,https://www.tiktok.com/@jack234_0/video/7368534413551963398
210,Nook,Badung,4.6,13701,Sunset & View | Budget Friendly,"['harga', 'sawah', 'pemandangan', 'nasi campur', 'indonesian food', 'smoothie bowl']",Rp 15–50k,Sunset jam 5–7pm,"https://www.google.com/maps/place/Nook/@-8.6697775,115.1421173,15z/data=!4m12!1m2!2m1!1sRestoran+hits+di+Seminyak+Bali!3m8!1s0x2dd2476bdb660425:0x21d7604033fd4d8b!8m2!3d-8.6697775!4d115.1611717!9m1!1b1!15sCh5SZXN0b3JhbiBoaXRzIGRpIFNlbWlueWFrIEJhbGlaICIecmVzdG9yYW4gaGl0cyBkaSBzZW1pbnlhayBiYWxpkgESd2VzdGVybl9yZXN0YXVyYW50mgFEQ2k5RFFVbFJRVU52WkVOb2RIbGpSamx2VDIweFZtTlZUVFZXTVZvMVpEQnNSMkZyUm5SWmJrNHdVa2hDVTFSdVl4QULgAQD6AQQIABA-!16s%2Fg%2F12hnmr_yz?entry=ttu&g_ep=EgoyMDI2MDMxOC4xIKXMDSoASAFQAw%3D%3D",-8.6697775,115.1611717,https://www.tiktok.com/@sekenhands/video/7502854875093437751,https://www.tiktok.com/@somedayinjakartaa/video/7610707764830047509,https://www.tiktok.com/@meimeismail/video/7520984435861294342
211,Il Ristorante - Niko Romito,Badung,4.0,21,Sunset & View | Budget Friendly,"['harga', 'chef', 'culinary', 'italia', 'salam', 'nama']",Rp 15–50k,Sunset jam 5–7pm,"https://www.google.com/maps/place/Il+Ristorante+-+Niko+Romito/@-8.842476,115.1026926,15z/data=!4m11!1m2!2m1!1sRestoran+hits+di+Seminyak+Bali!3m7!1s0x2dd25b3e171ad6c5:0x743c5bb51caef689!8m2!3d-8.8424765!4d115.1217466!9m1!1b1!16s%2Fg%2F11ycn9njm9?entry=ttu&g_ep=EgoyMDI2MDMxOC4xIKXMDSoASAFQAw%3D%3D",-8.8424765,115.1217466,https://www.tiktok.com/@ericekos/video/7516392467869093126,https://www.tiktok.com/@itnbhospitality/video/7532860379517472006,https://www.tiktok.com/@poespa05/video/7570007004329168148
212,Spice Mantraa Seminyak,Badung,4.0,3403,Vibrant Nightlife | Budget Friendly,"['harga', 'lolicon', 'dal makhani', 'super mario', 'cocktail', 'yogi']",Rp 15–50k,Malam jam 7pm+,"https://www.google.com/maps/place/Spice+Mantraa+Seminyak/@-8.677088,115.1353806,15z/data=!4m11!1m2!2m1!1sRestoran+hits+di+Seminyak+Bali!3m7!1s0x2dd24752337ce41b:0xf6bcb26ca2723e23!8m2!3d-8.6770876!4d115.1544355!9m1!1b1!16s%2Fg%2F11h01wplv5?entry=ttu&g_ep=EgoyMDI2MDMxOC4xIKXMDSoASAFQAw%3D%3D",-8.6770876,115.1544355,,,
213,Seasalt,Badung,4.0,1923,Sunset & View | Romantic & Cozy | Budget Friendly,"['harga', 'sunset', 'pantai', 'brunch', 'sea salt', 'romantis']",Rp 15–50k,Sunset jam 5–7pm,"https://www.google.com/maps/place/Seasalt/@-8.6921415,115.1425133,15z/data=!4m12!1m2!2m1!1sRestoran+hits+di+Seminyak+Bali!3m8!1s0x2dd2470e62009ccd:0xbb6b10f444520c5f!8m2!3d-8.6805872!4d115.1503893!9m1!1b1!15sCh5SZXN0b3JhbiBoaXRzIGRpIFNlbWlueWFrIEJhbGlaICIecmVzdG9yYW4gaGl0cyBkaSBzZW1pbnlhayBiYWxpkgESc2VhZm9vZF9yZXN0YXVyYW50mgFEQ2k5RFFVbFJRVU52WkVOb2RIbGpSamx2VDJwS01rMVVVWGRYYkZaWllrWmFTVTlFVm5kWldFNVFUVlZLVW1GWVl4QULgAQD6AQQIORA5!16s%2Fg%2F11dyqsrlkm?entry=ttu&g_ep=EgoyMDI2MDMxOC4xIKXMDSoASAFQAw%3D%3D",-8.6805872,115.1503893,https://www.tiktok.com/@stellalee92/video/7566218560029134098,https://www.tiktok.com/@balifoodandtravels/video/7389472606426123525,
214,"Waroeng Bernadette, Seminyak",Badung,4.5,3625,Vibrant Nightlife,"['dessert', 'yoga', 'rendang daging sapi', 'dadar gulung', 'cocktail', 'happy hour']",Rp 80–200k,Malam jam 7pm+,"https://www.google.com/maps/place/Waroeng+Bernadette,+Seminyak/@-8.6921415,115.1425133,15z/data=!4m13!1m3!2m2!1sRestoran+hits+di+Seminyak+Bali!6e5!3m8!1s0x2dd247a428aae557:0xa8431279b55f6d12!8m2!3d-8.6862266!4d115.1565178!9m1!1b1!15sCh5SZXN0b3JhbiBoaXRzIGRpIFNlbWlueWFrIEJhbGlaICIecmVzdG9yYW4gaGl0cyBkaSBzZW1pbnlhayBiYWxpkgEVaW5kb25lc2lhbl9yZXN0YXVyYW50mgFEQ2k5RFFVbFJRVU52WkVOb2RIbGpSamx2VDJwTk5XSldXblJrTW5nd1dsUkZlbFJwTVhKTk1tUkxXVlUxTUdSR1JSQULgAQD6AQQIIBBI!16s%2Fg%2F11hz1qzxx5?entry=ttu&g_ep=EgoyMDI2MDMxOC4xIKXMDSoASAFQAw%3D%3D",-8.6862266,115.1565178,,,
215,NEON PALMS,Badung,4.5,798,Budget Friendly,"['harga', 'taco', 'koktail', 'lantai', 'promo', 'dumpling']",Rp 15–120k,Lunch atau dinner,"https://www.google.com/maps/place/NEON+PALMS/@-8.674806,115.1376708,15z/data=!4m13!1m3!2m2!1sRestoran+hits+di+Seminyak+Bali!6e5!3m8!1s0x2dd24710281da903:0xf2b76f01feadbb26!8m2!3d-8.6824866!4d115.1532865!9m1!1b1!15sCh5SZXN0b3JhbiBoaXRzIGRpIFNlbWlueWFrIEJhbGlaICIecmVzdG9yYW4gaGl0cyBkaSBzZW1pbnlhayBiYWxpkgEKcmVzdGF1cmFudJoBI0NoWkRTVWhOTUc5blMwVkpRMEZuU1VOS2NWbHlkVnBCRUFF4AEA-gEECAAQMg!16s%2Fg%2F11f3wcp11y?entry=ttu&g_ep=EgoyMDI2MDMxOC4xIKXMDSoASAFQAw%3D%3D",-8.6824866,115.1532865,,,
216,Muse Cafe & Art | Ubud,Gianyar,4.8,1082,Work from Cafe,"['india', 'thali', 'laptop', 'dosa ayam', 'kakao', 'nangka']",Rp 80–200k,Pagi–sore jam 9am–5pm,"https://www.google.com/maps/place/Muse+Cafe+%26+Art+%7C+Ubud/@-8.4977956,115.2340452,15z/data=!4m13!1m3!2m2!1sCafe+terbaik+di+Ubud+Bali!6e5!3m8!1s0x2dd23d90f496bcc9:0xe18173a9b73f5826!8m2!3d-8.4941182!4d115.2664708!9m1!1b1!15sChlDYWZlIHRlcmJhaWsgZGkgVWJ1ZCBCYWxpIgOoAQFaGyIZY2FmZSB0ZXJiYWlrIGRpIHVidWQgYmFsaZIBCnJlc3RhdXJhbnSaAURDaTlEUVVsUlFVTnZaRU5vZEhsalJqbHZUMnhLYWxwcVVtcFdWR3hyWkRCTmVGbFhWbXBOTUU1d1RsUlNjMk5GUlJBQuABAPoBBAh7EEM!16s%2Fg%2F11f6l_mfqt?entry=ttu&g_ep=EgoyMDI2MDMxOC4xIKXMDSoASAFQAw%3D%3D",-8.4941182,115.2664708,,,
217,Fancy Cup Cafe Ubud,Gianyar,4.8,241,General Chill,"['service', 'spa', 'pijat', 'lunch', 'pad thai', 'vegan']",Rp 50–150k,Lunch atau dinner,"https://www.google.com/maps/place/Fancy+Cup+Cafe+Ubud/@-8.4977956,115.2340452,15z/data=!4m13!1m3!2m2!1sCafe+terbaik+di+Ubud+Bali!6e5!3m8!1s0x2dd23d8a277aaa39:0xb5db733194cee32a!8m2!3d-8.4914368!4d115.2530324!9m1!1b1!15sChlDYWZlIHRlcmJhaWsgZGkgVWJ1ZCBCYWxpIgOoAQFaGyIZY2FmZSB0ZXJiYWlrIGRpIHVidWQgYmFsaZIBBGNhZmWaASRDaGREU1VoTk1HOW5TMFZKUTBGblNVUldYMlZEVlROblJSQULgAQD6AQQIABAm!16s%2Fg%2F11nxg0tq53?entry=ttu&g_ep=EgoyMDI2MDMxOC4xIKXMDSoASAFQAw%3D%3D",-8.4914368,115.2530324,,,
218,Tropical View Ubud,Gianyar,4.8,1218,Sunset & View | Vibrant Nightlife,"['sawah', 'mandala suci wenara wana', 'cocktail', 'happy hour', 'pork ribs', 'nasi goreng']",Rp 150–400k,Sunset jam 5–7pm,"https://www.google.com/maps/place/Tropical+View+Ubud/@-8.5127,115.2452011,15z/data=!4m13!1m3!2m2!1sCafe+terbaik+di+Ubud+Bali!6e5!3m8!1s0x2dd23daa9233359f:0x1179d0f4fedf9b8e!8m2!3d-8.5183185!4d115.2615782!9m1!1b1!15sChlDYWZlIHRlcmJhaWsgZGkgVWJ1ZCBCYWxpIgOoAQFaGyIZY2FmZSB0ZXJiYWlrIGRpIHVidWQgYmFsaZIBCnJlc3RhdXJhbnSaASNDaFpEU1VoTk1HOW5TMFZKUTBGblRVUnZOWE5pTkZOUkVBReABAPoBBAgAEC4!16s%2Fg%2F11h650bm46?entry=ttu&g_ep=EgoyMDI2MDMxOC4xIKXMDSoASAFQAw%3D%3D",-8.5183185,115.2615782,https://www.tiktok.com/@decoffeeaddict/video/7629861176792386834,,
219,"Pison, Ubud",Gianyar,4.8,6374,Sunset & View,"['sawah', 'valet', 'kentang goreng truffle', 'tinta cumi', 'cold brew', 'nasi goreng perut babi']",Rp 150–400k,Sunset jam 5–7pm,"https://www.google.com/maps/place/Pison,+Ubud/@-8.5127,115.2452011,15z/data=!4m13!1m3!2m2!1sCafe+terbaik+di+Ubud+Bali!6e5!3m8!1s0x2dd23d7a21850c65:0x85cf8a5235a336aa!8m2!3d-8.5182581!4d115.2636643!9m1!1b1!15sChlDYWZlIHRlcmJhaWsgZGkgVWJ1ZCBCYWxpIgOoAQFaGyIZY2FmZSB0ZXJiYWlrIGRpIHVidWQgYmFsaZIBCnJlc3RhdXJhbnSaASRDaGREU1VoTk1HOW5TMFZKUTBGblNVTXlMVkJEUkY5blJSQULgAQD6AQQIABA-!16s%2Fg%2F11hdqwr36k?entry=ttu&g_ep=EgoyMDI2MDMxOC4xIKXMDSoASAFQAw%3D%3D",-8.5182581,115.2636643,,,
220,Old Friends Coffee --Bali Coffee Farmer & Roaster,Gianyar,4.8,403,Vibrant Nightlife,"['cappucino', 'roti pisang', 'anjing', 'santan', 'musik', 'masala chai']",Rp 50–150k,Malam jam 7pm+,"https://www.google.com/maps/place/Old+Friends+Coffee+--Bali+Coffee+Farmer+%26+Roaster/@-8.5127,115.2452011,15z/data=!4m13!1m3!2m2!1sCafe+terbaik+di+Ubud+Bali!6e5!3m8!1s0x2dd23d0b98c1aeb9:0xa8e59522e0341b97!8m2!3d-8.5220418!4d115.2566338!9m1!1b1!15sChlDYWZlIHRlcmJhaWsgZGkgVWJ1ZCBCYWxpIgOoAQFaGyIZY2FmZSB0ZXJiYWlrIGRpIHVidWQgYmFsaZIBD2NvZmZlZV9yb2FzdGVyc5oBJENoZERTVWhOTUc5blMwVk1URll3TkV0VE0yUkxNRGhuUlJBQuABAPoBBQiUARBD!16s%2Fg%2F11c1s2n4gk?entry=ttu&g_ep=EgoyMDI2MDMxOC4xIKXMDSoASAFQAw%3D%3D",-8.5220418,115.2566338,https://www.tiktok.com/@karolina.genova/video/7611455858102357268,https://www.tiktok.com/@darilensadessy/video/7605602259875056917,https://www.tiktok.com/@eshasw/video/7154604125857058075
221,FLOCK Cafe,Gianyar,4.8,822,General Chill,"['kombucha', 'burger', 'choux', 'donat', 'roti panggang alpukat', 'charsiu']",Rp 80–200k,Lunch atau dinner,"https://www.google.com/maps/place/FLOCK+Cafe/@-8.5127,115.2452011,15z/data=!4m13!1m3!2m2!1sCafe+terbaik+di+Ubud+Bali!6e5!3m8!1s0x2dd23ddbe966f017:0x3d48b1d3c854f68b!8m2!3d-8.516444!4d115.2655511!9m1!1b1!15sChlDYWZlIHRlcmJhaWsgZGkgVWJ1ZCBCYWxpIgOoAQFaGyIZY2FmZSB0ZXJiYWlrIGRpIHVidWQgYmFsaZIBBGNhZmWaASRDaGREU1VoTk1HOW5TMFZKUTBGblNVTXlNMTl5V1c5QlJSQULgAQD6AQQIABA3!16s%2Fg%2F11fq8q2np8?entry=ttu&g_ep=EgoyMDI2MDMxOC4xIKXMDSoASAFQAw%3D%3D",-8.516444,115.2655511,https://www.tiktok.com/@nantida_neung/video/7597156807806586143,,
222,Warung Wardani,Denpasar,4.4,1461,Budget Friendly,"['harga', 'nasi campur', 'sate lilit', 'bandara', 'mobil', 'legenda']",Rp 15–80k,Lunch atau dinner,"https://www.google.com/maps/place/Warung+Wardani/@-8.6758084,115.1691732,14z/data=!4m13!1m3!2m2!1sKuliner+autentik+Denpasar!6e5!3m8!1s0x2dd2409e358fde2f:0xea7f870663495047!8m2!3d-8.6510946!4d115.2158839!9m1!1b1!15sChlLdWxpbmVyIGF1dGVudGlrIERlbnBhc2FyWhsiGWt1bGluZXIgYXV0ZW50aWsgZGVucGFzYXKSARNiYWxpbmVzZV9yZXN0YXVyYW50mgFEQ2k5RFFVbFJRVU52WkVOb2RIbGpSamx2VDIxc1UyTlhlSGROUnpBMVltMW9VazFxUW10WGJscFFWMWhaZUdOc1JSQULgAQD6AQUIuAIQNg!16s%2Fg%2F1tkhff8w?entry=ttu&g_ep=EgoyMDI2MDMxOC4xIKXMDSoASAFQAw%3D%3D",-8.6510946,115.2158839,https://www.tiktok.com/@168project/video/7557980573474606354,https://www.tiktok.com/@indonesianfoodsociety/video/7533850942005906706,https://www.tiktok.com/@nomnombali/video/7522362657429589266
223,Goemerot Restaurant - Renon,Denpasar,4.4,4322,Sunset & View | Family Friendly | Budget Friendly,"['harga', 'playground', 'service', 'steak', 'makan malam', 'gelato']",Rp 50–70k,Sunset jam 5–7pm,"https://www.google.com/maps/place/Goemerot+Restaurant+-+Renon/@-8.6754064,115.1898793,14z/data=!4m13!1m3!2m2!1sKuliner+autentik+Denpasar!6e5!3m8!1s0x2dd240f1722c9771:0x3e062e7d0ac9d0bb!8m2!3d-8.6754064!4d115.2279881!9m1!1b1!15sChlLdWxpbmVyIGF1dGVudGlrIERlbnBhc2FyWhsiGWt1bGluZXIgYXV0ZW50aWsgZGVucGFzYXKSARVpbmRvbmVzaWFuX3Jlc3RhdXJhbnSaASNDaFpEU1VoTk1HOW5TMFZKUTBGblRVTkJPRGRMTkdWbkVBReABAPoBBAgAEDo!16s%2Fg%2F11c0qlfddk?entry=ttu&g_ep=EgoyMDI2MDMxOC4xIKXMDSoASAFQAw%3D%3D",-8.6754064,115.2279881,https://www.tiktok.com/@adisagustin/video/7594420294874303765,https://www.tiktok.com/@goemerot/video/7454798715384188166,https://www.tiktok.com/@goemerot/video/7411367879200771333
224,The Joglo Beratan,Tabanan,4.3,356,Sunset & View,"['danau', 'kamar', 'pemandangan', 'dingin', 'cafe', 'camping']",Rp 50–150k,Sunset jam 5–7pm,"https://www.google.com/maps/place/The+Joglo+Beratan/@-8.2718381,114.8582534,11z/data=!4m16!1m3!2m2!1sTempat+makan+Bedugul!6e5!3m11!1s0x2dd1891423216f61:0xc2e573b52dec8cfc!5m2!4m1!1i2!8m2!3d-8.2628342!4d115.1679604!9m1!1b1!15sChRUZW1wYXQgbWFrYW4gQmVkdWd1bFoWIhR0ZW1wYXQgbWFrYW4gYmVkdWd1bJIBCnJlc3RhdXJhbnSaASRDaGREU1VoTk1HOW5TMFZKUTBGblNVTkNjMDl1TW5OblJSQULgAQD6AQQIABBJ!16s%2Fg%2F11lf_2_pm1?entry=ttu&g_ep=EgoyMDI2MDMxOC4xIKXMDSoASAFQAw%3D%3D",-8.2628342,115.1679604,https://www.tiktok.com/@the_jogloberatan/video/7530201757033499912,https://www.tiktok.com/@shwangkycat/video/7548700969572355384,https://www.tiktok.com/@the_jogloberatan/video/7540219117228313864
225,Rumah Makan Anda,Tabanan,4.3,147,Family Friendly | Budget Friendly,"['harga', 'chinese food', 'udang', 'luas', 'nasi goreng', 'lalat']",Rp 15–50k,Lunch jam 11am–2pm,"https://www.google.com/maps/place/Rumah+Makan+Anda/@-8.2718381,114.8582534,11z/data=!4m13!1m3!2m2!1sTempat+makan+Bedugul!6e5!3m8!1s0x2dd18914bcd7f90f:0xec704127dbfd1be1!8m2!3d-8.2745828!4d115.1637809!9m1!1b1!15sChRUZW1wYXQgbWFrYW4gQmVkdWd1bFoWIhR0ZW1wYXQgbWFrYW4gYmVkdWd1bJIBCnJlc3RhdXJhbnSaASRDaGREU1VoTk1HOW5TMFZKUTBGblNVUkNkMloxWVROM1JSQULgAQD6AQQIABAx!16s%2Fg%2F11cjj97m29?entry=ttu&g_ep=EgoyMDI2MDMxOC4xIKXMDSoASAFQAw%3D%3D",-8.2745828,115.1637809,https://www.tiktok.com/@bangtanforlyfe/video/7464465180605369606,https://www.tiktok.com/@lia72255/video/7632303872035261703,https://www.tiktok.com/@zeze.aline/video/7586183044294315285
226,Rimba Cafe,Karangasem,4.7,2105,General Chill,"['panini', 'smoothie bowls', 'hutan rimba', 'kombucha', 'pai banoffee', 'rumah kaca']",Rp 80–200k,Lunch atau dinner,"https://www.google.com/maps/place/Rimba+Cafe/@-8.3356533,115.6136972,14z/data=!4m12!1m2!2m1!1sMakan+enak+di+Amed+Bali!3m8!1s0x2dd20062fe410443:0x418eaee9108a1072!8m2!3d-8.3356533!4d115.651806!9m1!1b1!15sChdNYWthbiBlbmFrIGRpIEFtZWQgQmFsaSIDqAEBWhkiF21ha2FuIGVuYWsgZGkgYW1lZCBiYWxpkgEKcmVzdGF1cmFudJoBI0NoWkRTVWhOTUc5blMwVkpRMEZuU1VOSWNIWTNTMFIzRUFF4AEA-gEECAAQIQ!16s%2Fg%2F11fxzyqs9z?entry=ttu&g_ep=EgoyMDI2MDMxOC4xIKXMDSoASAFQAw%3D%3D",-8.3356533,115.651806,https://www.tiktok.com/@zero15_2/video/7607685283303197973,https://www.tiktok.com/@ss_traveler/video/7567653429196197127,https://www.tiktok.com/@jevinsoe/video/7596213658972081426
227,Warung Jambul Amed,Karangasem,4.7,62,Vibrant Nightlife | Budget Friendly,"['harga', 'grill', 'tuna', 'cumi', 'bbq', 'batu bara']",Rp 15–50k,Malam jam 7pm+,"https://www.google.com/maps/place/Warung+Jambul+Amed/@-8.3350651,115.6044889,14z/data=!4m13!1m3!2m2!1sMakan+enak+di+Amed+Bali!6e5!3m8!1s0x2dd20178bdc9daa9:0x3a47dd36df36bb57!8m2!3d-8.3399231!4d115.6421301!9m1!1b1!15sChdNYWthbiBlbmFrIGRpIEFtZWQgQmFsaSIDqAEBWhkiF21ha2FuIGVuYWsgZGkgYW1lZCBiYWxpkgESc2VhZm9vZF9yZXN0YXVyYW504AEA!16s%2Fg%2F11tggbnfrj?entry=ttu&g_ep=EgoyMDI2MDMxOC4xIKXMDSoASAFQAw%3D%3D",-8.3399231,115.6421301,https://www.tiktok.com/@tinagoesdating/video/7553695431079824662,,
228,AMARTA Penida,Klungkung,4.9,2658,Sunset & View,"['sunset', 'pulau', 'pemandangan', 'happy hour', 'gunung agung', 'infinity pool']",Rp 150–400k,Sunset jam 5–7pm,"https://www.google.com/maps/place/AMARTA+Penida/@-8.6923061,115.3987353,13z/data=!4m13!1m3!2m2!1sRestoran+Nusa+Penida!6e5!3m8!1s0x2dd2736b51788b35:0xc7fdfd024ce12004!8m2!3d-8.6923061!4d115.474953!9m1!1b1!15sChRSZXN0b3JhbiBOdXNhIFBlbmlkYVoWIhRyZXN0b3JhbiBudXNhIHBlbmlkYZIBCnJlc3RhdXJhbnSaASRDaGREU1VoTk1HOW5TMFZKUTBGblNVTlNYMDF1VkhOUlJSQULgAQD6AQQIYxAx!16s%2Fg%2F11ll4sslcp?entry=ttu&g_ep=EgoyMDI2MDMxOC4xIKXMDSoASAFQAw%3D%3D",-8.6923061,115.474953,https://www.tiktok.com/@dairasaenz_/video/7526167356809366802,https://www.tiktok.com/@ary.kusumadjaya/video/7530178837552909574,https://www.tiktok.com/@artalokahotel/video/7628813943540141320
229,Mapogu Restaurant,Badung,4.5,45,Work from Cafe | Vibrant Nightlife,"['sarapan', 'cafe', 'coworking', 'interiornya', 'internet', 'tere']",Rp 50–150k,Malam jam 7pm+,https://www.google.com/maps/place/Mapogu+Restaurant/data=!4m7!3m6!1s0x2dd245fc24e25cef:0x2b9e1795d4293c9f!8m2!3d-8.8029598!4d115.1723337!16s%2Fg%2F11rtz3ghlf!19sChIJ71ziJPxF0i0Rnzwp1JUXnis?authuser=0&hl=id&rclk=1,-8.8029598,115.1723337,https://www.tiktok.com/@mapogubali/video/7494130148770450695,https://www.tiktok.com/@mapogubali/video/7517195860132891911,https://www.tiktok.com/@mapogubali/video/7511988181257030928
230,Secret rooftop bali by Happy cow bali,Badung,4.5,846,Work from Cafe | Vibrant Nightlife,"['omakase', 'sushi', 'permata', 'tumbuhan', 'mushroom soup', 'halal']",Rp 80–200k,Malam jam 7pm+,https://www.google.com/maps/place/Secret+rooftop+bali+by+Happy+cow+bali/data=!4m7!3m6!1s0x2dd2449dc126768b:0x1094da990a112d5!8m2!3d-8.8003973!4d115.1806562!16s%2Fg%2F11b77dtgx_!19sChIJi3YmwZ1E0i0R1RKhkKlNCQE?authuser=0&hl=id&rclk=1,-8.8003973,115.1806562,https://www.tiktok.com/@vindamonalisa/video/7510378419541167367,https://www.tiktok.com/@nicholols/video/7560905543435439378,https://www.tiktok.com/@rismerlinaaa/video/7452909330661149968
231,RESTO TEE AYU MASAKAN KHAS SUNDA,Badung,3.3,33,Work from Cafe | Vibrant Nightlife,['niat'],Rp 30–100k,Malam jam 7pm+,https://www.google.com/maps/place/RESTO+TEE+AYU+MASAKAN+KHAS+SUNDA/data=!4m7!3m6!1s0x2dd245452a97130b:0xf5abd17bac6bb56e!8m2!3d-8.802414!4d115.1835662!16s%2Fg%2F11mn5sd5m7!19sChIJCxOXKkVF0i0RbrVrrHvRq_U?authuser=0&hl=id&rclk=1,-8.802414,115.1835662,https://www.tiktok.com/@ayuraya22/video/7601691033226939666,https://www.tiktok.com/@ayurikina/video/7608101076755025170,https://www.tiktok.com/@teteh_amelian/video/7584359520189664519
232,Jendela Bali The Panoramic Resto,Badung,4.3,1543,Sunset & View | Work from Cafe | Vibrant Nightlife,"['gwk', 'service', 'tiket', 'sunset', 'kupon', 'pizza']",Rp 50–150k,Sunset jam 5–7pm,https://www.google.com/maps/place/Jendela+Bali+The+Panoramic+Resto/data=!4m7!3m6!1s0x2dd244b659ae95af:0x2540bda3ab984f76!8m2!3d-8.8086738!4d115.1680313!16s%2Fg%2F1ptwxcqxl!19sChIJr5WuWbZE0i0Rdk-Yq6O9QCU?authuser=0&hl=id&rclk=1,-8.8086738,115.1680313,https://www.tiktok.com/@deprianthony/video/7623360100941565205,https://www.tiktok.com/@meyrakum/video/7608806814058122503,https://www.tiktok.com/@rumahsara_/video/7619575705227054356
233,Bu Komang,Badung,4.7,32,Work from Cafe | Vibrant Nightlife,['nasi campur'],Rp 50–150k,Malam jam 7pm+,https://www.google.com/maps/place/Bu+Komang/data=!4m7!3m6!1s0x2dd244bb0da2e667:0x492dbf5c28bfcf42!8m2!3d-8.8011391!4d115.1747184!16s%2Fg%2F11gbn1lgbg!19sChIJZ-aiDbtE0i0RQs-_KFy_LUk?authuser=0&hl=id&rclk=1,-8.8011391,115.1747184,https://www.tiktok.com/@kkndangintukadaya2025_/video/7406609682090953990,https://www.tiktok.com/@pembantu_babysitter/video/7623606511452867861,https://www.tiktok.com/@mas.dylan.bule/video/7499338991804632375
234,Baba Goose Coffee,Badung,4.6,117,Work from Cafe | Vibrant Nightlife | Budget Friendly,"['harga', 'barista', 'latte', 'wifi', 'meja', 'semut']",Rp 15–50k,Malam jam 7pm+,https://www.google.com/maps/place/Baba+Goose+Coffee/data=!4m7!3m6!1s0x2dd2456e1beb2e07:0x1eddf069ef67845!8m2!3d-8.8023843!4d115.1734462!16s%2Fg%2F11hzz6j1s2!19sChIJBy7rG25F0i0RRXj2ngbf7QE?authuser=0&hl=id&rclk=1,-8.8023843,115.1734462,https://www.tiktok.com/@cindy.congstantia/video/7018514495932730650,https://www.tiktok.com/@jeandjamin/video/7602652129530039560,
235,Mama Chew 360 Rooftop Jimbaran Bali,Badung,4.6,189,Work from Cafe | Vibrant Nightlife | Romantic & Cozy,"['chilli crab', 'dinner', 'service', 'rumah', 'kepiting telur asin', 'buku']",Rp 50–150k,Malam jam 7pm+,https://www.google.com/maps/place/Mama+Chew+360+Rooftop+Jimbaran+Bali/data=!4m7!3m6!1s0x2dd244b80d308195:0xd12a6c57341ea026!8m2!3d-8.804166!4d115.1657485!16s%2Fg%2F11c2p_lwnq!19sChIJlYEwDbhE0i0RJqAeNFdsKtE?authuser=0&hl=id&rclk=1,-8.804166,115.1657485,https://www.tiktok.com/@malaikadkecil/video/7190371331119123739,https://www.tiktok.com/@tresya3s/video/7280780154459196677,https://www.tiktok.com/@ratihcntya/video/7610616130822049045
236,R.M Niken Minang Masakan Padang,Badung,4.9,48,Work from Cafe | Vibrant Nightlife,['nasi'],Rp 50–150k,Malam jam 7pm+,https://www.google.com/maps/place/R.M+Niken+Minang+Masakan+Padang/data=!4m7!3m6!1s0x2dd244ba55dbe553:0x464290ff65fbc9ae!8m2!3d-8.8026005!4d115.1739798!16s%2Fg%2F11ty52g3wg!19sChIJU-XbVbpE0i0Rrsn7Zf-QQkY?authuser=0&hl=id&rclk=1,-8.8026005,115.1739798,https://www.tiktok.com/@adenisa07/video/7571639192728407314,https://www.tiktok.com/@muharnichan/video/7607712421842668820,https://www.tiktok.com/@lapauselerabaru/video/7530200175982267654
237,Dapur Ibu Bejo,Badung,4.5,13,Work from Cafe | Vibrant Nightlife,[],Rp 50–150k,Malam jam 7pm+,https://www.google.com/maps/place/Dapur+Ibu+Bejo/data=!4m7!3m6!1s0x2dd245e3688260af:0xc5421411995a1317!8m2!3d-8.8033276!4d115.1772292!16s%2Fg%2F11qynz3gk9!19sChIJr2CCaONF0i0RFxNamREUQsU?authuser=0&hl=id&rclk=1,-8.8033276,115.1772292,https://www.tiktok.com/@sotoayambejo/video/7519424397170445573,,
238,Bale Udang Kuta,Badung,4.8,24428,Work from Cafe | Vibrant Nightlife,"['gurame', 'masakan indonesia', 'kolam ikan', 'gazebo', 'bali', 'ikan koi']",Rp 150–400k,Malam jam 7pm+,https://www.google.com/maps/place/Bale+Udang+Kuta/data=!4m7!3m6!1s0x2dd246c5b9a669d1:0xc37c62a5ab69489!8m2!3d-8.699908!4d115.1828!16s%2Fg%2F11g_kskvx!19sChIJ0WmmucVG0i0RiZS2WirGNww?authuser=0&hl=id&rclk=1,-8.699908,115.1828,https://www.tiktok.com/@amberlazz/video/7628348804286156052,https://www.tiktok.com/@bali_buddies/video/7553084898089766155,https://www.tiktok.com/@baleudang/video/7512364439878913336
239,Makan Place,Badung,4.8,1928,Work from Cafe | Vibrant Nightlife,"['cocktail', 'sari', 'pork knuckle', 'penjumlahan total', 'bambu', 'sate']",Rp 150–400k,Malam jam 7pm+,https://www.google.com/maps/place/Makan+Place/data=!4m7!3m6!1s0x2dd247c7d86b0b77:0x49fbfdc61fe42087!8m2!3d-8.7060748!4d115.1682869!16s%2Fg%2F11gk2nwp_c!19sChIJdwtr2MdH0i0RhyDkH8b9-0k?authuser=0&hl=id&rclk=1,-8.7060748,115.1682869,https://www.tiktok.com/@thebaliguideline/video/7513481213873605894,https://www.tiktok.com/@ilove_l4tte/video/7518030478746586373,
240,HoCiak Restoran Bali,Badung,4.5,302,Work from Cafe | Vibrant Nightlife,"['chinese food', 'mala xiang guo', 'rempah', 'sup ikan', 'szechuan', 'suan cai']",Rp 50–150k,Malam jam 7pm+,https://www.google.com/maps/place/HoCiak+Restoran+Bali/data=!4m7!3m6!1s0x2dd251717de50b83:0xc30776c311fbe1d9!8m2!3d-8.7861714!4d115.1679577!16s%2Fg%2F11s1s024qw!19sChIJgwvlfXFR0i0R2eH7EcN2B8M?authuser=0&hl=id&rclk=1,-8.7861714,115.1679577,https://www.tiktok.com/@dav_bakee/video/7568500140927929608,https://www.tiktok.com/@tastebaliwithme/video/7567289708158438674,https://www.tiktok.com/@debby.okt/video/7477483939200765191
241,Okuzono Japanese Dining Bali,Badung,4.8,528,Work from Cafe | Vibrant Nightlife,"['interior', 'atmosphere', 'dinner', 'chef', 'salmon', 'the menu']",Rp 80–200k,Malam jam 7pm+,https://www.google.com/maps/place/Okuzono+Japanese+Dining+Bali/data=!4m7!3m6!1s0x2dd247ead1a2e74b:0x46e6dc87399fbb70!8m2!3d-8.6733191!4d115.1582277!16s%2Fg%2F11trs5_y6v!19sChIJS-ei0epH0i0RcLufOYfc5kY?authuser=0&hl=id&rclk=1,-8.6733191,115.1582277,https://www.tiktok.com/@vfelra/video/7556502624393039105,https://www.tiktok.com/@rosselynangel/video/7532116891087686920,https://www.tiktok.com/@shameowww/video/7599651806548888840
242,LALAPAN EYZA,Badung,2.3,53,Work from Cafe | Vibrant Nightlife,"['nasi', 'basi', 'warung', 'lalat', 'penjual', 'lauk']",Rp 30–100k,Malam jam 7pm+,https://www.google.com/maps/place/LALAPAN+EYZA/data=!4m7!3m6!1s0x2dd244bb9527b593:0x39d8f2dae11fc9f9!8m2!3d-8.8009901!4d115.1726226!16s%2Fg%2F11s661v5zw!19sChIJk7UnlbtE0i0R-ckf4dry2Dk?authuser=0&hl=id&rclk=1,-8.8009901,115.1726226,,,
243,Bali Timbungan - Sunset Road,Badung,4.7,2746,Work from Cafe | Vibrant Nightlife,"['bebek', 'dessert', 'pisang goreng', 'kerang', 'bambu', 'gurami']",Rp 150–400k,Malam jam 7pm+,https://www.google.com/maps/place/Bali+Timbungan+-+Sunset+Road/data=!4m7!3m6!1s0x2dd2470900c207f1:0xe29a3947b8d3e5b1!8m2!3d-8.7109776!4d115.1857905!16s%2Fg%2F11gzplmpbs!19sChIJ8QfCAAlH0i0RseXTuEc5muI?authuser=0&hl=id&rclk=1,-8.7109776,115.1857905,https://www.tiktok.com/@pakde_hanss/video/7619640986523766037,https://www.tiktok.com/@amoy_foodtravel/video/7540837433223564600,https://www.tiktok.com/@fooddoctor.id/video/7480125585809870088
244,Gabah Restaurant & Bar,Badung,4.5,2376,Work from Cafe | Vibrant Nightlife,"['tari', 'cocktail', 'konser', 'sari', 'kuta', 'banquet']",Rp 80–200k,Malam jam 7pm+,https://www.google.com/maps/place/Gabah+Restaurant+%26+Bar/data=!4m7!3m6!1s0x2dd246a4a319ec61:0xd9f9404cc7e2a0cf!8m2!3d-8.7248917!4d115.1715178!16s%2Fg%2F1jkym2bj7!19sChIJYewZo6RG0i0Rz6Dix0xA-dk?authuser=0&hl=id&rclk=1,-8.7248917,115.1715178,https://www.tiktok.com/@djempol.music.tra/video/7601556387071593760,https://www.tiktok.com/@jadelouisefarrell/video/7559365404875902229,https://www.tiktok.com/@putusudiariani/video/7607474494713744658
245,Mr. Egg,Badung,4.5,972,Work from Cafe | Vibrant Nightlife,"['bagel', 'cookies', 'driver', 'mcmuffin', 'burger sarapan', 'latte']",Rp 80–200k,Malam jam 7pm+,https://www.google.com/maps/place/Mr.+Egg/data=!4m7!3m6!1s0x2dd23960e16fc647:0xae68fa5a6d5c943c!8m2!3d-8.6674405!4d115.1609877!16s%2Fg%2F11qsn9mmx8!19sChIJR8Zv4WA50i0RPJRcbVr6aK4?authuser=0&hl=id&rclk=1,-8.6674405,115.1609877,https://www.tiktok.com/@lotteouborg/video/7558408490197257505,https://www.tiktok.com/@mregg.indonesia/video/7615222529162120456,https://www.tiktok.com/@mreggbali/video/7287139673187683589
246,Warung Bibie,Badung,4.5,36,Work from Cafe | Vibrant Nightlife | Budget Friendly,"['harga', 'rawon', 'ibu', 'nasi goreng']",Rp 15–50k,Malam jam 7pm+,https://www.google.com/maps/place/Warung+Bibie/data=!4m7!3m6!1s0x2dd24517ec7cf3b7:0xcee1dd1efab30498!8m2!3d-8.8027776!4d115.1736433!16s%2Fg%2F11s7d4hc44!19sChIJt_N87BdF0i0RmASz-h7d4c4?authuser=0&hl=id&rclk=1,-8.8027776,115.1736433,https://www.tiktok.com/@shasa1073/video/7193924192373345563,,
247,Warung Jembung Bali - The Hidden Diamond of Bali,Badung,4.8,864,Sunset & View | Work from Cafe | Vibrant Nightlife,"['sawah', 'masakan indonesia', 'makanan lokal', 'nasi campur', 'bakmi goreng', 'soto ayam']",Rp 80–200k,Sunset jam 5–7pm,https://www.google.com/maps/place/Warung+Jembung+Bali+-+The+Hidden+Diamond+of+Bali/data=!4m7!3m6!1s0x2dd24712aca4b823:0x7fe7e0c8a5eb01e3!8m2!3d-8.6745768!4d115.153729!16s%2Fg%2F11gc47g1_m!19sChIJI7ikrBJH0i0R4wHrpcjg538?authuser=0&hl=id&rclk=1,-8.6745768,115.153729,https://www.tiktok.com/@warung_jembung/video/7617014234915933458,https://www.tiktok.com/@warung_jembung/video/7601735017928183058,https://www.tiktok.com/@sylviichan/video/7622280121520590100
248,Chifanfan Restaurant,Badung,4.4,75,Work from Cafe | Vibrant Nightlife | Budget Friendly,"['harganya', 'dumpling', 'permata', 'panas', 'buncis goreng kering', 'merica sichuan']",Rp 15–50k,Malam jam 7pm+,https://www.google.com/maps/place/Chifanfan+Restaurant/data=!4m7!3m6!1s0x2dd245983d71b80d:0x78f16b9ba0642219!8m2!3d-8.7974359!4d115.172261!16s%2Fg%2F11sh7bj7t6!19sChIJDbhxPZhF0i0RGSJkoJtr8Xg?authuser=0&hl=id&rclk=1,-8.7974359,115.172261,,,
249,Sangsaka Restaurant,Badung,4.6,1329,Work from Cafe | Vibrant Nightlife,"['service', 'menu degustasi', 'cocktail', 'fine dining', 'dumpling', 'gurita']",Rp 80–200k,Malam jam 7pm+,https://www.google.com/maps/place/Sangsaka+Restaurant/data=!4m7!3m6!1s0x2dd2471419d41ed3:0xf43566509e40ad29!8m2!3d-8.6786187!4d115.1605023!16s%2Fg%2F11cmrx0yh3!19sChIJ0x7UGRRH0i0RKa1AnlBmNfQ?authuser=0&hl=id&rclk=1,-8.6786187,115.1605023,https://www.tiktok.com/@sangsakabali/video/7616260724041551124,https://www.tiktok.com/@sangsakabali/video/7483084079710080263,https://www.tiktok.com/@sangsakabali/video/7598030909417344264
250,Bambu,Badung,4.6,1521,Work from Cafe | Vibrant Nightlife,"['service', 'dessert', 'fine dining', 'wine', 'appetizer', 'petang']",Rp 80–200k,Malam jam 7pm+,https://www.google.com/maps/place/Bambu/data=!4m7!3m6!1s0x2dd2471273627801:0x29893cdf056ad72c!8m2!3d-8.6801513!4d115.1531882!16s%2Fg%2F11btxjjy8d!19sChIJAXhicxJH0i0RLNdqBd88iSk?authuser=0&hl=id&rclk=1,-8.6801513,115.1531882,https://www.tiktok.com/@bctbacot96/video/7603709292805491985,https://www.tiktok.com/@khalis.bali/video/7596665346510146834,https://www.tiktok.com/@kaylah.holmess/video/7605095270409473287
251,Boardwalk Restaurant Bali,Badung,4.7,3684,Sunset & View | Work from Cafe | Vibrant Nightlife,"['sunset', 'kolam renang', 'samudra', 'kuta', 'resort', 'verycouk']",Rp 150–400k,Sunset jam 5–7pm,https://www.google.com/maps/place/Boardwalk+Restaurant+Bali/data=!4m7!3m6!1s0x2dd2441f2bd0fd4b:0xa5a1f8ef35bc7fe0!8m2!3d-8.7270949!4d115.1677692!16s%2Fg%2F1pty610yx!19sChIJS_3QKx9E0i0R4H-8Ne_4oaU?authuser=0&hl=id&rclk=1,-8.7270949,115.1677692,https://www.tiktok.com/@yollaregina/video/7605558596335619346,https://www.tiktok.com/@houseofbathern/video/7559219449270717704,https://www.tiktok.com/@verinamonica/video/7290930944926649606
252,JI Restaurant Bali,Badung,4.6,1600,Sunset & View | Work from Cafe | Vibrant Nightlife,"['sunset', 'cocktail', 'samudra', 'teras', 'atap', 'the view']",Rp 80–200k,Sunset jam 5–7pm,https://www.google.com/maps/place/JI+Restaurant+Bali/data=!4m7!3m6!1s0x2dd2478632a95559:0x2e566185a52e5744!8m2!3d-8.6586266!4d115.130492!16s%2Fg%2F11bzrg5fcy!19sChIJWVWpMoZH0i0RRFcupYVhVi4?authuser=0&hl=id&rclk=1,-8.6586266,115.130492,https://www.tiktok.com/@journalbali/video/7613735701946862869,https://www.tiktok.com/@soraya.anisa/video/7574668507351141640,https://www.tiktok.com/@glowwithoprah/video/7470741568324996359
253,Ling-Ling's Bali,Badung,4.8,8800,Work from Cafe | Vibrant Nightlife,"['hari selasa taco', 'mba', 'mac n cheese', 'bingo', 'juni', 'lumpia cheeseburger']",Rp 150–400k,Malam jam 7pm+,https://www.google.com/maps/place/Ling-Ling%27s+Bali/data=!4m7!3m6!1s0x2dd2476ccc6c42cb:0x5c7724b56e61c4a1!8m2!3d-8.6741987!4d115.1573999!16s%2Fg%2F11b_2tryrd!19sChIJy0JszGxH0i0RocRhbrUkd1w?authuser=0&hl=id&rclk=1,-8.6741987,115.1573999,,,
254,Warong Legong,Gianyar,4.8,1752,Sunset & View | Work from Cafe | Vibrant Nightlife,"['service', 'nasi campur', 'sawah', 'kebaikan', 'vegan', 'cocktail']",Rp 150–400k,Sunset jam 5–7pm,https://www.google.com/maps/place/Warong+Legong/data=!4m7!3m6!1s0x2dd21453c1b3fc67:0x8ef8fcf999c8f3b8!8m2!3d-8.5946372!4d115.3358249!16s%2Fg%2F11bvv563cy!19sChIJZ_yzwVMU0i0RuPPImfn8-I4?authuser=0&hl=id&rclk=1,-8.5946372,115.3358249,https://www.tiktok.com/@selviore/video/7421905105873587461,,
255,Ngaliir Resto,Gianyar,4.8,2618,Family Friendly | Work from Cafe | Vibrant Nightlife,"['playground', 'tuna', 'rahang', 'bumbu', 'gurami', 'makan bersama']",Rp 150–400k,Malam jam 7pm+,https://www.google.com/maps/place/Ngaliir+Resto/data=!4m7!3m6!1s0x2dd217c0a8041f49:0xe3f35569e93d16d!8m2!3d-8.5423341!4d115.3145924!16s%2Fg%2F11w96tkbg7!19sChIJSR8EqMAX0i0RbdGTnlY1Pw4?authuser=0&hl=id&rclk=1,-8.5423341,115.3145924,https://www.tiktok.com/@balihints/video/7566219012422520085,https://www.tiktok.com/@shitabhoraa/video/7539778081607748882,https://www.tiktok.com/@nomnombali/video/7558763649993755922
256,Masa Masa,Gianyar,4.8,683,Sunset & View | Family Friendly | Work from Cafe | Vibrant Nightlife,"['kuliner', 'pantai', 'hidangan peranakan', 'pameran', 'laksa', 'antik']",Rp 80–200k,Sunset jam 5–7pm,https://www.google.com/maps/place/Masa+Masa/data=!4m7!3m6!1s0x2dd215d6c45d89f9:0x8d35064eaec2f128!8m2!3d-8.635653!4d115.290306!16s%2Fg%2F11rxj2c8yt!19sChIJ-YldxNYV0i0RKPHCrk4GNY0?authuser=0&hl=id&rclk=1,-8.635653,115.290306,https://www.tiktok.com/@dunia.sjr/video/7607335716024012050,https://www.tiktok.com/@balihints/video/7528268732985085240,https://www.tiktok.com/@mwk.makanwithkoko/video/7615953765774003476
257,NGERODOK RESTO,Gianyar,4.2,1054,Work from Cafe | Vibrant Nightlife,"['ayam bakar', 'sambal', 'meja', 'pedas', 'pelayanan', 'pacar']",Rp 30–100k,Malam jam 7pm+,https://www.google.com/maps/place/NGERODOK+RESTO/data=!4m7!3m6!1s0x2dd2167cec78d163:0xedc8bb4db6aae0e3!8m2!3d-8.5527923!4d115.3268921!16s%2Fg%2F11ckt_6fcz!19sChIJY9F47HwW0i0R4-Cqtk27yO0?authuser=0&hl=id&rclk=1,-8.5527923,115.3268921,https://www.tiktok.com/@ade_w/video/7513166733012716808,https://www.tiktok.com/@ayucintia52/video/7597703306516925717,https://www.tiktok.com/@blidek9/video/7563891342791773448
258,Warung SIGGI (Sup Ikan Goreng Gianyar),Gianyar,4.4,410,Family Friendly | Work from Cafe | Vibrant Nightlife,"['sambal', 'luas', 'pedas', 'sop ikan', 'plecing', 'kepala ikan']",Rp 50–150k,Malam jam 7pm+,https://www.google.com/maps/place/Warung+SIGGI+%28Sup+Ikan+Goreng+Gianyar%29/data=!4m7!3m6!1s0x2dd217bacc7d2fef:0xc9ca96de2eae6e23!8m2!3d-8.5487699!4d115.3036701!16s%2Fg%2F11m0tf74dt!19sChIJ7y99zLoX0i0RI26uLt6Wysk?authuser=0&hl=id&rclk=1,-8.5487699,115.3036701,https://www.tiktok.com/@warungsiggi/video/7564620645305240852,https://www.tiktok.com/@anjasiswara_pidada/video/7549542662693457160,https://www.tiktok.com/@balihangoutt/video/7614342337363250440
259,Sumampan Restaurant,Gianyar,4.9,1027,Sunset & View | Work from Cafe | Vibrant Nightlife,"['sarapan', 'sawah', 'resort', 'kelas memasak', 'nasi goreng', 'kuliner']",Rp 150–400k,Sunset jam 5–7pm,https://www.google.com/maps/place/Sumampan+Restaurant/data=!4m7!3m6!1s0x2dd2173937a47f67:0xd7474552572d2da5!8m2!3d-8.545283!4d115.2857476!16s%2Fg%2F11s9jk2_7w!19sChIJZ3-kNzkX0i0RpS0tV1JFR9c?authuser=0&hl=id&rclk=1,-8.545283,115.2857476,,,
260,Sangam Bali - Asian Restaurant and Events,Gianyar,4.9,514,Family Friendly | Work from Cafe | Vibrant Nightlife,"['waterfall', 'lunch', 'luas', 'foto', 'laksa', 'ikan koi']",Rp 80–200k,Malam jam 7pm+,https://www.google.com/maps/place/Sangam+Bali+-+Asian+Restaurant+and+Events/data=!4m7!3m6!1s0x2dd215cf54cfb0e9:0x6179bde9b9d2cb87!8m2!3d-8.5697051!4d115.2860733!16s%2Fg%2F11lcl5fbc1!19sChIJ6bDPVM8V0i0Rh8vSuem9eWE?authuser=0&hl=id&rclk=1,-8.5697051,115.2860733,https://www.tiktok.com/@balihints/video/7516033291124886840,https://www.tiktok.com/@moonandsan_/video/7543914794915614008,https://www.tiktok.com/@deprianthony/video/7530946646612430087
261,Genius Café Gianyar,Gianyar,4.6,185,Work from Cafe | Vibrant Nightlife | Budget Friendly,"['harga', 'taman', 'service', 'burger', 'atmosphere', 'villa']",Rp 15–50k,Malam jam 7pm+,https://www.google.com/maps/place/Genius+Caf%C3%A9+Gianyar/data=!4m7!3m6!1s0x2dd21436bbe302ef:0x23425b61f0a6922!8m2!3d-8.5762993!4d115.3381626!16s%2Fg%2F11g9dq02vm!19sChIJ7wLjuzYU0i0RImkKH7YlNAI?authuser=0&hl=id&rclk=1,-8.5762993,115.3381626,https://www.tiktok.com/@genius_bali/video/7493015106167803154,https://www.tiktok.com/@pinguinfmbalii/video/7478862675263360274,https://www.tiktok.com/@geniuscafebali/video/7605501529151376658
262,Tembaga Restaurant,Gianyar,4.9,698,Sunset & View | Work from Cafe | Vibrant Nightlife,"['bambu', 'sunset', 'yoga', 'sumsum', 'arsitektur', 'panjang umur']",Rp 80–200k,Sunset jam 5–7pm,https://www.google.com/maps/place/Tembaga+Restaurant/data=!4m7!3m6!1s0x2dd23d9e8db04f37:0x4de19f062f728652!8m2!3d-8.5121689!4d115.2384912!16s%2Fg%2F11w3lq2jv6!19sChIJN0-wjZ490i0RUoZyLwaf4U0?authuser=0&hl=id&rclk=1,-8.5121689,115.2384912,https://www.tiktok.com/@bambuindah_bali/video/7503788434486463799,https://www.tiktok.com/@kariinnp/video/7610429718864645384,https://www.tiktok.com/@bambuindah_bali/video/7544701084195966264
263,BUBUR BALI,Gianyar,4.9,596,Work from Cafe | Vibrant Nightlife,"['karaoke', 'makanan lokal', 'warung', 'buburnya', 'taman', 'mie goreng']",Rp 80–200k,Malam jam 7pm+,https://www.google.com/maps/place/BUBUR+BALI/data=!4m7!3m6!1s0x2dd2165655cc8a01:0x31ced7008bd8632a!8m2!3d-8.5291858!4d115.325312!16s%2Fg%2F11hcdmc2v7!19sChIJAYrMVVYW0i0RKmPYiwDXzjE?authuser=0&hl=id&rclk=1,-8.5291858,115.325312,https://www.tiktok.com/@anggie_ok/video/7519455365092724024,https://www.tiktok.com/@balihints/video/7558743291479510283,https://www.tiktok.com/@vera_jalanjajan/video/7632339899185777928
264,PinHead Bali,Gianyar,4.8,1893,Family Friendly | Work frodm Cafe | Vibrant Nightlife,"['birthday', 'sushi', 'sambal', 'playground', 'bumbu', 'ikan bakar']",Rp 150–400k,Malam jam 7pm+,https://www.google.com/maps/place/PinHead+Bali/data=!4m7!3m6!1s0x2dd217124106cb8d:0x708cd1d91d69b77!8m2!3d-8.5619966!4d115.327288!16s%2Fg%2F11h6rrg74d!19sChIJjcsGQRIX0i0Rd5vWkR3NCAc?authuser=0&hl=id&rclk=1,-8.5619966,115.327288,https://www.tiktok.com/@balihints/video/7592122059002547476,https://www.tiktok.com/@balimaknyus/video/7631208458796240135,https://www.tiktok.com/@lidia.wisesa/video/7634764103373917447
265,The Sayan House,Gianyar,4.6,2751,Sunset & View | Work from Cafe | Vibrant Nightlife,"['sunset', 'lembah', 'the view', 'spesies', 'penglihatan', 'hutan rimba']",Rp 80–200k,Sunset jam 5–7pm,https://www.google.com/maps/place/The+Sayan+House/data=!4m7!3m6!1s0x2dd23d25ad4177df:0xf79f0f383121f82d!8m2!3d-8.4988078!4d115.2440165!16s%2Fg%2F11b6gdv5k4!19sChIJ33dBrSU90i0RLfghMTgPn_c?authuser=0&hl=id&rclk=1,-8.4988078,115.2440165,https://www.tiktok.com/@agus.balitour/video/7594323748883320085,https://www.tiktok.com/@lauraschreppers/video/7617802292426837280,https://www.tiktok.com/@maldies/video/7543217777985719608
266,Sawah Indah Resto Ubud,Gianyar,4.5,1479,Sunset & View | Work from Cafe | Vibrant Nightlife,"['persawahan', 'bebek', 'bali timbungan', 'pemandangan', 'urap', 'gurami']",Rp 80–200k,Sunset jam 5–7pm,https://www.google.com/maps/place/Sawah+Indah+Resto+Ubud/data=!4m7!3m6!1s0x2dd23d79af34c691:0x18f1ddb49b83a391!8m2!3d-8.5196832!4d115.2745354!16s%2Fg%2F1pxw7rn_m!19sChIJkcY0r3k90i0RkaODm7Td8Rg?authuser=0&hl=id&rclk=1,-8.5196832,115.2745354,https://www.tiktok.com/@ubud_kenken/video/7605601224695516436,https://www.tiktok.com/@bebek.sawah.indah/video/7549818506817162501,https://www.tiktok.com/@ubud_kenken/video/7549072678871747847
267,Greenkubu Restaurant and Swing,Gianyar,4.6,4696,Sunset & View | Family Friendly | Work from Cafe | Vibrant Nightlife,"['sawah', 'pemandangan', 'playground', 'donat', 'ayunan', 'nasi goreng']",Rp 80–200k,Sunset jam 5–7pm,https://www.google.com/maps/place/Greenkubu+Restaurant+and+Swing/data=!4m7!3m6!1s0x2dd22284e4af9543:0x7a8c99e9dbdc880f!8m2!3d-8.4520774!4d115.2742628!16s%2Fg%2F11dz161zrk!19sChIJQ5Wv5IQi0i0RD4jc2-mZjHo?authuser=0&hl=id&rclk=1,-8.4520774,115.2742628,https://www.tiktok.com/@yayawwabcde/video/7614902885989600520,https://www.tiktok.com/@jalanjalan.dibali/video/7559116104795163922,https://www.tiktok.com/@bagus_staycation/video/7628107418416794901
268,Warung Sendok Garpu,Gianyar,4.6,1313,Family Friendly | Work from Cafe | Vibrant Nightlife,"['pelayanan', 'playground', 'pesan', 'bumbu', 'estetik', 'lidah']",Rp 80–200k,Malam jam 7pm+,https://www.google.com/maps/place/Warung+Sendok+Garpu/data=!4m7!3m6!1s0x2dd217f19f7d1293:0x763686e382e7b4ff!8m2!3d-8.5477967!4d115.3118537!16s%2Fg%2F11fvcd_25v!19sChIJkxJ9n_EX0i0R_7TnguOGNnY?authuser=0&hl=id&rclk=1,-8.5477967,115.3118537,https://www.tiktok.com/@gekcantik25/video/7599929455406075157,https://www.tiktok.com/@taruni.17/video/7612156264033832210,https://www.tiktok.com/@shitabhoraa/video/7610766968387292437
269,Warung Makan Padi Kuning,Gianyar,4.9,1609,Sunset & View | Work from Cafe | Vibrant Nightlife,"['persawahan', 'air terjun', 'pasangan', 'penglihatan', 'bali', 'kepemilikan']",Rp 150–400k,Sunset jam 5–7pm,https://www.google.com/maps/place/Warung+Makan+Padi+Kuning/data=!4m7!3m6!1s0x2dd2176818157fc3:0xa6d2978e44de1ed9!8m2!3d-8.5075611!4d115.3281218!16s%2Fg%2F11f611x5zq!19sChIJw38VGGgX0i0R2R7eRI6X0qY?authuser=0&hl=id&rclk=1,-8.5075611,115.3281218,https://www.tiktok.com/@q722bee/video/7518450225397255431,https://www.tiktok.com/@dodiksetiawan1195/video/7611102533964074258,https://www.tiktok.com/@padirestaurantandbar/video/7516479779760065799
270,Standing Stone Restaurant,Gianyar,4.4,657,Sunset & View | Family Friendly | Work from Cafe | Vibrant Nightlife,"['service', 'anak', 'resort', 'makan siang', 'foto', 'voucher']",Rp 50–150k,Sunset jam 5–7pm,https://www.google.com/maps/place/Standing+Stone+Restaurant/data=!4m7!3m6!1s0x2dd21514bf18e6df:0x3da981af9f755ce4!8m2!3d-8.6193375!4d115.3087412!16s%2Fg%2F11bxjnm4hx!19sChIJ3-YYvxQV0i0R5Fx1n6-BqT0?authuser=0&hl=id&rclk=1,-8.6193375,115.3087412,https://www.tiktok.com/@theroyalpurnama/video/7538288839157222712,https://www.tiktok.com/@theroyalpurnama/video/7517939600325725447,https://www.tiktok.com/@jihanaldo7/video/7597688645407034644
271,Uma Ceking Resto and Swing,Gianyar,4.2,1573,Sunset & View | Work from Cafe | Vibrant Nightlife,"['ayunan', 'tegallalang rice terrace', 'zip line', 'hiking', 'pemandangan', 'tempat wisata']",Rp 30–100k,Sunset jam 5–7pm,https://www.google.com/maps/place/Uma+Ceking+Resto+and+Swing/data=!4m7!3m6!1s0x2dd223a4a129bcf5:0xee28be3c9536d599!8m2!3d-8.4351006!4d115.2794647!16s%2Fg%2F11k65vq_qm!19sChIJ9bwpoaQj0i0RmdU2lTy-KO4?authuser=0&hl=id&rclk=1,-8.4351006,115.2794647,https://www.tiktok.com/@jajan_maknyus/video/7529425122055179525,https://www.tiktok.com/@srldmgllm/video/7514743824162360582,https://www.tiktok.com/@shermananzini/video/7542729504528157957
272,Warung Babi Guling Pande Egi,Gianyar,4.6,7699,Sunset & View | Work from Cafe | Vibrant Nightlife,"['sawah', 'pemandangan', 'antrean', 'weekend', 'es teler', 'pedesaan']",Rp 80–150k,Sunset jam 5–7pm,https://www.google.com/maps/place/Warung+Babi+Guling+Pande+Egi/data=!4m7!3m6!1s0x2dd216514e66ffe1:0x9469d9bb05940a59!8m2!3d-8.5268818!4d115.3251556!16s%2Fg%2F11bwc4zm8x!19sChIJ4f9mTlEW0i0RWQqUBbvZaZQ?authuser=0&hl=id&rclk=1,-8.5268818,115.3251556,https://www.tiktok.com/@yohanajoevanca/video/7584700928981355794,https://www.tiktok.com/@chokdeemak_89/video/7599492203966156039,https://www.tiktok.com/@ela.from.bali/video/7574213523014847752
273,"Waroeng Bernadette, Ubud",Gianyar,4.6,1433,Work from Cafe | Vibrant Nightlife,"['atmosphere', 'dessert', 'rendang daging sapi', 'vegan', 'dadar gulung', 'cocktail']",Rp 80–200k,Malam jam 7pm+,"https://www.google.com/maps/place/Waroeng+Bernadette,+Ubud/data=!4m7!3m6!1s0x2dd23db1ee968417:0xb924f4f37ad2eb05!8m2!3d-8.506227!4d115.254021!16s%2Fg%2F11l5h_grt5!19sChIJF4SW7rE90i0RBevSevP0JLk?authuser=0&hl=id&rclk=1",-8.506227,115.254021,https://www.tiktok.com/@maikadoo/video/7504891692940561670,https://www.tiktok.com/@sipsandshapes/video/7540598447511162168,https://www.tiktok.com/@imrealisticallytired/video/7516399916042816773
274,Semara Grill,Gianyar,4.9,425,Work from Cafe | Vibrant Nightlife,"['karyawannya', 'server', 'resort', 'cocktail', 'senyum', 'keramahan']",Rp 200–350k,Malam jam 7pm+,https://www.google.com/maps/place/Semara+Grill/data=!4m7!3m6!1s0x2dd22300ea08393d:0x75d522c388a65739!8m2!3d-8.4221064!4d115.2663839!16s%2Fg%2F11w_n8mrg8!19sChIJPTkI6gAj0i0ROVemiMMi1XU?authuser=0&hl=id&rclk=1,-8.4221064,115.2663839,,,
275,Bakmi Akiu Gianyar,Gianyar,4.8,1229,Family Friendly | Work from Cafe | Vibrant Nightlife,"['luas', 'dimsum', 'gurih', 'kaldu', 'chili oil', 'dingin']",Rp 20–100k,Malam jam 7pm+,https://www.google.com/maps/place/Bakmi+Akiu+Gianyar/data=!4m7!3m6!1s0x2dd2176d508c284f:0x47136437dd627a88!8m2!3d-8.5409499!4d115.3197184!16s%2Fg%2F11x6pn718m!19sChIJTyiMUG0X0i0RiHpi3TdkE0c?authuser=0&hl=id&rclk=1,-8.5409499,115.3197184,https://www.tiktok.com/@abisetiawann/video/7512019778756775174,https://www.tiktok.com/@bakmi.akiu/video/7510610650100469048,https://www.tiktok.com/@nomnombali/video/7512339257881562376
276,Bali Moon Resto,Gianyar,4.5,248,Work from Cafe | Vibrant Nightlife | Budget Friendly,"['harga', 'chicken curry', 'kitchen', 'service', 'warung', 'rendang']",Rp 15–50k,Malam jam 7pm+,https://www.google.com/maps/place/Bali+Moon+Resto/data=!4m7!3m6!1s0x2dd23df6706bde4d:0x4b5fc172bdf9aea2!8m2!3d-8.5500334!4d115.2816502!16s%2Fg%2F11gdm8xk_3!19sChIJTd5rcPY90i0Roq75vXLBX0s?authuser=0&hl=id&rclk=1,-8.5500334,115.2816502,https://www.tiktok.com/@kabarbalihits/video/7594233202458250517,https://www.tiktok.com/@kulinerbattle/video/7588136080335998215,https://www.tiktok.com/@mocca5534/video/7484917517886983479
277,Bumbu Asli International Warung,Gianyar,4.7,278,Sunset & View | Work from Cafe | Vibrant Nightlife | Budget Friendly,"['waterfall', 'harga', 'service', 'pizza', 'nasi goreng', 'jus']",Rp 15–50k,Sunset jam 5–7pm,https://www.google.com/maps/place/Bumbu+Asli+International+Warung/data=!4m7!3m6!1s0x2dd215f73f95573b:0x60dddc531ffa2253!8m2!3d-8.5762081!4d115.2890334!16s%2Fg%2F11dzd2qxyn!19sChIJO1eVP_cV0i0RUyL6H1Pc3WA?authuser=0&hl=id&rclk=1,-8.5762081,115.2890334,https://www.tiktok.com/@bumbu_medan/video/7566537438496050452,https://www.tiktok.com/@warungbaliinstanbul/video/7628131505939778823,
278,Warung Thepaon,Gianyar,4.6,236,Family Friendly | Work from Cafe | Vibrant Nightlife | Budget Friendly,"['harga', 'anak', 'pelayanan', 'babi', 'iga', 'bermain']",Rp 15–100k,Malam jam 7pm+,https://www.google.com/maps/place/Warung+Thepaon/data=!4m7!3m6!1s0x2dd21778c8f76653:0x2ed67ed21fa7ce6a!8m2!3d-8.5520849!4d115.3016512!16s%2Fg%2F11qgk2y8dp!19sChIJU2b3yHgX0i0Ras6nH9J-1i4?authuser=0&hl=id&rclk=1,-8.5520849,115.3016512,https://www.tiktok.com/@markus.umbu65/video/7617355866664111378,https://www.tiktok.com/@warungthepaon_umasari/video/7632927075552283912,
279,Segara Bambu,Denpasar,4.5,2049,Family Friendly | Work from Cafe | Vibrant Nightlife | Romantic & Cozy,"['kolam', 'playground', 'gazebo', 'gurami', 'pesan', 'romantis']",Rp 80–250k,Malam jam 7pm+,https://www.google.com/maps/place/Segara+Bambu/data=!4m7!3m6!1s0x2dd23f1db5e54df3:0x5b5aba549ef24850!8m2!3d-8.6112596!4d115.2202471!16s%2Fg%2F1q677ptqx!19sChIJ803ltR0_0i0RUEjynlS6Wls?authuser=0&hl=id&rclk=1,-8.6112596,115.2202471,https://www.tiktok.com/@ayu_kartiniii/video/7472932432984034615,https://www.tiktok.com/@puspita.devii/video/7567933254599281938,https://www.tiktok.com/@eul.nyxx/video/7556638855789579576
280,Bendega Restaurant,Denpasar,4.6,2498,Family Friendly | Work from Cafe | Vibrant Nightlife,"['playground', 'meeting', 'dinner', 'cumi', 'gurame', 'ulang tahun']",Rp 70–150k,Malam jam 7pm+,https://www.google.com/maps/place/Bendega+Restaurant/data=!4m7!3m6!1s0x2dd2408c4dfd9f85:0x2d0ee0e62af3d942!8m2!3d-8.666737!4d115.2280749!16s%2Fg%2F1hdztbrl5!19sChIJhZ_9TYxA0i0RQtnzKubgDi0?authuser=0&hl=id&rclk=1,-8.666737,115.2280749,https://www.tiktok.com/@aripande1209/video/7604745253924474132,https://www.tiktok.com/@aripande1209/video/7589292806535974165,
281,Warung Subak,Denpasar,4.5,2841,Work from Cafe | Vibrant Nightlife,"['bumbu', 'ikan bakar', 'pelayanan', 'plecing', 'kantor', 'gazebo']",Rp 80–200k,Malam jam 7pm+,https://www.google.com/maps/place/Warung+Subak/data=!4m7!3m6!1s0x2dd23f1dd152495b:0xe887d25cf8e50f0a!8m2!3d-8.6114897!4d115.2188044!16s%2Fg%2F11cff05s0!19sChIJW0lS0R0_0i0RCg_l-FzSh-g?authuser=0&hl=id&rclk=1,-8.6114897,115.2188044,https://www.tiktok.com/@chelle_liem03/video/7594352752143142162,https://www.tiktok.com/@anixangelmoon/video/7622508907096821012,https://www.tiktok.com/@maderajeg69/video/7521240310534524178
282,Restoran Renon,Denpasar,4.5,2412,Work from Cafe | Vibrant Nightlife,"['dimsum', 'halal', 'pelayanan', 'gurami', 'bubur', 'es teh']",Rp 80–200k,Malam jam 7pm+,https://www.google.com/maps/place/Restoran+Renon/data=!4m7!3m6!1s0x2dd2408a9bba856d:0x2db86ea40aa4394c!8m2!3d-8.667147!4d115.235843!16s%2Fg%2F1hm2x0mcl!19sChIJbYW6m4pA0i0RTDmkCqRuuC0?authuser=0&hl=id&rclk=1,-8.667147,115.235843,https://www.tiktok.com/@indfani/video/7542055687707168007,https://www.tiktok.com/@tanyadinda_/video/7508751014669978887,
283,The Brass Bali,Denpasar,4.8,3886,Work from Cafe | Vibrant Nightlife | Romantic & Cozy,"['birthday', 'meeting', 'konser', 'kue cokelat cair', 'estetik', 'romantis']",Rp 150–340k,Malam jam 7pm+,https://www.google.com/maps/place/The+Brass+Bali/data=!4m7!3m6!1s0x2dd24161905d212d:0xb9b6497e5052ae8b!8m2!3d-8.6686389!4d115.2388678!16s%2Fg%2F11n2dr34ns!19sChIJLSFdkGFB0i0Ri65SUH5Jtrk?authuser=0&hl=id&rclk=1,-8.6686389,115.2388678,https://www.tiktok.com/@nivaldinata/video/7579556104514931989,https://www.tiktok.com/@randygrcss/video/7615925518365510932,https://www.tiktok.com/@odikabayu/video/7480026354575002888
284,Warung Klumpu Bali,Denpasar,4.5,447,Work from Cafe | Vibrant Nightlife,"['seafood', 'iga', 'ikan bakar', 'kerang', 'bumbunya', 'pesan']",Rp 50–150k,Malam jam 7pm+,https://www.google.com/maps/place/Warung+Klumpu+Bali/data=!4m7!3m6!1s0x2dd23f482cb53af5:0x57a856c9a74dee7b!8m2!3d-8.6314171!4d115.1978764!16s%2Fg%2F1hm5s5jmw!19sChIJ9Tq1LEg_0i0Re-5Np8lWqFc?authuser=0&hl=id&rclk=1,-8.6314171,115.1978764,https://www.tiktok.com/@warungklumpubali/video/7609962861967707399,https://www.tiktok.com/@warungklumpubali/video/7609956081422372104,https://www.tiktok.com/@warungklumpubali/video/7587257561267850512
285,Pondok Elis Resto,Denpasar,4.6,263,Work from Cafe | Vibrant Nightlife | Budget Friendly,"['pempek', 'harga', 'pedas', 'bumbu', 'ikan', 'otakotak']",Rp 15–50k,Malam jam 7pm+,https://www.google.com/maps/place/Pondok+Elis+Resto/data=!4m7!3m6!1s0x2dd24142b4b07e4b:0xf3f3135f745e3a44!8m2!3d-8.6729119!4d115.2244957!16s%2Fg%2F11pyt5btmx!19sChIJS36wtEJB0i0RRDpedF8T8_M?authuser=0&hl=id&rclk=1,-8.6729119,115.2244957,https://www.tiktok.com/@pondokelis/video/7561417348528327947,https://www.tiktok.com/@pondokelis/video/7562861053898444050,https://www.tiktok.com/@pondokelis/video/7575427570754178322
286,Gosha Kitchen & Patisserie Renon,Denpasar,4.6,5782,Work from Cafe | Vibrant Nightlife,"['lantai', 'iga', 'ayam parmigiana', 'gelato', 'pelayanan', 'standar']",Rp 80–200k,Malam jam 7pm+,https://www.google.com/maps/place/Gosha+Kitchen+%26+Patisserie+Renon/data=!4m7!3m6!1s0x2dd240f16f6d0a93:0xbbdbb4a265cd3d04!8m2!3d-8.6771609!4d115.2280512!16s%2Fg%2F1pzshfx4v!19sChIJkwptb_FA0i0RBD3NZaK027s?authuser=0&hl=id&rclk=1,-8.6771609,115.2280512,https://www.tiktok.com/@photorama_booth/video/7598812595704958229,https://www.tiktok.com/@photorama_booth/video/7574354314244902162,https://www.tiktok.com/@goshakitchenpatisserie/video/7591703834066570503
287,Soul On The Beach,Denpasar,4.6,3377,Sunset & View | Work from Cafe | Vibrant Nightlife,"['pantai sanur', 'shower', 'nasi campur', 'samudra', 'berenang', 'eggs benedict']",Rp 80–200k,Sunset jam 5–7pm,https://www.google.com/maps/place/Soul+On+The+Beach/data=!4m7!3m6!1s0x2dd240348d4a2495:0x6daf8529c6b5d9b!8m2!3d-8.6852298!4d115.2644609!16s%2Fg%2F11fx8t_vyn!19sChIJlSRKjTRA0i0Rm11rnFL42gY?authuser=0&hl=id&rclk=1,-8.6852298,115.2644609,https://www.tiktok.com/@marahbanget/video/7561030351997521163,https://www.tiktok.com/@soulonthebeach/video/7526879540791069957,https://www.tiktok.com/@fevereating/video/7529474798129384722
288,Kayumanis Seaside Sanur,Denpasar,4.8,1695,Sunset & View | Work from Cafe | Vibrant Nightlife,"['pantai', 'music', 'mba', 'cocktail', 'sate', 'nasi campur']",Rp 150–400k,Sunset jam 5–7pm,https://www.google.com/maps/place/Kayumanis+Seaside+Sanur/data=!4m7!3m6!1s0x2dd241f9ca42827f:0x872232e36ed41ff2!8m2!3d-8.6853276!4d115.2644723!16s%2Fg%2F11g1pygfn2!19sChIJf4JCyvlB0i0R8h_UbuMyIoc?authuser=0&hl=id&rclk=1,-8.6853276,115.2644723,https://www.tiktok.com/@kayumanis.seaside/video/7629242614096743700,https://www.tiktok.com/@silviaday93/video/7560988773308173579,https://www.tiktok.com/@abdinatta31/video/7531232282829409541
289,Resto Sunda Kelapa,Denpasar,4.6,1654,Work from Cafe | Vibrant Nightlife,"['soto betawi', 'otak otak', 'soto mie', 'chinese food', 'asinan', 'kuliner']",Rp 80–200k,Malam jam 7pm+,https://www.google.com/maps/place/Resto+Sunda+Kelapa/data=!4m7!3m6!1s0x2dd240c4f4c2b609:0x5df4019636450547!8m2!3d-8.6795183!4d115.2045716!16s%2Fg%2F1hm1wcd3q!19sChIJCbbC9MRA0i0RRwVFNpYB9F0?authuser=0&hl=id&rclk=1,-8.6795183,115.2045716,https://www.tiktok.com/@sunda.kelapa.bali/video/7564217611307797768,https://www.tiktok.com/@yustinabali/video/7571327079992544533,https://www.tiktok.com/@miscolatica/video/7534694174923181330
290,Warung Modus,Denpasar,4.5,1993,Work from Cafe | Vibrant Nightlife,"['bakmi', 'cumi', 'petir', 'meeting', 'wifi', 'es kopi']",Rp 80–200k,Malam jam 7pm+,https://www.google.com/maps/place/Warung+Modus/data=!4m7!3m6!1s0x2dd24061b32675c3:0x952e7b8778149bdc!8m2!3d-8.6660639!4d115.238401!16s%2Fg%2F11f11hnrym!19sChIJw3Ums2FA0i0R3JsUeId7LpU?authuser=0&hl=id&rclk=1,-8.6660639,115.238401,https://www.tiktok.com/@mr.irfantastic/video/7504176072683015429,https://www.tiktok.com/@hi.akusin/video/7631196578434370824,https://www.tiktok.com/@just_rayhan/video/7310955634453777670
291,Jempiring Restaurant,Denpasar,4.6,14,Work from Cafe | Vibrant Nightlife,[],Rp 50–150k,Malam jam 7pm+,https://www.google.com/maps/place/Jempiring+Restaurant/data=!4m7!3m6!1s0x2dd23f44a38d15ed:0x7e282781b621ac77!8m2!3d-8.639578!4d115.206232!16s%2Fg%2F1ptw68yr3!19sChIJ7RWNo0Q_0i0Rd6whtoEnKH4?authuser=0&hl=id&rclk=1,-8.639578,115.206232,https://www.tiktok.com/@astondenpasar/video/7501546016567577862,,
292,Krisna Gallery & Resto,Denpasar,4.4,632,Sunset & View | Family Friendly | Work from Cafe | Vibrant Nightlife,"['luas', 'music', 'ayam betutu', 'meeting', 'pelayanan', 'makan malam']",Rp 50–150k,Sunset jam 5–7pm,https://www.google.com/maps/place/Krisna+Gallery+%26+Resto/data=!4m7!3m6!1s0x2dd24097995c58a9:0x689592c3b56ea9ae!8m2!3d-8.6678711!4d115.2150244!16s%2Fg%2F1ptw_zsjb!19sChIJqVhcmZdA0i0RrqlutcOSlWg?authuser=0&hl=id&rclk=1,-8.6678711,115.2150244,https://www.tiktok.com/@alithermawan7/video/7452285895304088850,https://www.tiktok.com/@alithermawan7/video/7451546183090179346,https://www.tiktok.com/@susisulthan/video/7472721629164932357
293,Margot Riverside Restaurant,Denpasar,4.7,350,Sunset & View | Family Friendly | Work from Cafe | Vibrant Nightlife,"['luas', 'taman', 'foto', 'rindang', 'pemandangan', 'sanur']",Rp 50–150k,Sunset jam 5–7pm,https://www.google.com/maps/place/Margot+Riverside+Restaurant/data=!4m7!3m6!1s0x2dd241efad01fd11:0xfeaa8cbb10f2e9e5!8m2!3d-8.6570194!4d115.2607535!16s%2Fg%2F11k3d0x97w!19sChIJEf0Bre9B0i0R5enyELuMqv4?authuser=0&hl=id&rclk=1,-8.6570194,115.2607535,https://www.tiktok.com/@bysslf/video/7521345810244701445,https://www.tiktok.com/@_ary.jehadu/video/7615559107281538325,https://www.tiktok.com/@margotresto87/video/7530634117185015058
294,KR - Kampoeng Renon,Denpasar,4.7,659,Family Friendly | Work from Cafe | Vibrant Nightlife,"['gelato', 'luas', 'nasi', 'service', 'kripik', 'santai']",Rp 80–200k,Malam jam 7pm+,https://www.google.com/maps/place/KR+-+Kampoeng+Renon/data=!4m7!3m6!1s0x2dd2406040c7975d:0x82a66cef4bd8ec1b!8m2!3d-8.6791741!4d115.2070889!16s%2Fg%2F1s04c0104!19sChIJXZfHQGBA0i0RG-zYS-9spoI?authuser=0&hl=id&rclk=1,-8.6791741,115.2070889,https://www.tiktok.com/@kampoeng.renon/video/7525356692498844984,https://www.tiktok.com/@kampoeng.renon/video/7489005931762617607,https://www.tiktok.com/@kampoeng.renon/video/7603395300115483911
295,Limestones Bali Restaurant,Denpasar,4.4,554,Family Friendly | Work from Cafe | Vibrant Nightlife | Romantic & Cozy,"['pork belly', 'cafe', 'nyamuk', 'playground', 'service', 'romantis']",Rp 50–150k,Malam jam 7pm+,https://www.google.com/maps/place/Limestones+Bali+Restaurant/data=!4m7!3m6!1s0x2dd23f6bbedf511b:0xe83f5eb49b60375b!8m2!3d-8.6333435!4d115.2169181!16s%2Fg%2F11c13ljpcz!19sChIJG1Hfvms_0i0RWzdgm7ReP-g?authuser=0&hl=id&rclk=1,-8.6333435,115.2169181,https://www.tiktok.com/@balicreative.hub/video/7636769187586673940,https://www.tiktok.com/@ayulilisupayani/video/7440353658811714871,https://www.tiktok.com/@ahyupar/video/7406160688156118278
296,Men Tinggen nasi bali,Denpasar,4.3,1516,Sunset & View | Work from Cafe | Vibrant Nightlife,"['manis', 'tengah malam', 'pasar', 'ibu', 'lapar', 'nasi ayam']",Rp 50–150k,Sunset jam 5–7pm,https://www.google.com/maps/place/Men+Tinggen+nasi+bali/data=!4m7!3m6!1s0x2dd2404daffbcc35:0x681daaf7edf8fbc8!8m2!3d-8.684475!4d115.2504056!16s%2Fg%2F11b6btt_lj!19sChIJNcz7r01A0i0RyPv47feqHWg?authuser=0&hl=id&rclk=1,-8.684475,115.2504056,https://www.tiktok.com/@balijourney_/video/7608735551918853384,https://www.tiktok.com/@agungcalvinreview/video/7452152353572130054,https://www.tiktok.com/@tripmakan2x/video/7578417676821728533
297,Abunawas Restaurant - مطعم ابو نواس,Denpasar,4.5,4188,Work from Cafe | Vibrant Nightlife,"['nasi mandhi', 'feta', 'zurbian', 'abu nawas', 'umm ali', 'bulu']",Rp 80–200k,Malam jam 7pm+,https://www.google.com/maps/place/Abunawas+Restaurant+-+%D9%85%D8%B7%D8%B9%D9%85+%D8%A7%D8%A8%D9%88+%D9%86%D9%88%D8%A7%D8%B3%E2%80%AD/data=!4m7!3m6!1s0x2dd247be04fc90b5:0x154cc2d336b3b714!8m2!3d-8.6972042!4d115.1856651!16s%2Fg%2F11gxtnd24n!19sChIJtZD8BL5H0i0RFLezNtPCTBU?authuser=0&hl=id&rclk=1,-8.6972042,115.1856651,https://www.tiktok.com/@balihints/video/7565817746605362452,https://www.tiktok.com/@harryrowdesign/video/7601921962302033172,https://www.tiktok.com/@kanyaninaa/video/7514268486693063992
298,Warung Ongan Asri,Denpasar,4.2,1245,Family Friendly | Work from Cafe | Vibrant Nightlife | Romantic & Cozy,"['playground', 'gazebo', 'pizza', 'ulang tahun', 'sore', 'air terjun']",Rp 30–100k,Malam jam 7pm+,https://www.google.com/maps/place/Warung+Ongan+Asri/data=!4m7!3m6!1s0x2dd23f75d6760c17:0xf970480cc94e129a!8m2!3d-8.6342889!4d115.2344025!16s%2Fg%2F1ptx9c1_5!19sChIJFwx21nU_0i0RmhJOyQxIcPk?authuser=0&hl=id&rclk=1,-8.6342889,115.2344025,https://www.tiktok.com/@aaarykr/video/7532012611475344696,https://www.tiktok.com/@therealcoconuttree/video/7626023911330827528,https://www.tiktok.com/@bakacouplechannel/video/7610001106562764050
299,Warung Dapur Alam,Denpasar,4.6,797,Work from Cafe | Vibrant Nightlife,"['wedding', 'foto', 'taman', 'nasi goreng', 'strategis', 'ayunan']",Rp 80–200k,Malam jam 7pm+,https://www.google.com/maps/place/Warung+Dapur+Alam/data=!4m7!3m6!1s0x2dd241a8a0774cd5:0x3614f163e61eaf15!8m2!3d-8.6639689!4d115.2553042!16s%2Fg%2F11fp1myv36!19sChIJ1Ux3oKhB0i0RFa8e5mPxFDY?authuser=0&hl=id&rclk=1,-8.6639689,115.2553042,https://www.tiktok.com/@udinkuliner/video/7559577105365749004,https://www.tiktok.com/@anggaramatal/video/7638101263598488853,https://www.tiktok.com/@tabimaze/video/7571830627842985224
300,Depot Gang Djangkrik,Denpasar,4.4,2826,Work from Cafe | Vibrant Nightlife,"['nasi goreng', 'pesan', 'halal', 'pelayanan', 'capcay', 'cwie mie']",Rp 50–150k,Malam jam 7pm+,https://www.google.com/maps/place/Depot+Gang+Djangkrik/data=!4m7!3m6!1s0x2dd240955f478ee3:0x910ac04705a59a26!8m2!3d-8.6361347!4d115.192279!16s%2Fg%2F1ptzkcg2r!19sChIJ445HX5VA0i0RJpqlBUfACpE?authuser=0&hl=id&rclk=1,-8.6361347,115.192279,https://www.tiktok.com/@arirtnsr__/video/7575442439289294096,https://www.tiktok.com/@ikiae.com/video/7579976127670750482,https://www.tiktok.com/@mondaviofficial/video/7625239795886820628
301,Buana Mas Resto and BCF coffee,Denpasar,4.4,162,Sunset & View | Family Friendly | Work from Cafe | Vibrant Nightlife,"['kamar mandi', 'sarapan', 'transit', 'perjalanan', 'sejuk', 'luas']",Rp 50–150k,Sunset jam 5–7pm,https://www.google.com/maps/place/Buana+Mas+Resto+and+BCF+coffee/data=!4m7!3m6!1s0x2dd240710eabbe5b:0x879c61cde01fedb9!8m2!3d-8.6507079!4d115.2498714!16s%2Fg%2F11c57sg_fn!19sChIJW76rDnFA0i0Rue0f4M1hnIc?authuser=0&hl=id&rclk=1,-8.6507079,115.2498714,https://www.tiktok.com/@buanabakerycoffeejateng/video/7633242986033335559,https://www.tiktok.com/@ps.coffee.bali/video/7537129841682828550,https://www.tiktok.com/@chewryyblossom_/video/7634736252511636757
302,Warung Be Pasih,Denpasar,4.5,2593,Work from Cafe | Vibrant Nightlife,"['bali', 'sate lilit', 'ikan bakar', 'plecing', 'marlin', 'sambal matah']",Rp 80–200k,Malam jam 7pm+,https://www.google.com/maps/place/Warung+Be+Pasih/data=!4m7!3m6!1s0x2dd24059123315ab:0x32693fb7b963f05a!8m2!3d-8.6754995!4d115.240614!16s%2Fg%2F11bw7m70wv!19sChIJqxUzEllA0i0RWvBjubc_aTI?authuser=0&hl=id&rclk=1,-8.6754995,115.240614,https://www.tiktok.com/@nomnombali/video/7525671421716991239,https://www.tiktok.com/@rikhavoyager/video/7566132645076208914,https://www.tiktok.com/@coba2something/video/7478558190091881734
303,Il Pomodoro,Denpasar,4.6,3277,Work from Cafe | Vibrant Nightlife,"['prasmanan', 'gelato', 'ala carte', 'stroganoff', 'pelayanan', 'pesan']",Rp 80–200k,Malam jam 7pm+,https://www.google.com/maps/place/Il+Pomodoro/data=!4m7!3m6!1s0x2dd23f4eb9aca6d3:0x36740daeb37a9cc2!8m2!3d-8.6367054!4d115.1953888!16s%2Fg%2F1ptx8lbxb!19sChIJ06asuU4_0i0Rwpx6s64NdDY?authuser=0&hl=id&rclk=1,-8.6367054,115.1953888,https://www.tiktok.com/@yiyimommy/video/7499061815758900488,https://www.tiktok.com/@bungsuyah/video/7516038191690927416,https://www.tiktok.com/@ilpomodoro.bali/video/7591394299040812308
304,Bebek Lapas Extraordinary Duck Tabanan,Tabanan,4.4,398,Family Friendly | Work from Cafe | Vibrant Nightlife | Budget Friendly,"['harga', 'sambal', 'pedas', 'bebek goreng', 'luas', 'bumbu']",Rp 15–50k,Malam jam 7pm+,https://www.google.com/maps/place/Bebek+Lapas+Extraordinary+Duck+Tabanan/data=!4m7!3m6!1s0x2dd23b0f8b3a509d:0x6d417722b88ff211!8m2!3d-8.5405096!4d115.1343887!16s%2Fg%2F11gjyh2pss!19sChIJnVA6iw870i0REfKPuCJ3QW0?authuser=0&hl=id&rclk=1,-8.5405096,115.1343887,https://www.tiktok.com/@ig_ayu_sari_p/video/7593718756803710229,https://www.tiktok.com/@ig_ayu_sari_p/video/7596697925099588884,https://www.tiktok.com/@egis_saputra1/video/7562393328864611592
305,Mie Gacoan Tabanan,Tabanan,4.3,5812,Work from Cafe | Vibrant Nightlife,"['kasir', 'keju', 'udang', 'level', 'dimsum', 'dingin']",Rp 50–150k,Malam jam 7pm+,https://www.google.com/maps/place/Mie+Gacoan+Tabanan/data=!4m7!3m6!1s0x2dd23b89b6788f57:0xcb8c1966842e50e5!8m2!3d-8.5525629!4d115.1332769!16s%2Fg%2F11n854yk7c!19sChIJV494tok70i0R5VAuhGYZjMs?authuser=0&hl=id&rclk=1,-8.5525629,115.1332769,https://www.tiktok.com/@jajanirit.tiktok/video/7559509472603933963,https://www.tiktok.com/@ceritadibali_/video/7610734198378237205,https://www.tiktok.com/@ceriwismakan/video/7611758456709680385
306,Dapurnona Tabanan,Tabanan,4.5,92,Work from Cafe | Vibrant Nightlife | Budget Friendly,"['salad', 'harga', 'chicken', 'nyaman', 'pacar', 'bintang']",Rp 15–50k,Malam jam 7pm+,https://www.google.com/maps/place/Dapurnona+Tabanan/data=!4m7!3m6!1s0x2dd23b8eec557f97:0x738b5cd6bb82bc75!8m2!3d-8.5371363!4d115.1200022!16s%2Fg%2F11n0zg46q6!19sChIJl39V7I470i0RdbyCu9Zci3M?authuser=0&hl=id&rclk=1,-8.5371363,115.1200022,https://www.tiktok.com/@dapurnonatabanan1/video/7546210839901015302,https://www.tiktok.com/@hai.monik/video/7592490334601497864,https://www.tiktok.com/@kulinerjani/video/7597674310966283541
307,Warung Men Sedu,Tabanan,4.6,1925,Work from Cafe | Vibrant Nightlife,"['kulit', 'nasi campur', 'babi guling', 'tempong', 'sambal', 'manis']",Rp 80–200k,Malam jam 7pm+,https://www.google.com/maps/place/Warung+Men+Sedu/data=!4m7!3m6!1s0x2dd23a5e3acac61b:0xc892c0ab9465cc31!8m2!3d-8.538723!4d115.1158119!16s%2Fg%2F11btwtd8mg!19sChIJG8bKOl460i0RMcxllKvAksg?authuser=0&hl=id&rclk=1,-8.538723,115.1158119,https://www.tiktok.com/@mama.er22/video/7604634201740135687,https://www.tiktok.com/@warung_mensedu/video/7598083509445463314,https://www.tiktok.com/@gekmasrosiana/video/7609245638466800903
308,V5 Resto,Tabanan,4.2,223,Work from Cafe | Vibrant Nightlife,"['karaoke', 'kamar', 'lagu']",Rp 30–100k,Malam jam 7pm+,https://www.google.com/maps/place/V5+Resto/data=!4m7!3m6!1s0x2dd23a46773de317:0x7a658690b1badf48!8m2!3d-8.5501745!4d115.1275295!16s%2Fg%2F11f1hc_z5t!19sChIJF-M9d0Y60i0RSN-6sZCGZXo?authuser=0&hl=id&rclk=1,-8.5501745,115.1275295,https://www.tiktok.com/@uklamuklamkoy/video/7630618810269158670,https://www.tiktok.com/@balitravelfolder/video/7571023776742182162,
309,"Ayam Bakar Sambal Nyetan Jakarta, Cabang Tabanan",Tabanan,4.5,29,Work from Cafe | Vibrant Nightlife | Budget Friendly,"['bumbunya', 'pedas', 'harga', 'empuk', 'kasir']",Rp 15–50k,Malam jam 7pm+,"https://www.google.com/maps/place/Ayam+Bakar+Sambal+Nyetan+Jakarta,+Cabang+Tabanan/data=!4m7!3m6!1s0x2dd23b350044db0d:0x6665703c5a316530!8m2!3d-8.5370047!4d115.1243423!16s%2Fg%2F11vsbpmjvt!19sChIJDdtEADU70i0RMGUxWjxwZWY?authuser=0&hl=id&rclk=1",-8.5370047,115.1243423,https://www.tiktok.com/@ayambakar_sambalnyetan/video/7334283188883180805,https://www.tiktok.com/@ayambakar_sambalnyetan/video/7342800153042242822,https://www.tiktok.com/@ayambakar_sambalnyetan/video/7358740037724310790
310,Uma Batukaru,Tabanan,4.6,1030,Sunset & View | Family Friendly | Work from Cafe | Vibrant Nightlife,"['sawah', 'nasi', 'sunset', 'playground', 'pemandangan', 'mujair']",Rp 80–200k,Sunset jam 5–7pm,https://www.google.com/maps/place/Uma+Batukaru/data=!4m7!3m6!1s0x2dd23bf86a35d0f3:0xd4d841e90dc66ce6!8m2!3d-8.5496936!4d115.1329797!16s%2Fg%2F11thkc3mq2!19sChIJ89A1avg70i0R5mzGDelB2NQ?authuser=0&hl=id&rclk=1,-8.5496936,115.1329797,https://www.tiktok.com/@anjasiswara_pidada/video/7606265488066252040,https://www.tiktok.com/@nomnombali/video/7510088309314489608,https://www.tiktok.com/@deprianthony/video/7605465573157342484
311,Lusi & Pakan Tabanan,Tabanan,4.3,408,Work from Cafe | Vibrant Nightlife,"['sungai', 'pesan', 'cafe', 'carbonara', 'nyamuk', 'suara']",Rp 50–150k,Malam jam 7pm+,https://www.google.com/maps/place/Lusi+%26+Pakan+Tabanan/data=!4m7!3m6!1s0x2dd23b647f0ff2a7:0xd85664c31f36054f!8m2!3d-8.554658!4d115.1272678!16s%2Fg%2F11ld3dfn4t!19sChIJp_IPf2Q70i0RTwU2H8NkVtg?authuser=0&hl=id&rclk=1,-8.554658,115.1272678,https://www.tiktok.com/@shashaa077/video/7625973565707406600,https://www.tiktok.com/@lusidanpakanbali/video/7561401631254826248,https://www.tiktok.com/@lusidanpakanbali/video/7573657486473825544
312,Burger Bangor Tabanan,Tabanan,3.8,417,Work from Cafe | Vibrant Nightlife,"['pesan', 'kasir', 'pelayanan', 'orang', 'panas', 'gosong']",Rp 30–100k,Malam jam 7pm+,https://www.google.com/maps/place/Burger+Bangor+Tabanan/data=!4m7!3m6!1s0x2dd23b3cb3b261cf:0x205a04fa67eb1c54!8m2!3d-8.551614!4d115.1295591!16s%2Fg%2F11s3cdxwzw!19sChIJz2Gyszw70i0RVBzrZ_oEWiA?authuser=0&hl=id&rclk=1,-8.551614,115.1295591,https://www.tiktok.com/@bung_syaiff/video/7630611909674405127,https://www.tiktok.com/@luvmatchaw/video/7609262235751402773,https://www.tiktok.com/@medyanahardantii/video/7597303683965127943
313,Daharan Paon,Tabanan,4.4,280,Family Friendly | Work from Cafe | Vibrant Nightlife,"['nyamuk', 'rumah', 'ayam bakar', 'tanaman', 'konsep', 'playground']",Rp 50–150k,Malam jam 7pm+,https://www.google.com/maps/place/Daharan+Paon/data=!4m7!3m6!1s0x2dd23bedc8d90ef3:0xc2496debe9194f3e!8m2!3d-8.5379164!4d115.1321582!16s%2Fg%2F11fp0qlbk5!19sChIJ8w7ZyO070i0RPk8Z6ettScI?authuser=0&hl=id&rclk=1,-8.5379164,115.1321582,https://www.tiktok.com/@asfaaaa044/video/7598027375401553170,https://www.tiktok.com/@kulinerbattle/video/7585467676667972871,https://www.tiktok.com/@sukareviewdimanaaja/video/7561796494601325831
314,Warung Asri Jambe,Tabanan,4.6,1187,Work from Cafe | Vibrant Nightlife,"['babi', 'lawar', 'nasi campur', 'lauk', 'pelayanan', 'urutan']",Rp 80–200k,Malam jam 7pm+,https://www.google.com/maps/place/Warung+Asri+Jambe/data=!4m7!3m6!1s0x2dd23af65abb4d2f:0xa17a6648efe0e5d8!8m2!3d-8.5336423!4d115.1237941!16s%2Fg%2F1hm4yhndn!19sChIJL027WvY60i0R2OXg70hmeqE?authuser=0&hl=id&rclk=1,-8.5336423,115.1237941,https://www.tiktok.com/@toetwilet/video/7567733302271003925,https://www.tiktok.com/@balispot/video/7626210788344319253,https://www.tiktok.com/@medyanahardantii/video/7487964880558050578
315,Porkpoy Ribs Tabanan,Tabanan,4.3,95,Work from Cafe | Vibrant Nightlife | Budget Friendly,"['harga', 'lalapan', 'sambal', 'halal', 'mobil', 'capcay']",Rp 15–50k,Malam jam 7pm+,https://www.google.com/maps/place/Porkpoy+Ribs+Tabanan/data=!4m7!3m6!1s0x2dd23bb3a7502409:0x71d200503f4c2db8!8m2!3d-8.5427255!4d115.1221749!16s%2Fg%2F11tcrzb6sn!19sChIJCSRQp7M70i0RuC1MP1AA0nE?authuser=0&hl=id&rclk=1,-8.5427255,115.1221749,https://www.tiktok.com/@porkpoyribs_frozenfood/video/7450383954185653510,https://www.tiktok.com/@porkpoyribs_frozenfood/video/7504984071739673911,https://www.tiktok.com/@porkpoyribs_01/video/7616652049291234581
316,The Nyatnyat,Tabanan,4.8,49,Family Friendly | Work from Cafe | Vibrant Nightlife | Budget Friendly,"['harganya', 'bumbu', 'bintang', 'luas', 'ikannya']",Rp 15–50k,Malam jam 7pm+,https://www.google.com/maps/place/The+Nyatnyat/data=!4m7!3m6!1s0x2dd23be49f924aa9:0xb70868b8535367cc!8m2!3d-8.5372776!4d115.1304305!16s%2Fg%2F11s5519qc3!19sChIJqUqSn-Q70i0RzGdTU7hoCLc?authuser=0&hl=id&rclk=1,-8.5372776,115.1304305,,,
317,PHO YOU Bali,Tabanan,4.9,127,Work from Cafe | Vibrant Nightlife | Budget Friendly,"['harga', 'vietnam', 'shrimp', 'bánh mì', 'pho daging sapi', 'kaldunya']",Rp 15–50k,Malam jam 7pm+,https://www.google.com/maps/place/PHO+YOU+Bali/data=!4m7!3m6!1s0x2dd23b0049a2ed45:0xcb489bc04b438525!8m2!3d-8.540112!4d115.1259444!16s%2Fg%2F11x1nphq8h!19sChIJRe2iSQA70i0RJYVDS8CbSMs?authuser=0&hl=id&rclk=1,-8.540112,115.1259444,https://www.tiktok.com/@sunnyyside.up/video/7509574142660742405,https://www.tiktok.com/@diahdhamayani/video/7626389540466461960,https://www.tiktok.com/@itstommyford/video/7623778051377155348
318,Ikan Bakar SS Sarin Segara Tabanan,Tabanan,4.6,255,Work from Cafe | Vibrant Nightlife,"['bumbunya', 'seafood', 'kerang', 'udang', 'cumi', 'ayam bakar']",Rp 50–150k,Malam jam 7pm+,https://www.google.com/maps/place/Ikan+Bakar+SS+Sarin+Segara+Tabanan/data=!4m7!3m6!1s0x2dd23b979838ccb9:0xccb6ff915dcf4b6b!8m2!3d-8.5456712!4d115.1203187!16s%2Fg%2F11t_vky971!19sChIJucw4mJc70i0Ra0vPXZH_tsw?authuser=0&hl=id&rclk=1,-8.5456712,115.1203187,https://www.tiktok.com/@medyanahardantii/video/7605593190447451410,https://www.tiktok.com/@ikanbakar_sarinsegara/video/7494546279712787719,https://www.tiktok.com/@ikanbakar_sarinsegara/video/7630766939232603412
319,Paon Mak Mo,Tabanan,4.4,1253,Sunset & View | Work from Cafe | Vibrant Nightlife,"['gurame', 'jahe', 'makan malam', 'rempah', 'pesmol', 'bebek']",Rp 50–150k,Sunset jam 5–7pm,https://www.google.com/maps/place/Paon+Mak+Mo/data=!4m7!3m6!1s0x2dd23a749b6b3b93:0x896f7c44ec8c7b64!8m2!3d-8.5469702!4d115.1078776!16s%2Fg%2F11f03nq8p8!19sChIJkztrm3Q60i0RZHuM7ER8b4k?authuser=0&hl=id&rclk=1,-8.5469702,115.1078776,https://www.tiktok.com/@asfaaaa044/video/7588523230319742216,https://www.tiktok.com/@paonmakmo/video/7597678636682005778,https://www.tiktok.com/@pakde_hanss/video/7633376318259744020
320,"Cliffhanger Restaurant, Beach Bar & Grill",Tabanan,4.9,692,Sunset & View | Work from Cafe | Vibrant Nightlife,"['pantai', 'schnitzel', 'sunset', 'cocktail', 'happy hour', 'apple crisp']",Rp 80–200k,Sunset jam 5–7pm,"https://www.google.com/maps/place/Cliffhanger+Restaurant,+Beach+Bar+%26+Grill/data=!4m7!3m6!1s0x2dd237ba580b0dd7:0xbceffc955aa7b102!8m2!3d-8.5886102!4d115.0664936!16s%2Fg%2F11h2p68wqr!19sChIJ1w0LWLo30i0RArGnWpX877w?authuser=0&hl=id&rclk=1",-8.5886102,115.0664936,https://www.tiktok.com/@cliffhanger.bali/video/7605932149102890247,,
321,Warung DKI,Tabanan,4.7,153,Work from Cafe | Vibrant Nightlife | Budget Friendly,"['nasi', 'harga', 'babi genyol', 'kulit', 'rumah', 'babi guling']",Rp 15–50k,Malam jam 7pm+,https://www.google.com/maps/place/Warung+DKI/data=!4m7!3m6!1s0x2dd23a5ca02c83d3:0x8d7d55edc3b05b7b!8m2!3d-8.5438646!4d115.1235344!16s%2Fg%2F11hbkqk3n3!19sChIJ04MsoFw60i0Re1uww-1VfY0?authuser=0&hl=id&rclk=1,-8.5438646,115.1235344,https://www.tiktok.com/@afndb34/video/7604537246108126471,https://www.tiktok.com/@skenakuliner_/video/7629309148496465170,https://www.tiktok.com/@justme.anita/video/7501610604638031159
322,Warung Banyuwangi Utama,Tabanan,4.5,1126,Family Friendly | Work from Cafe | Vibrant Nightlife,"['luas', 'halal', 'pilihan', 'lauk', 'pelayanan', 'perjalanan']",Rp 80–200k,Malam jam 7pm+,https://www.google.com/maps/place/Warung+Banyuwangi+Utama/data=!4m7!3m6!1s0x2dd23a42f3511eb3:0x945c2ea4a8391130!8m2!3d-8.5475995!4d115.1193374!16s%2Fg%2F1hm61bhmd!19sChIJsx5R80I60i0RMBE5qKQuXJQ?authuser=0&hl=id&rclk=1,-8.5475995,115.1193374,https://www.tiktok.com/@balilekers/video/7474918672859942149,https://www.tiktok.com/@omyogiee/video/7273051325749841157,https://www.tiktok.com/@aossawdare/video/7339324350148971781
323,"Warung Tabanan Serasi "" Jro Sekar""",Tabanan,4.6,199,Work from Cafe | Vibrant Nightlife,"['tipat', 'rujak', 'kolak', 'bali', 'plecing', 'snack']",Rp 50–150k,Malam jam 7pm+,https://www.google.com/maps/place/Warung+Tabanan+Serasi+%22+Jro+Sekar%22/data=!4m7!3m6!1s0x2dd23a58b865255b:0x363dd707191fa27f!8m2!3d-8.5368771!4d115.1243829!16s%2Fg%2F11hcnbyd8b!19sChIJWyVluFg60i0Rf6IfGQfXPTY?authuser=0&hl=id&rclk=1,-8.5368771,115.1243829,https://www.tiktok.com/@aqua171500/video/7385832372098452741,https://www.tiktok.com/@pramesthyapraba/video/7557694087563021576,https://www.tiktok.com/@ariartini200291/video/7357942829005507846
324,Es Waneng,Tabanan,4.7,141,Work from Cafe | Vibrant Nightlife | Budget Friendly,"['roti', 'harga', 'legend', 'es serut', 'penjual', 'gula']",Rp 15–50k,Malam jam 7pm+,https://www.google.com/maps/place/Es+Waneng/data=!4m7!3m6!1s0x2dd23a44bb5e28c7:0xd77390cdad99fb2b!8m2!3d-8.5460516!4d115.1245834!16s%2Fg%2F11f16z3hkz!19sChIJxyheu0Q60i0RK_uZrc2Qc9c?authuser=0&hl=id&rclk=1,-8.5460516,115.1245834,https://www.tiktok.com/@sukareviewdimanaaja/video/7569463475769019666,https://www.tiktok.com/@deprianthony/video/7607288266814999829,https://www.tiktok.com/@nakammalang/video/7549065846245592325
325,Bigul Dauhtungkub Tabanan,Tabanan,4.8,16,Work from Cafe | Vibrant Nightlife,['babi guling'],Rp 50–150k,Malam jam 7pm+,https://www.google.com/maps/place/Bigul+Dauhtungkub+Tabanan/data=!4m7!3m6!1s0x2dd23b806f4a057f:0x80e33ca4942b209a!8m2!3d-8.5370548!4d115.1257709!16s%2Fg%2F11vkstt_3p!19sChIJfwVKb4A70i0RmiArlKQ844A?authuser=0&hl=id&rclk=1,-8.5370548,115.1257709,https://www.tiktok.com/@rendyteaa/video/7449765044772015365,https://www.tiktok.com/@gekmasrosiana/video/7304097570412924165,https://www.tiktok.com/@bali_update/video/7367580636971830533
326,Wr. Nasi Be Genyol Men Leny,Tabanan,4.9,56,Work from Cafe | Vibrant Nightlife | Budget Friendly,"['harga', 'lawar', 'hati', 'daerah']",Rp 15–50k,Malam jam 7pm+,https://www.google.com/maps/place/Wr.+Nasi+Be+Genyol+Men+Leny/data=!4m7!3m6!1s0x2dd23b3383f1504b:0x90fbd5b38817c885!8m2!3d-8.536317!4d115.1346367!16s%2Fg%2F11n18m0wk_!19sChIJS1DxgzM70i0RhcgXiLPV-5A?authuser=0&hl=id&rclk=1,-8.536317,115.1346367,https://www.tiktok.com/@gekmasrosiana/video/7622290511897939208,https://www.tiktok.com/@mangjati_/video/7482561302322285829,https://www.tiktok.com/@begenyolmenleny/video/7561745989757979924
327,Griya gourmet tabanan,Tabanan,5.0,3,Work from Cafe | Vibrant Nightlife,[],Rp 50–150k,Malam jam 7pm+,https://www.google.com/maps/place/Griya+gourmet+tabanan/data=!4m7!3m6!1s0x2dd23b510a85dc93:0x879c10ab58b9a971!8m2!3d-8.5434263!4d115.1327517!16s%2Fg%2F11gxtkyt15!19sChIJk9yFClE70i0Rcam5WKsQnIc?authuser=0&hl=id&rclk=1,-8.5434263,115.1327517,https://www.tiktok.com/@griyacakebali/video/7529163921253666104,https://www.tiktok.com/@griyalelangbali/video/7636578190730775828,https://www.tiktok.com/@josskipli0/video/7633687191838821639
328,Warung Bamboo Kediri,Tabanan,4.3,128,Work from Cafe | Vibrant Nightlife | Budget Friendly,"['harga', 'karoke', 'mie goreng', 'nasi goreng', 'konser', 'santai']",Rp 15–50k,Malam jam 7pm+,https://www.google.com/maps/place/Warung+Bamboo+Kediri/data=!4m7!3m6!1s0x2dd23b3e7897768d:0x57b0c6905850659d!8m2!3d-8.554575!4d115.1346032!16s%2Fg%2F11jztd6bky!19sChIJjXaXeD470i0RnWVQWJDGsFc?authuser=0&hl=id&rclk=1,-8.554575,115.1346032,https://www.tiktok.com/@warungbambookediri/video/7600260383223450887,https://www.tiktok.com/@warungbambookediri/video/7601408362072296711,https://www.tiktok.com/@warungbambookediri/video/7538307570268769543
329,Warung Apple,Buleleng,4.6,746,Work from Cafe | Vibrant Nightlife,"['ikan lemadang', 'nasi campur', 'spring roll', 'local food', 'masakan indonesia', 'bali']",Rp 80–200k,Malam jam 7pm+,https://www.google.com/maps/place/Warung+Apple/data=!4m7!3m6!1s0x2dd19b3e55555555:0xebae7206fe4cba44!8m2!3d-8.1596876!4d115.0267243!16s%2Fg%2F11rk89bfdt!19sChIJVVVVVT6b0S0RRLpM_gZyrus?authuser=0&hl=id&rclk=1,-8.1596876,115.0267243,,,
330,Berutz Bar & Resto,Buleleng,4.2,680,Family Friendly | Work from Cafe | Vibrant Nightlife,"['live music', 'luas', 'band', 'steaknya', 'cocktail', 'ayam bakar']",Rp 30–100k,Malam jam 7pm+,https://www.google.com/maps/place/Berutz+Bar+%26+Resto/data=!4m7!3m6!1s0x2dd19b90ec78b323:0xa0d879038ce489ed!8m2!3d-8.1285308!4d115.0655814!16s%2Fg%2F11rd3l9m7l!19sChIJI7N47JCb0S0R7YnkjAN52KA?authuser=0&hl=id&rclk=1,-8.1285308,115.0655814,https://www.tiktok.com/@alithermawan7/video/7601070376218660114,https://www.tiktok.com/@mcheru_k/video/7566567651108064530,https://www.tiktok.com/@singarajafoodie/video/7528060400743566610
331,Warung Bambu Pemaron,Buleleng,4.6,382,Sunset & View | Work from Cafe | Vibrant Nightlife,"['sawah', 'makan malam', 'bali', 'kelas memasak', 'atmosphere', 'service']",Rp 50–150k,Sunset jam 5–7pm,https://www.google.com/maps/place/Warung+Bambu+Pemaron/data=!4m7!3m6!1s0x2dd19a5bb2c62b0f:0xed28057fdfb99f08!8m2!3d-8.1293694!4d115.0615306!16s%2Fg%2F11h0qw_hz!19sChIJDyvGslua0S0RCJ-5338FKO0?authuser=0&hl=id&rclk=1,-8.1293694,115.0615306,https://www.tiktok.com/@bukakak.bali/video/7630322979066383636,https://www.tiktok.com/@miss_sundaay/video/7482353566276013317,https://www.tiktok.com/@ahmad.nurcahyadi/video/7590982332593556756
332,Retro Diner,Buleleng,4.4,356,Work from Cafe | Vibrant Nightlife | Budget Friendly,"['harga', 'iga', 'nasi goreng', 'siang', 'lava', 'standar']",Rp 15–50k,Malam jam 7pm+,https://www.google.com/maps/place/Retro+Diner/data=!4m7!3m6!1s0x2dd19a731e15682b:0x26bfe7798c441dc8!8m2!3d-8.1160371!4d115.0852337!16s%2Fg%2F11cjpdbp8f!19sChIJK2gVHnOa0S0RyB1EjHnnvyY?authuser=0&hl=id&rclk=1,-8.1160371,115.0852337,https://www.tiktok.com/@retrodinerbali18/video/7612901288669383943,https://www.tiktok.com/@retrodinerbali18/video/7493335312999959826,https://www.tiktok.com/@retrodinerbali18/video/7623989741360385288
333,Warung Ibu Wina,Buleleng,4.7,404,Work from Cafe | Vibrant Nightlife,"['nasi campur', 'rendang', 'masakan indonesia', 'sate', 'babi guling', 'dadar gulung']",Rp 50–150k,Malam jam 7pm+,https://www.google.com/maps/place/Warung+Ibu+Wina/data=!4m7!3m6!1s0x2dd19b3e79f81fb1:0xd4dae3098abc3e64!8m2!3d-8.1604718!4d115.0284344!16s%2Fg%2F11bzv25jd6!19sChIJsR_4eT6b0S0RZD68ignj2tQ?authuser=0&hl=id&rclk=1,-8.1604718,115.0284344,,,
334,Akar Cafe,Buleleng,4.7,693,Work from Cafe | Vibrant Nightlife,"['falafel', 'es krim coklat', 'hummus', 'pita', 'pancake', 'tapas']",Rp 80–200k,Malam jam 7pm+,https://www.google.com/maps/place/Akar+Cafe/data=!4m7!3m6!1s0x2dd19b3f1a23aba7:0x1eaf9bad2bc7a7e!8m2!3d-8.162028!4d115.0251139!16s%2Fg%2F1v9gxrp4!19sChIJp6sjGj-b0S0Rfnq80rr56gE?authuser=0&hl=id&rclk=1,-8.162028,115.0251139,,,
335,Edie Arta Cafe Bar & Resto Singaraja,Buleleng,4.8,400,Work from Cafe | Vibrant Nightlife | Budget Friendly,"['motor', 'pelayanan', 'harga', 'nasi goreng', 'bakso', 'senyum']",Rp 15–50k,Malam jam 7pm+,https://www.google.com/maps/place/Edie+Arta+Cafe+Bar+%26+Resto+Singaraja/data=!4m7!3m6!1s0x2dd19b96095ea35b:0x969675dec15e63c5!8m2!3d-8.1082371!4d115.0906037!16s%2Fg%2F11js3bwmv1!19sChIJW6NeCZab0S0RxWNewd51lpY?authuser=0&hl=id&rclk=1,-8.1082371,115.0906037,https://www.tiktok.com/@alithermawan7/video/7570290150463261970,https://www.tiktok.com/@tiaraexplorer/video/7543602287004978488,https://www.tiktok.com/@ayu_kartiniii/video/7510600810284256568
336,IBB Waroeng ( Ikan Bakar Buleleng ),Buleleng,4.1,370,Family Friendly | Work from Cafe | Vibrant Nightlife | Budget Friendly,"['playground', 'harga', 'mobil', 'seafood', 'pesan', 'udang']",Rp 15–50k,Malam jam 7pm+,https://www.google.com/maps/place/IBB+Waroeng+%28+Ikan+Bakar+Buleleng+%29/data=!4m7!3m6!1s0x2dd19bdaf008280b:0xe9d27c255a9980b7!8m2!3d-8.1429548!4d115.051492!16s%2Fg%2F11hvt8gfcf!19sChIJCygI8Nqb0S0Rt4CZWiV80uk?authuser=0&hl=id&rclk=1,-8.1429548,115.051492,https://www.tiktok.com/@wuulan_darie/video/7609893767562251528,https://www.tiktok.com/@inidiakakakbudi/video/7609557744353430804,https://www.tiktok.com/@blimade_story/video/7601522161391684884
337,Villa And Resto Aluh,Buleleng,4.7,54,Family Friendly | Work from Cafe | Vibrant Nightlife | Budget Friendly,"['harga', 'keluarga', 'staycation', 'pelayanan', 'luas', 'pasangan']",Rp 15–50k,Malam jam 7pm+,https://www.google.com/maps/place/Villa+And+Resto+Aluh/data=!4m10!3m9!1s0x2dd19bd7cb02cb0f:0x698c405b9e572380!5m2!4m1!1i2!8m2!3d-8.1663473!4d115.0372078!16s%2Fg%2F11p18gf3zz!19sChIJD8sCy9eb0S0RgCNXnltAjGk?authuser=0&hl=id&rclk=1,-8.1663473,115.0372078,https://www.tiktok.com/@duohelena/video/7580931506474913045,https://www.tiktok.com/@villamurahdilovina/video/7613651359736401159,https://www.tiktok.com/@balidiscoveryproperty11/video/7637224987237305618
338,Eric Dolphin Restaurant,Buleleng,4.6,255,Work from Cafe | Vibrant Nightlife,"['boat', 'service', 'lobster', 'atmosphere', 'snorkeling', 'the menu']",Rp 50–150k,Malam jam 7pm+,https://www.google.com/maps/place/Eric+Dolphin+Restaurant/data=!4m7!3m6!1s0x2dd19b14e99f23f3:0x38c299d48bcc266b!8m2!3d-8.1414366!4d115.0505379!16s%2Fg%2F11fmxq6z59!19sChIJ8yOf6RSb0S0RaybMi9SZwjg?authuser=0&hl=id&rclk=1,-8.1414366,115.0505379,https://www.tiktok.com/@kumkummedia/video/7566851366937742613,https://www.tiktok.com/@kumkummedia/video/7553513281625787660,
339,Alam Sambangan - The Secret Valley Club,Buleleng,4.2,1074,Sunset & View | Work from Cafe | Vibrant Nightlife,"['kolam renang', 'pemandangan', 'liburan', 'tiket', 'ayunan', 'alami']",Rp 30–100k,Sunset jam 5–7pm,https://www.google.com/maps/place/Alam+Sambangan+-+The+Secret+Valley+Club/data=!4m7!3m6!1s0x2dd246c6a480acf5:0xc67e9c85aadb10f0!8m2!3d-8.1692994!4d115.1041779!16s%2Fg%2F11clvmcp17!19sChIJ9ayApMZG0i0R8BDbqoWcfsY?authuser=0&hl=id&rclk=1,-8.1692994,115.1041779,https://www.tiktok.com/@ngurah_parwata/video/7615407382763556113,https://www.tiktok.com/@arshilvia45/video/7298616602755632390,https://www.tiktok.com/@gyalpo.menla/video/7349190837718273281
340,CUMI CUMI Lounge Bar & Restaurant,Buleleng,4.8,241,Work from Cafe | Vibrant Nightlife | Budget Friendly,"['service', 'harganya', 'ikan', 'nasi goreng', 'santai', 'daya']",Rp 15–50k,Malam jam 7pm+,https://www.google.com/maps/place/CUMI+CUMI+Lounge+Bar+%26+Restaurant/data=!4m7!3m6!1s0x2dd19ba8eb41f181:0x596864190613c58d!8m2!3d-8.1605316!4d115.0279562!16s%2Fg%2F11t7yvn4bz!19sChIJgfFB66ib0S0RjcUTBhlkaFk?authuser=0&hl=id&rclk=1,-8.1605316,115.0279562,https://www.tiktok.com/@gamiajik01/video/7590942426093686024,https://www.tiktok.com/@dhen_djakapahe27/video/7558335032310500629,https://www.tiktok.com/@sfk_2602/video/7635900858386910482
341,Tomatito Warung Tomat Pizza and Pasta,Buleleng,4.5,247,Work from Cafe | Vibrant Nightlife | Budget Friendly,"['harga', 'roti bawang putih', 'pesto', 'pasta buatan sendiri', 'rigatoni', 'rempah']",Rp 15–50k,Malam jam 7pm+,https://www.google.com/maps/place/Tomatito+Warung+Tomat+Pizza+and+Pasta/data=!4m7!3m6!1s0x2dd19a74962336eb:0xdb169e7b32bdf84a!8m2!3d-8.1157044!4d115.0891956!16s%2Fg%2F11hbprdtwf!19sChIJ6zYjlnSa0S0RSvi9MnueFts?authuser=0&hl=id&rclk=1,-8.1157044,115.0891956,https://www.tiktok.com/@pizzeria940/video/7610399914777939207,https://www.tiktok.com/@appetito_bali/video/7627016626528914696,https://www.tiktok.com/@micah_and_jd/video/7512368157021981959
342,Cozy Resto,Buleleng,4.0,702,Sunset & View | Family Friendly | Work from Cafe | Vibrant Nightlife,"['pantai', 'music', 'pesan', 'pemandangan', 'steak', 'renovasi']",Rp 30–100k,Sunset jam 5–7pm,https://www.google.com/maps/place/Cozy+Resto/data=!4m7!3m6!1s0x2dd19a43a9c281f1:0xd84a20d715ccc876!8m2!3d-8.1220896!4d115.065762!16s%2Fg%2F11b6dps_2y!19sChIJ8YHCqUOa0S0RdsjMFdcgStg?authuser=0&hl=id&rclk=1,-8.1220896,115.065762,https://www.tiktok.com/@mariavnessa/video/7628142377760312583,https://www.tiktok.com/@kadekkeliling/video/7601737312325700885,https://www.tiktok.com/@duwinimade/video/7617109831996001544
343,Lemongrass Resto,Buleleng,4.8,210,Work from Cafe | Vibrant Nightlife,"['babi', 'nasi campur', 'wine', 'ikan lemadang', 'roti', 'mie goreng']",Rp 50–150k,Malam jam 7pm+,https://www.google.com/maps/place/Lemongrass+Resto/data=!4m7!3m6!1s0x2dd19b54b425cf01:0xd70677615a92f0f0!8m2!3d-8.1573677!4d115.0409037!16s%2Fg%2F11gr59pkz1!19sChIJAc8ltFSb0S0R8PCSWmF3Btc?authuser=0&hl=id&rclk=1,-8.1573677,115.0409037,https://www.tiktok.com/@inidiakakakbudi/video/7616292501976010004,https://www.tiktok.com/@mariavnessa/video/7535519292016626962,
344,Warung Sa'ang,Buleleng,4.5,145,Sunset & View | Work from Cafe | Vibrant Nightlife | Budget Friendly,"['sunset', 'harganya', 'laut', 'music', 'atmosphere', 'pemandangan']",Rp 15–50k,Sunset jam 5–7pm,https://www.google.com/maps/place/Warung+Sa%27ang/data=!4m7!3m6!1s0x2dd19b9a15286709:0xfad5ab2af97b2e5a!8m2!3d-8.1259203!4d115.0625341!16s%2Fg%2F11rv0d7lps!19sChIJCWcoFZqb0S0RWi57-Sqr1fo?authuser=0&hl=id&rclk=1,-8.1259203,115.0625341,https://www.tiktok.com/@warungsaang/video/7461083265978453266,,
345,Warung Bali 9,Buleleng,4.8,218,Work from Cafe | Vibrant Nightlife | Budget Friendly,"['harga', 'kepemilikan', 'buku', 'sate', 'rijsttafel', 'anjing']",Rp 15–50k,Malam jam 7pm+,https://www.google.com/maps/place/Warung+Bali+9/data=!4m7!3m6!1s0x2dd19beca6e5c6fb:0xcfafc8bd109f752a!8m2!3d-8.1527959!4d115.0369846!16s%2Fg%2F11gjhcm0pv!19sChIJ-8blpuyb0S0RKnWfEL3Ir88?authuser=0&hl=id&rclk=1,-8.1527959,115.0369846,https://www.tiktok.com/@warungmakantunjuk_/video/7562210238997253394,https://www.tiktok.com/@damaiindonesiakuid/video/7632626812861811989,https://www.tiktok.com/@fati.amor97/video/7516132185145871623
346,Tanda Pizza Restaurant,Buleleng,4.9,1541,Sunset & View | Work from Cafe | Vibrant Nightlife,"['tiramisu', 'limoncello', 'utara', 'panna cotta', 'sawah', 'pulau']",Rp 150–400k,Sunset jam 5–7pm,https://www.google.com/maps/place/Tanda+Pizza+Restaurant/data=!4m7!3m6!1s0x2dd19b9916aab10b:0x8ee3bb69bb072dd2!8m2!3d-8.1639944!4d115.0240405!16s%2Fg%2F11ss7gm30l!19sChIJC7GqFpmb0S0R0i0Hu2m7444?authuser=0&hl=id&rclk=1,-8.1639944,115.0240405,https://www.tiktok.com/@wuulan_darie/video/7615610019425389842,https://www.tiktok.com/@blimade_story/video/7634112797906963719,https://www.tiktok.com/@rinasabrinah/video/7568501777499213074
347,Umah Ketipat Food Corner,Buleleng,4.4,889,Work from Cafe | Vibrant Nightlife,"['pesan', 'bali', 'makanan tradisional', 'rujak', 'tipat cantok', 'tempat bermain']",Rp 50–150k,Malam jam 7pm+,https://www.google.com/maps/place/Umah+Ketipat+Food+Corner/data=!4m7!3m6!1s0x2dd19a6d3c176ef1:0xd301cc482cb19c3b!8m2!3d-8.1188793!4d115.0828362!16s%2Fg%2F11c72yt0w3!19sChIJ8W4XPG2a0S0RO5yxLEjMAdM?authuser=0&hl=id&rclk=1,-8.1188793,115.0828362,https://www.tiktok.com/@wuulan_darie/video/7531952006487985414,https://www.tiktok.com/@alithermawan7/video/7555446716946812178,https://www.tiktok.com/@blitutcandrasa/video/7446398102774320389
348,Rumah Makan Gandi,Buleleng,4.4,468,Work from Cafe | Vibrant Nightlife | Budget Friendly,"['harga', 'nasi goreng', 'pesan', 'indonesian food', 'lama', 'pelayanan']",Rp 15–50k,Malam jam 7pm+,https://www.google.com/maps/place/Rumah+Makan+Gandi/data=!4m7!3m6!1s0x2dd19a0bee80e601:0xa0bd73bfc0b162ce!8m2!3d-8.1103712!4d115.0890348!16s%2Fg%2F1hm66jtvk!19sChIJAeaA7gua0S0RzmKxwL9zvaA?authuser=0&hl=id&rclk=1,-8.1103712,115.0890348,https://www.tiktok.com/@by.gama/video/7527231560437812486,https://www.tiktok.com/@desyaristaputu/video/7502421231409351954,https://www.tiktok.com/@warungandini/video/7626547866051431701
349,Warung Taman Bali,Buleleng,4.7,215,Sunset & View | Work from Cafe | Vibrant Nightlife,"['pantai', 'service', 'beer', 'pizza', 'steak', 'makan malam']",Rp 50–150k,Sunset jam 5–7pm,https://www.google.com/maps/place/Warung+Taman+Bali/data=!4m7!3m6!1s0x2dd19bd1fb4d014b:0x8b1f069fba7c0493!8m2!3d-8.1598055!4d115.0269833!16s%2Fg%2F11h7j5bl60!19sChIJSwFN-9Gb0S0RkwR8up8GH4s?authuser=0&hl=id&rclk=1,-8.1598055,115.0269833,https://www.tiktok.com/@gregory_phtravels/video/7506135743266360594,https://www.tiktok.com/@ade_w/video/7508213788647197960,https://www.tiktok.com/@kuliner_khasbali/video/7505689095834832136
350,Dapoer Koe Resto,Buleleng,5.0,327,Work from Cafe | Vibrant Nightlife,"['kepemilikan', 'local food', 'jus', 'keramahan', 'masakan indonesia', 'dadar gulung']",Rp 50–150k,Malam jam 7pm+,https://www.google.com/maps/place/Dapoer+Koe+Resto/data=!4m7!3m6!1s0x2dd19b51155d5a01:0x5c682f0fc6aafce0!8m2!3d-8.1573574!4d115.0386793!16s%2Fg%2F11svj1p16p!19sChIJAVpdFVGb0S0R4Pyqxg8vaFw?authuser=0&hl=id&rclk=1,-8.1573574,115.0386793,https://www.tiktok.com/@dapoerkayoe/video/7606907389983345927,,
351,La Madre Italian Restaurant,Buleleng,4.5,157,Work from Cafe | Vibrant Nightlife | Budget Friendly,"['bruschetta', 'harga', 'terong', 'nasi goreng', 'sarapan', 'focaccia']",Rp 15–50k,Malam jam 7pm+,https://www.google.com/maps/place/La+Madre+Italian+Restaurant/data=!4m7!3m6!1s0x2dd19b3e76554f2d:0xc574b35f9071c8b6!8m2!3d-8.1602224!4d115.0286454!16s%2Fg%2F11c553_nj0!19sChIJLU9Vdj6b0S0RtshxkF-zdMU?authuser=0&hl=id&rclk=1,-8.1602224,115.0286454,https://www.tiktok.com/@brunetteswhotravel/video/7507660018695605526,https://www.tiktok.com/@balihints/video/7464137486609026310,https://www.tiktok.com/@foodbeacon/video/7461231970220051717
352,Warung 3D Lovina,Buleleng,4.9,220,Sunset & View | Work from Cafe | Vibrant Nightlife,"['sunset', 'lumbalumba', 'tuna', 'ikan bakar', 'bumbu', 'rempah']",Rp 50–150k,Sunset jam 5–7pm,https://www.google.com/maps/place/Warung+3D+Lovina/data=!4m7!3m6!1s0x2dd19b1994740dbf:0x373749e61ddaae91!8m2!3d-8.1759169!4d115.0009904!16s%2Fg%2F11vkcl66y7!19sChIJvw10lBmb0S0Rka7aHeZJNzc?authuser=0&hl=id&rclk=1,-8.1759169,115.0009904,https://www.tiktok.com/@warungtigade/video/7600975338360900871,https://www.tiktok.com/@duwik.juliawan1/video/7564805491398888712,https://www.tiktok.com/@duwik.juliawan1/video/7564801816827890951
353,WarungBonsai,Buleleng,4.8,101,Work from Cafe | Vibrant Nightlife | Budget Friendly,"['harga', 'nasi goreng', 'jus', 'kuliner', 'cafe', 'marlin']",Rp 15–50k,Malam jam 7pm+,https://www.google.com/maps/place/WarungBonsai/data=!4m7!3m6!1s0x2dd19b00227a0e73:0x1087a7d14ebc0434!8m2!3d-8.1639042!4d115.0231608!16s%2Fg%2F11vx3lv346!19sChIJcw56IgCb0S0RNAS8TtGnhxA?authuser=0&hl=id&rclk=1,-8.1639042,115.0231608,,,
354,Mujair Nyat-Nyat Pak Bagong,Bangli,4.5,1738,Family Friendly | Work from Cafe | Vibrant Nightlife,"['sambal matah', 'luas', 'rempah', 'gurame', 'pung green sempidi', 'plecing kangkung']",Rp 80–200k,Malam jam 7pm+,https://www.google.com/maps/place/Mujair+Nyat-Nyat+Pak+Bagong/data=!4m7!3m6!1s0x2dd219c309c2587f:0x4833291fef99cd53!8m2!3d-8.4666418!4d115.3505994!16s%2Fg%2F11cn5pgn_1!19sChIJf1jCCcMZ0i0RU82Z7x8pM0g?authuser=0&hl=id&rclk=1,-8.4666418,115.3505994,https://www.tiktok.com/@nath_kuliner/video/7590976467840945428,https://www.tiktok.com/@foodsgallery/video/7622625942422293780,https://www.tiktok.com/@igwisnu_niceholidays/video/7621908316905655570
355,Dijumah Cafe Bali,Bangli,4.8,434,Work from Cafe | Vibrant Nightlife,"['nasi goreng', 'jus', 'kafe', 'gang', 'museum', 'rumahan']",Rp 50–150k,Malam jam 7pm+,https://www.google.com/maps/place/Dijumah+Cafe+Bali/data=!4m7!3m6!1s0x2dd219daa63465dd:0x89889d12514ff72b!8m2!3d-8.4435263!4d115.3561128!16s%2Fg%2F11h28968pl!19sChIJ3WU0ptoZ0i0RK_dPURKdiIk?authuser=0&hl=id&rclk=1,-8.4435263,115.3561128,https://www.tiktok.com/@ceritamia15/video/7476675360533269768,https://www.tiktok.com/@gdbagus/video/7401423942491098374,https://www.tiktok.com/@erikamoucin15/video/6892007816207355137
356,UUMA ( eatery & playground ),Bangli,4.5,217,Family Friendly | Work from Cafe | Vibrant Nightlife,"['berenang', 'anak', 'pizza', 'pelayanan', 'pesan', 'dewasa']",Rp 50–150k,Malam jam 7pm+,https://www.google.com/maps/place/UUMA+%28+eatery+%26+playground+%29/data=!4m7!3m6!1s0x2dd2190f4d9f033f:0x2d44a1bf1e29542c!8m2!3d-8.4681362!4d115.3465158!16s%2Fg%2F11tjyj51zj!19sChIJPwOfTQ8Z0i0RLFQpHr-hRC0?authuser=0&hl=id&rclk=1,-8.4681362,115.3465158,https://www.tiktok.com/@uumabangli/video/7508217069880544518,https://www.tiktok.com/@uumabangli/video/7518251529636171064,https://www.tiktok.com/@yuk_melali/video/7596133692704034068
357,Warung Midori nyat²,Bangli,4.7,105,Family Friendly | Work from Cafe | Vibrant Nightlife | Budget Friendly,"['mujair', 'harga', 'bumbu', 'pelayanan', 'luas', 'plecing']",Rp 15–50k,Malam jam 7pm+,https://www.google.com/maps/place/Warung+Midori+nyat%C2%B2/data=!4m7!3m6!1s0x2dd219afd59ffce3:0xe69704775f18f3a6!8m2!3d-8.4648686!4d115.3542108!16s%2Fg%2F11hlk_8hyf!19sChIJ4_yf1a8Z0i0RpvMYX3cEl-Y?authuser=0&hl=id&rclk=1,-8.4648686,115.3542108,https://www.tiktok.com/@hahahahayolo/video/7630856594951048469,https://www.tiktok.com/@midori_mujair/video/7594025203634670866,https://www.tiktok.com/@gcw2020/video/7157100954322570523
358,BABI GULING LEBIH BANGLI,Bangli,4.4,89,Work from Cafe | Vibrant Nightlife,"['nasi', 'warung']",Rp 50–150k,Malam jam 7pm+,https://www.google.com/maps/place/BABI+GULING+LEBIH+BANGLI/data=!4m7!3m6!1s0x2dd219f9d13e36e5:0x3ed6e51243b5c5ab!8m2!3d-8.4581471!4d115.3559772!16s%2Fg%2F11qnjg4qx9!19sChIJ5TY-0fkZ0i0Rq8W1QxLl1j4?authuser=0&hl=id&rclk=1,-8.4581471,115.3559772,https://www.tiktok.com/@bali_update/video/7620299820208639239,https://www.tiktok.com/@yunagtaa/video/7601412369553575175,https://www.tiktok.com/@kak_santi/video/7597032913787538708
359,Betutu Keren Arda Yusa,Bangli,4.4,42,Work from Cafe | Vibrant Nightlife,"['price', 'pesan', 'rempah']",Rp 50–150k,Malam jam 7pm+,https://www.google.com/maps/place/Betutu+Keren+Arda+Yusa/data=!4m7!3m6!1s0x2dd2199583166363:0xdcea1556f231c888!8m2!3d-8.4558431!4d115.3556025!16s%2Fg%2F11g6nqvgqj!19sChIJY2MWg5UZ0i0RiMgx8lYV6tw?authuser=0&hl=id&rclk=1,-8.4558431,115.3556025,https://www.tiktok.com/@erincicilia/video/7527337297927212306,https://www.tiktok.com/@mgdalenafofficial/video/7584799543984803092,https://www.tiktok.com/@hyueninaaa/video/7635467225880612103
360,LakeView Bali,Bangli,4.2,821,Sunset & View | Work from Cafe | Vibrant Nightlife,"['pemandangan', 'gunung batur', 'pariwisata', 'mujair', 'sunrise', 'balkon']",Rp 30–100k,Sunrise jam 6–8am,https://www.google.com/maps/place/LakeView+Bali/data=!4m7!3m6!1s0x2dd219be0fbaa01b:0x2af725f7d128d8ad!8m2!3d-8.2832737!4d115.3652745!16s%2Fg%2F1pztnh6s6!19sChIJG6C6D74Z0i0Rrdgo0fcl9yo?authuser=0&hl=id&rclk=1,-8.2832737,115.3652745,https://www.tiktok.com/@lakeview.bali/video/7556465778929798456,https://www.tiktok.com/@_camillaimee/video/7583124737740508424,https://www.tiktok.com/@bedugul_lakeviewvilla/video/7579891124349799687
361,Okuta,Bangli,4.5,1394,Sunset & View | Work from Cafe | Vibrant Nightlife,"['cafe', 'gunung', 'pemandangan', 'lalat', 'the view', 'selimut']",Rp 80–200k,Sunset jam 5–7pm,https://www.google.com/maps/place/Okuta/data=!4m7!3m6!1s0x2dd1f5d4f737102d:0x43b12f0e5577c67!8m2!3d-8.2820958!4d115.3638168!16s%2Fg%2F11rnv83fs2!19sChIJLRA399T10S0RZ3xX5fASOwQ?authuser=0&hl=id&rclk=1,-8.2820958,115.3638168,https://www.tiktok.com/@natasiaaprilia/video/7547573301313277192,https://www.tiktok.com/@desyaristaputu/video/7540248877421595912,https://www.tiktok.com/@okutabali/video/7624373063169133832
362,Babi Guling Pande Bangli,Bangli,4.4,724,Sunset & View | Family Friendly | Work from Cafe | Vibrant Nightlife,"['bumbu', 'kulit', 'asin', 'tengah malam', 'pagi', 'trotoar']",Rp 50–150k,Sunset jam 5–7pm,https://www.google.com/maps/place/Babi+Guling+Pande+Bangli/data=!4m7!3m6!1s0x2dd219626832e259:0xbcd57bfbfec39700!8m2!3d-8.4447678!4d115.3578859!16s%2Fg%2F11j8hfygck!19sChIJWeIyaGIZ0i0RAJfD_vt71bw?authuser=0&hl=id&rclk=1,-8.4447678,115.3578859,https://www.tiktok.com/@ratich.palgunadi/video/7579898346190523668,https://www.tiktok.com/@ricaricaa96/video/7612633357658131732,https://www.tiktok.com/@kulinerbattle/video/7564579351224749320
363,Resto Apung Kedisan,Bangli,4.1,1881,Sunset & View | Work from Cafe | Vibrant Nightlife,"['restoran', 'danau', 'pemandangan', 'lalat', 'gunung batur', 'mujair']",Rp 30–100k,Sunset jam 5–7pm,https://www.google.com/maps/place/Resto+Apung+Kedisan/data=!4m10!3m9!1s0x2dd1f5d0b8b3ef65:0x774f233f9b016610!5m2!4m1!1i2!8m2!3d-8.2808711!4d115.3878302!16s%2Fg%2F11b6g7jkvf!19sChIJZe-zuND10S0REGYBmz8jT3c?authuser=0&hl=id&rclk=1,-8.2808711,115.3878302,https://www.tiktok.com/@najaa.96/video/7597658615800974599,https://www.tiktok.com/@ikhsanbs13/video/7575438210654801170,https://www.tiktok.com/@su_wayan/video/7546908224260279558
364,Telemba,Bangli,4.3,3275,Sunset & View | Work from Cafe | Vibrant Nightlife,"['gunung batur', 'danau', 'pemandangan', 'mujair', 'the view', 'kabut']",Rp 50–150k,Sunset jam 5–7pm,https://www.google.com/maps/place/Telemba/data=!4m7!3m6!1s0x2dd1f5caf97e1f25:0x6c43e166ac0439fa!8m2!3d-8.2793921!4d115.3572933!16s%2Fg%2F11c3v0f1mg!19sChIJJR9--cr10S0R-jkErGbhQ2w?authuser=0&hl=id&rclk=1,-8.2793921,115.3572933,https://www.tiktok.com/@grandice.journeys/video/7580483577444306206,,
365,Grand Puncak Sari Restaurant (Kintamani),Bangli,4.3,4757,Sunset & View | Work from Cafe | Vibrant Nightlife,"['gunung batur', 'pemandangan', 'danau', 'cuaca', 'mujair', 'kabut']",Rp 50–150k,Sunset jam 5–7pm,https://www.google.com/maps/place/Grand+Puncak+Sari+Restaurant+%28Kintamani%29/data=!4m7!3m6!1s0x2dd1f44bffdd8073:0x16a599d1badeca2c!8m2!3d-8.2728057!4d115.3474123!16s%2Fg%2F1pzqqd8db!19sChIJc4Dd_0v00S0RLMreutGZpRY?authuser=0&hl=id&rclk=1,-8.2728057,115.3474123,https://www.tiktok.com/@kurniazizah2905/video/7536785138810768696,https://www.tiktok.com/@nomnom_route/video/7550515490825850117,https://www.tiktok.com/@adityairzal/video/7601323404100128021
366,warung baling baling,Bangli,4.3,361,Sunset & View | Work from Cafe | Vibrant Nightlife,"['mujair', 'gunung batur', 'pemandangan', 'danau', 'bumbu', 'sambel matah']",Rp 50–150k,Sunset jam 5–7pm,https://www.google.com/maps/place/warung+baling+baling/data=!4m7!3m6!1s0x2dd1f5cc3d4e6307:0xd056d326a52176af!8m2!3d-8.281388!4d115.3622481!16s%2Fg%2F1hc1zh1bv!19sChIJB2NOPcz10S0Rr3YhpSbTVtA?authuser=0&hl=id&rclk=1,-8.281388,115.3622481,https://www.tiktok.com/@mycakdoell/video/7451796295141887240,https://www.tiktok.com/@kalem.travelling/video/7632369411453635861,https://www.tiktok.com/@hetyariyani/video/7625533195391405333
367,RM. MAKAN CITRA RASA BANGLI,Bangli,4.3,297,Work from Cafe | Vibrant Nightlife | Budget Friendly,"['mujair', 'pelayanan', 'harga', 'jus', 'jamur', 'halal']",Rp 15–50k,Malam jam 7pm+,https://www.google.com/maps/place/RM.+MAKAN+CITRA+RASA+BANGLI/data=!4m7!3m6!1s0x2dd219c16c823ba5:0x8993b259e7dfb196!8m2!3d-8.4628843!4d115.3508043!16s%2Fg%2F11dym72_y0!19sChIJpTuCbMEZ0i0RlrHf51myk4k?authuser=0&hl=id&rclk=1,-8.4628843,115.3508043,,,
368,Blue Mountains Bali,Bangli,4.9,1088,Sunset & View | Work from Cafe | Vibrant Nightlife,"['gunung batur', 'indah', 'the view', 'pemandangan', 'lake', 'estetik']",Rp 150–400k,Sunset jam 5–7pm,https://www.google.com/maps/place/Blue+Mountains+Bali/data=!4m7!3m6!1s0x2dd1f520a9bd661f:0xcff8878cf71c7a5d!8m2!3d-8.2624795!4d115.3399814!16s%2Fg%2F11ygz77m2j!19sChIJH2a9qSD10S0RXXoc94yH-M8?authuser=0&hl=id&rclk=1,-8.2624795,115.3399814,https://www.tiktok.com/@bluemountainsbali/video/7632183439529118996,https://www.tiktok.com/@balitravelfolder/video/7545450021500505352,https://www.tiktok.com/@pricilia.caroline/video/7593244627063426324
369,Nasi Kajeng,Bangli,4.5,322,Work from Cafe | Vibrant Nightlife | Budget Friendly,"['babi', 'nasi campur', 'harga', 'sate lilit', 'rumah', 'dingin']",Rp 15–50k,Malam jam 7pm+,https://www.google.com/maps/place/Nasi+Kajeng/data=!4m7!3m6!1s0x2dd2199546db4abb:0xa438cb2d8746ac20!8m2!3d-8.4575672!4d115.3564147!16s%2Fg%2F11clvg717q!19sChIJu0rbRpUZ0i0RIKxGhy3LOKQ?authuser=0&hl=id&rclk=1,-8.4575672,115.3564147,https://www.tiktok.com/@nomnombali/video/7596517847036087570,https://www.tiktok.com/@balifoodie/video/7385131381656964357,https://www.tiktok.com/@john.pacul/video/7601320750691142920
370,Batur Sari Restaurant,Bangli,3.9,3902,Sunset & View | Work from Cafe | Vibrant Nightlife,"['pemandangan', 'danau', 'all you can eat', 'masakan india', 'the view', 'local food']",Rp 30–100k,Sunset jam 5–7pm,https://www.google.com/maps/place/Batur+Sari+Restaurant/data=!4m7!3m6!1s0x2dd1f44b2e57755d:0xbc0854620e9f4111!8m2!3d-8.27716!4d115.3511068!16s%2Fg%2F1pzrsjkzb!19sChIJXXVXLkv00S0REUGfDmJUCLw?authuser=0&hl=id&rclk=1,-8.27716,115.3511068,https://www.tiktok.com/@samuelldndu/video/7516903660140481812,https://www.tiktok.com/@pakde_hanss/video/7634876545806437652,https://www.tiktok.com/@sarahmariaulfah/video/7613197913061117202
371,Puncak Sari Rumah Makan,Bangli,4.5,49,Sunset & View | Work from Cafe | Vibrant Nightlife,"['prasmanan', 'pemandangan', 'gunung', 'kabut', 'siang', 'cokelatnya']",Rp 50–150k,Sunset jam 5–7pm,https://www.google.com/maps/place/Puncak+Sari+Rumah+Makan/data=!4m7!3m6!1s0x2dd1f463d301c0d5:0x2a4d2d7ede3faeca!8m2!3d-8.2532704!4d115.3342794!16s%2Fg%2F11b6dp0p0w!19sChIJ1cAB02P00S0Ryq4_3n4tTSo?authuser=0&hl=id&rclk=1,-8.2532704,115.3342794,https://www.tiktok.com/@travelmelali/video/7513840784311848199,https://www.tiktok.com/@hartanti_tantii/video/7527571447552822533,https://www.tiktok.com/@adityairzal/video/7601323404100128021
372,Blessing Restaurant,Bangli,4.8,86,Sunset & View | Work from Cafe | Vibrant Nightlife | Budget Friendly,"['air terjun', 'harga', 'atmosphere', 'makan siang', 'sate', 'alam']",Rp 15–50k,Sunset jam 5–7pm,https://www.google.com/maps/place/Blessing+Restaurant/data=!4m7!3m6!1s0x2dd219d2588ed68d:0x4ca3c7ece1f78661!8m2!3d-8.4405592!4d115.3744186!16s%2Fg%2F11vypy7004!19sChIJjdaOWNIZ0i0RYYb34ezHo0w?authuser=0&hl=id&rclk=1,-8.4405592,115.3744186,https://www.tiktok.com/@resto_digoaraja/video/7490088395662757127,https://www.tiktok.com/@resto_digoaraja/video/7497177855097441542,https://www.tiktok.com/@parama_experience/video/7623304082903584020
373,Warung Makan Mujair Nyat-Nyat Matsya Kencana,Bangli,4.6,120,Family Friendly | Work from Cafe | Vibrant Nightlife | Budget Friendly,"['ikan', 'bumbu', 'luas', 'juara', 'sambal', 'harga']",Rp 15–50k,Malam jam 7pm+,https://www.google.com/maps/place/Warung+Makan+Mujair+Nyat-Nyat+Matsya+Kencana/data=!4m7!3m6!1s0x2dd219bc079db995:0xd5f3a9c18178189!8m2!3d-8.4529051!4d115.349528!16s%2Fg%2F11f_kls2q7!19sChIJlbmdB7wZ0i0RiYEXGJw6Xw0?authuser=0&hl=id&rclk=1,-8.4529051,115.349528,https://www.tiktok.com/@wr.matsyakencana/video/7636758452647267604,https://www.tiktok.com/@wr.matsyakencana/video/7524588337169042694,https://www.tiktok.com/@wr.matsyakencana/video/7614757427119934741
374,Babi Guling Panwar Bangli,Bangli,4.6,36,Work from Cafe | Vibrant Nightlife | Budget Friendly,"['harga', 'kulit']",Rp 15–50k,Malam jam 7pm+,https://www.google.com/maps/place/Babi+Guling+Panwar+Bangli/data=!4m7!3m6!1s0x2dd219f9e343d885:0x3bb41920145783ca!8m2!3d-8.4474904!4d115.3563025!16s%2Fg%2F11k494wh7n!19sChIJhdhD4_kZ0i0RyoNXFCAZtDs?authuser=0&hl=id&rclk=1,-8.4474904,115.3563025,https://www.tiktok.com/@wayanarta417/video/7623771472800042261,https://www.tiktok.com/@jalanmakanbali/video/7489379289876663570,https://www.tiktok.com/@babiguling_panwar/video/7388618033167682822
375,Warung Bu Rumi,Bangli,4.9,61,Work from Cafe | Vibrant Nightlife | Budget Friendly,"['mujair', 'bumbunya', 'sambal', 'harga', 'desa penglipuran', 'kacang']",Rp 15–50k,Malam jam 7pm+,https://www.google.com/maps/place/Warung+Bu+Rumi/data=!4m7!3m6!1s0x2dd21903ebf3f2b7:0xd59c3d2a02d919c7!8m2!3d-8.422065!4d115.3587352!16s%2Fg%2F11gs9kncf5!19sChIJt_Lz6wMZ0i0RxxnZAio9nNU?authuser=0&hl=id&rclk=1,-8.422065,115.3587352,https://www.tiktok.com/@misbud2/video/7547896099919416632,https://www.tiktok.com/@pradnyaditha/video/7625646175785340180,https://www.tiktok.com/@burumi.5758/video/7412459674240371973
376,Rockaway Kintamani Bali,Bangli,4.7,298,Sunset & View | Work from Cafe | Vibrant Nightlife,"['cafe', 'gunung batur', 'pizza', 'pesan', 'the view', 'pagi']",Rp 50–150k,Sunset jam 5–7pm,https://www.google.com/maps/place/Rockaway+Kintamani+Bali/data=!4m7!3m6!1s0x2dd1f50028200cf9:0xca46c2fea6bec3c8!8m2!3d-8.2658427!4d115.3407111!16s%2Fg%2F11y3n5j80g!19sChIJ-QwgKAD10S0RyMO-pv7CRso?authuser=0&hl=id&rclk=1,-8.2658427,115.3407111,https://www.tiktok.com/@rockawaykintamanibali/video/7378446549187153157,https://www.tiktok.com/@kitadewata/video/7629139013152132360,https://www.tiktok.com/@balitravelfolder/video/7364330759248727301
377,Mahen Cafe,Bangli,4.5,378,Sunset & View | Work from Cafe | Vibrant Nightlife,"['pemandangan', 'danau', 'dingin', 'lalatnya', 'mujair', 'gunung batur']",Rp 50–150k,Sunset jam 5–7pm,https://www.google.com/maps/place/Mahen+Cafe/data=!4m7!3m6!1s0x2dd1f5501c41db5f:0x6ed8ca70f1c8d19b!8m2!3d-8.2812623!4d115.3621795!16s%2Fg%2F11qh26fbvk!19sChIJX9tBHFD10S0Rm9HI8XDK2G4?authuser=0&hl=id&rclk=1,-8.2812623,115.3621795,https://www.tiktok.com/@mahen_cafe/video/7572858373796842759,https://www.tiktok.com/@mahen_cafe/video/7577316656519662868,https://www.tiktok.com/@singarajafoodie/video/7529474225174744327
378,Babi Guling Luh Sandat Kayang,Bangli,4.8,33,Work from Cafe | Vibrant Nightlife,['kulitnya'],Rp 50–150k,Malam jam 7pm+,https://www.google.com/maps/place/Babi+Guling+Luh+Sandat+Kayang/data=!4m7!3m6!1s0x2dd21912956532f1:0x77c426021005355!8m2!3d-8.4146666!4d115.3632343!16s%2Fg%2F11t71l2b3c!19sChIJ8TJllRIZ0i0RVVMAIWBCfAc?authuser=0&hl=id&rclk=1,-8.4146666,115.3632343,https://www.tiktok.com/@kucits/video/7590971432113425684,https://www.tiktok.com/@witriayudia7/video/7597020952743955730,https://www.tiktok.com/@kucits/video/7461253374483107080
379,Bali Asli,Karangasem,4.6,712,Sunset & View | Work from Cafe | Vibrant Nightlife,"['gunung agung', 'kelas memasak', 'chef', 'penglihatan', 'the view', 'spesies']",Rp 80–200k,Sunset jam 5–7pm,https://www.google.com/maps/place/Bali+Asli/data=!4m7!3m6!1s0x2dd206513d109b5b:0x3153acd987324328!8m2!3d-8.426494!4d115.6074584!16s%2Fg%2F1yj4k3tyh!19sChIJW5sQPVEG0i0RKEMyh9msUzE?authuser=0&hl=id&rclk=1,-8.426494,115.6074584,https://www.tiktok.com/@normalpeople2442/video/7586846735931149586,https://www.tiktok.com/@ayunakawaii/video/7555085605881924876,https://www.tiktok.com/@aslibaliofficial/video/7621748837849369863
380,Camaya Terrace Restaurant,Karangasem,4.8,449,Sunset & View | Work from Cafe | Vibrant Nightlife,"['sarapan', 'gunung agung', 'the view', 'sawah', 'tim', 'penglihatan']",Rp 50–150k,Sunset jam 5–7pm,https://www.google.com/maps/place/Camaya+Terrace+Restaurant/data=!4m7!3m6!1s0x2dd21bd514c8915f:0x67bfdde83acade3b!8m2!3d-8.4270959!4d115.4599727!16s%2Fg%2F11tjprzbl1!19sChIJX5HIFNUb0i0RO97KOujdv2c?authuser=0&hl=id&rclk=1,-8.4270959,115.4599727,https://www.tiktok.com/@_mulanx/video/7391715970324106528,https://www.tiktok.com/@reis_met_es_mee/video/7635662328414932256,https://www.tiktok.com/@travelcroats/video/7558796449148849430
381,Vincent's restaurant,Karangasem,4.7,1346,Work from Cafe | Vibrant Nightlife | Romantic & Cozy,"['jazz', 'taman', 'konser', 'chicken cordon bleu', 'romantic', 'salmon']",Rp 150–400k,Malam jam 7pm+,https://www.google.com/maps/place/Vincent%27s+restaurant/data=!4m7!3m6!1s0x2dd2092c3c7e0371:0x70348fed437bf665!8m2!3d-8.5105244!4d115.5733258!16s%2Fg%2F11h12w18f!19sChIJcQN-PCwJ0i0RZfZ7Q-2PNHA?authuser=0&hl=id&rclk=1,-8.5105244,115.5733258,,,
382,Asri Dining by Samanvaya,Karangasem,4.9,2981,Sunset & View | Work from Cafe | Vibrant Nightlife,"['sidemen', 'sawah', 'taman', 'resort', 'slider halloumi', 'tuna bakar']",Rp 150–400k,Sunset jam 5–7pm,https://www.google.com/maps/place/Asri+Dining+by+Samanvaya/data=!4m7!3m6!1s0x2dd211543d8efabb:0x9d0786aaca03426a!8m2!3d-8.4747729!4d115.4407987!16s%2Fg%2F11mhh35tcn!19sChIJu_qOPVQR0i0RakIDyqqGB50?authuser=0&hl=id&rclk=1,-8.4747729,115.4407987,https://www.tiktok.com/@balifoodandtravels/video/7571317071787658504,https://www.tiktok.com/@budiartaikm/video/7608711248263253268,https://www.tiktok.com/@abangnick1/video/7399253576792526087
383,Warung Lu Putu,Karangasem,4.5,659,Work from Cafe | Vibrant Nightlife | Romantic & Cozy,"['taman', 'cocktail', 'kelinci', 'romantis', 'nasi campur', 'bali']",Rp 80–200k,Malam jam 7pm+,https://www.google.com/maps/place/Warung+Lu+Putu/data=!4m7!3m6!1s0x2dd20f26fc8c4657:0x1269d42ac09f9536!8m2!3d-8.502074!4d115.552828!16s%2Fg%2F11g_nsb24!19sChIJV0aM_CYP0i0RNpWfwCrUaRI?authuser=0&hl=id&rclk=1,-8.502074,115.552828,https://www.tiktok.com/@aniya.explorer/video/7604720485099769109,https://www.tiktok.com/@siskaptriresa/video/7624861002055634196,https://www.tiktok.com/@warungbalibuputu/video/7480070853015686418
384,Warung Lesehan Mina Carik,Karangasem,4.4,791,Sunset & View | Work from Cafe | Vibrant Nightlife,"['sawah', 'gurami', 'ayam taliwang', 'bumbu', 'rempahrempah', 'plecing']",Rp 50–150k,Sunset jam 5–7pm,https://www.google.com/maps/place/Warung+Lesehan+Mina+Carik/data=!4m7!3m6!1s0x2dd2088145b2a3c1:0x5a29062cc17fb62e!8m2!3d-8.4652945!4d115.6104544!16s%2Fg%2F1q65cmyxb!19sChIJwaOyRYEI0i0RLrZ_wSwGKVo?authuser=0&hl=id&rclk=1,-8.4652945,115.6104544,https://www.tiktok.com/@nyambulick/video/7596912331649551624,https://www.tiktok.com/@infoamlapura/video/7593272342034337044,https://www.tiktok.com/@ketutmendri6/video/7607710218528574741
385,Sleeping Gajah Kitchen & Lounge,Karangasem,4.9,677,Sunset & View | Work from Cafe | Vibrant Nightlife,"['sungai', 'sidemen', 'sawah', 'resort', 'the view', 'infinity pool']",Rp 80–200k,Sunset jam 5–7pm,https://www.google.com/maps/place/Sleeping+Gajah+Kitchen+%26+Lounge/data=!4m7!3m6!1s0x2dd21128a318b109:0xc2b61da509dc8553!8m2!3d-8.4773925!4d115.4385224!16s%2Fg%2F11j0yhnq6p!19sChIJCbEYoygR0i0RU4XcCaUdtsI?authuser=0&hl=id&rclk=1,-8.4773925,115.4385224,https://www.tiktok.com/@abangnick1/video/7399200838305975560,https://www.tiktok.com/@ayuulix/video/7471088170323447045,https://www.tiktok.com/@free_spirit_denise/video/7539921309153660182
386,Warung Tirta Unda,Karangasem,4.9,1097,Sunset & View | Work from Cafe | Vibrant Nightlife,"['sawah', 'sidemen', 'lotek', 'tempe', 'bali', 'ayam betutu']",Rp 150–400k,Sunset jam 5–7pm,https://www.google.com/maps/place/Warung+Tirta+Unda/data=!4m7!3m6!1s0x2dd21bb5bc538759:0x587f5463d2347ce6!8m2!3d-8.4670846!4d115.441181!16s%2Fg%2F11ght1fjn6!19sChIJWYdTvLUb0i0R5nw00mNUf1g?authuser=0&hl=id&rclk=1,-8.4670846,115.441181,https://www.tiktok.com/@tirta_unda_bali/video/7595006098990484756,https://www.tiktok.com/@tirta_unda_bali/video/7615534606464453909,https://www.tiktok.com/@tirta_unda_bali/video/7536716834549124358
387,TIrta Ayu Restaurant,Karangasem,4.5,145,Work from Cafe | Vibrant Nightlife | Budget Friendly,"['tirta gangga', 'sayur', 'harga', 'bebeknya', 'wisata', 'makan siang']",Rp 15–50k,Malam jam 7pm+,https://www.google.com/maps/place/TIrta+Ayu+Restaurant/data=!4m7!3m6!1s0x2dd207f690504ba3:0xe509b6ebd1e310e9!8m2!3d-8.4118872!4d115.5866288!16s%2Fg%2F11sty4lshl!19sChIJo0tQkPYH0i0R6RDj0eu2CeU?authuser=0&hl=id&rclk=1,-8.4118872,115.5866288,https://www.tiktok.com/@namika998/video/7311114706025057541,https://www.tiktok.com/@jungayuuu/video/7608465098440445204,https://www.tiktok.com/@tirtha_yunda.78/video/7590261419694755093
388,Pondok Mina,Karangasem,4.2,1454,Work from Cafe | Vibrant Nightlife,"['gurami', 'pepes', 'bumbu', 'kolam ikan', 'sambal matah', 'plecing']",Rp 30–100k,Malam jam 7pm+,https://www.google.com/maps/place/Pondok+Mina/data=!4m7!3m6!1s0x2dd206680f2e0e3f:0xc173a92d334d7cf3!8m2!3d-8.4324285!4d115.5908615!16s%2Fg%2F1q66ndmfm!19sChIJPw4uD2gG0i0R83xNMy2pc8E?authuser=0&hl=id&rclk=1,-8.4324285,115.5908615,https://www.tiktok.com/@pondokmina/video/7515226543866547512,https://www.tiktok.com/@sisisisapaayo/video/7591460062195993877,https://www.tiktok.com/@pondokmina/video/7517876493343640888
389,Kumendel Rumah Makan Keluarga,Karangasem,4.3,423,Work from Cafe | Vibrant Nightlife | Budget Friendly,"['harga', 'nasi goreng', 'orang', 'pelayanan', 'gurame', 'ayam bakar']",Rp 15–50k,Malam jam 7pm+,https://www.google.com/maps/place/Kumendel+Rumah+Makan+Keluarga/data=!4m7!3m6!1s0x2dd206236aeb8f67:0x8bbb16559665209!8m2!3d-8.4532562!4d115.5963221!16s%2Fg%2F11bbtlr0hy!19sChIJZ4_raiMG0i0RCVJmWWWxuwg?authuser=0&hl=id&rclk=1,-8.4532562,115.5963221,https://www.tiktok.com/@kumendel_krngsm/video/7524988052020776197,https://www.tiktok.com/@tiaraexplorer/video/7537685261233229112,https://www.tiktok.com/@rm.kumendel.goala/video/7569061277918596360
390,Warung Blayag Mek Sambru,Karangasem,4.8,147,Work from Cafe | Vibrant Nightlife | Budget Friendly,"['harga', 'tempe', 'gurih', 'manis', 'masakan bali', 'santan']",Rp 15–50k,Malam jam 7pm+,https://www.google.com/maps/place/Warung+Blayag+Mek+Sambru/data=!4m7!3m6!1s0x2dd207ccaecd3317:0x3299ef77ee6f75f9!8m2!3d-8.4454599!4d115.615941!16s%2Fg%2F11gcbw4md_!19sChIJFzPNrswH0i0R-XVv7nfvmTI?authuser=0&hl=id&rclk=1,-8.4454599,115.615941,https://www.tiktok.com/@balifoodie/video/7578087614352264456,https://www.tiktok.com/@itsdyahp/video/7512257712785313032,https://www.tiktok.com/@sahabat_dasyatt/video/7608099678047046933
391,Warung Ume Anyar,Karangasem,4.6,426,Sunset & View | Work from Cafe | Vibrant Nightlife,"['sawah', 'penglihatan', 'gunung agung', 'sidemen', 'thailand', 'masakan indonesia']",Rp 50–150k,Sunset jam 5–7pm,https://www.google.com/maps/place/Warung+Ume+Anyar/data=!4m7!3m6!1s0x2dd21a84e1a90103:0xc99a03ed25634cf!8m2!3d-8.4656841!4d115.4361982!16s%2Fg%2F11bc96nfmg!19sChIJAwGp4YQa0i0RzzRW0j6gmQw?authuser=0&hl=id&rclk=1,-8.4656841,115.4361982,https://www.tiktok.com/@sychevprolive/video/7612206586911542549,https://www.tiktok.com/@blimade_story/video/7620007169399819528,https://www.tiktok.com/@bolotwerwer/video/7563842053415701781
392,Warung Uma Pesagi,Karangasem,4.8,117,Sunset & View | Work from Cafe | Vibrant Nightlife,"['ikan', 'atmosphere', 'sambel', 'wifi', 'es teh', 'gunung agung']",Rp 50–150k,Sunset jam 5–7pm,https://www.google.com/maps/place/Warung+Uma+Pesagi/data=!4m7!3m6!1s0x2dd2076cf9b5bd4d:0x14724dd88cc217ec!8m2!3d-8.4581458!4d115.6182369!16s%2Fg%2F11ptr7nmhs!19sChIJTb21-WwH0i0R7BfCjNhNchQ?authuser=0&hl=id&rclk=1,-8.4581458,115.6182369,https://www.tiktok.com/@warung.uma.pesagi/video/7631043509478231317,https://www.tiktok.com/@warung.uma.pesagi/video/7611780558753926421,https://www.tiktok.com/@warung.uma.pesagi/video/7351735243637853445
393,Edelweiss Restaurant and Bar,Karangasem,4.7,163,Sunset & View | Family Friendly | Work from Cafe | Vibrant Nightlife | Budget Friendly,"['gunung agung', 'pemandangan', 'luas', 'harga', 'atmosphere', 'pilihan']",Rp 15–50k,Sunset jam 5–7pm,https://www.google.com/maps/place/Edelweiss+Restaurant+and+Bar/data=!4m7!3m6!1s0x2dd21bb5e4f62c9d:0x7bffc87467fd8787!8m2!3d-8.4099344!4d115.4249224!16s%2Fg%2F11l33x4tbq!19sChIJnSz25LUb0i0Rh4f9Z3TI_3s?authuser=0&hl=id&rclk=1,-8.4099344,115.4249224,https://www.tiktok.com/@edelweissrestaurant.tav/video/7527486991727070469,https://www.tiktok.com/@sanagirllll/video/7565980538645826838,https://www.tiktok.com/@edelweissrestaurant.tav/video/7537935405891603768
394,Warung Dapur Kapulaga,Karangasem,4.9,371,Work from Cafe | Vibrant Nightlife,"['sidemen', 'pisang goreng', 'pisang goreng', 'spring roll', 'sate lilit', 'local food']",Rp 50–150k,Malam jam 7pm+,https://www.google.com/maps/place/Warung+Dapur+Kapulaga/data=!4m7!3m6!1s0x2dd210763077591f:0x28677d9dc1a422df!8m2!3d-8.4735989!4d115.4414391!16s%2Fg%2F11crxxkysb!19sChIJH1l3MHYQ0i0R3yKkwZ19Zyg?authuser=0&hl=id&rclk=1,-8.4735989,115.4414391,https://www.tiktok.com/@warung.kapulaga/video/7304432419791179013,https://www.tiktok.com/@niken.foodtraveldiary/video/7594768432499887381,https://www.tiktok.com/@warung_dapur_bang_ali/video/7579599494874991889
395,Gusto Resto & Cafe,Karangasem,4.8,1268,Work from Cafe | Vibrant Nightlife,"['samudra', 'ikan lemadang', 'pai banoffee', 'pizza seafood', 'beef steak', 'cambung']",Rp 150–400k,Malam jam 7pm+,https://www.google.com/maps/place/Gusto+Resto+%26+Cafe/data=!4m7!3m6!1s0x2dcdff6fd8b35515:0xeb387c686b47e0d3!8m2!3d-8.3458987!4d115.6765311!16s%2Fg%2F1pp2v0m12!19sChIJFVWz2G__zS0R0-BHa2h8OOs?authuser=0&hl=id&rclk=1,-8.3458987,115.6765311,https://www.tiktok.com/@thepoetrayana/video/7506689731367914760,https://www.tiktok.com/@albertaamelia_/video/7608781756367473937,https://www.tiktok.com/@roam.mov/video/7514203375290961208
396,Warung Bintang,Karangasem,4.7,648,Sunset & View | Work from Cafe | Vibrant Nightlife,"['sawah', 'ikan lemadang', 'bali', 'bebek', 'gunung agung', 'local food']",Rp 80–200k,Sunset jam 5–7pm,https://www.google.com/maps/place/Warung+Bintang/data=!4m7!3m6!1s0x2dd20ed5df63aacf:0x2e1397b8016fc005!8m2!3d-8.5061003!4d115.5621766!16s%2Fg%2F11c1mm6ykr!19sChIJz6pj39UO0i0RBcBvAbiXEy4?authuser=0&hl=id&rclk=1,-8.5061003,115.5621766,https://www.tiktok.com/@dek_micko07/video/7414096248849845509,https://www.tiktok.com/@bu.bintang4/video/7526436807362301189,https://www.tiktok.com/@warungbintang0/video/7497995651968552210
397,Garpu Restaurant,Karangasem,4.4,177,Sunset & View | Work from Cafe | Vibrant Nightlife | Budget Friendly,"['harga', 'makan malam', 'laut', 'hospitality', 'pilihan', 'pelayanan']",Rp 15–50k,Sunset jam 5–7pm,https://www.google.com/maps/place/Garpu+Restaurant/data=!4m7!3m6!1s0x2dd20ed7e9c6c383:0xac8170df788281cc!8m2!3d-8.5057762!4d115.5575449!16s%2Fg%2F1pzpmw5x5!19sChIJg8PG6dcO0i0RzIGCeN9wgaw?authuser=0&hl=id&rclk=1,-8.5057762,115.5575449,https://www.tiktok.com/@xx.cnda/video/7527335160128326968,https://www.tiktok.com/@resthieradjah/video/7493031036855651639,https://www.tiktok.com/@tabimaze/video/7612904905229094151
398,Restaurant East Bali.,Karangasem,4.8,151,Sunset & View | Work from Cafe | Vibrant Nightlife | Budget Friendly,"['atmosphere', 'petang', 'italia', 'bahan', 'harga', 'gunung agung']",Rp 15–50k,Sunset jam 5–7pm,https://www.google.com/maps/place/Restaurant+East+Bali./data=!4m7!3m6!1s0x2dd2074d7b84f3d9:0x45ecbb7887084db1!8m2!3d-8.4543228!4d115.6272271!16s%2Fg%2F11y6p25vvj!19sChIJ2fOEe00H0i0RsU0Ih3i77EU?authuser=0&hl=id&rclk=1,-8.4543228,115.6272271,https://www.tiktok.com/@eunice.april/video/7630017671219760402,https://www.tiktok.com/@xx.cnda/video/7527335160128326968,https://www.tiktok.com/@tutketuttut/video/7593535049979530517
399,Warung Biker,Karangasem,4.4,378,Work from Cafe | Vibrant Nightlife | Budget Friendly,"['harga', 'gym', 'service', 'konser', 'bir', 'sate']",Rp 15–50k,Malam jam 7pm+,https://www.google.com/maps/place/Warung+Biker/data=!4m7!3m6!1s0x2dd208625ea77441:0xc1e2163a4aa5b612!8m2!3d-8.4738859!4d115.6171428!16s%2Fg%2F11c40qggdv!19sChIJQXSnXmII0i0REralSjoW4sE?authuser=0&hl=id&rclk=1,-8.4738859,115.6171428,,,
400,VIEW POINT RESTO LAHANGAN,Karangasem,4.9,279,Sunset & View | Work from Cafe | Vibrant Nightlife,"['gunung agung', 'spesies', 'foto', 'jus', 'the view', 'penglihatan']",Rp 50–150k,Sunset jam 5–7pm,https://www.google.com/maps/place/VIEW+POINT+RESTO+LAHANGAN/data=!4m7!3m6!1s0x2dd201e402b8b00f:0x1464e8caee54dc82!8m2!3d-8.3761515!4d115.638834!16s%2Fg%2F11ssfybhdv!19sChIJD7C4AuQB0i0RgtxU7sroZBQ?authuser=0&hl=id&rclk=1,-8.3761515,115.638834,https://www.tiktok.com/@bikukubi2/video/7594418186762603794,https://www.tiktok.com/@dekkariani06/video/7635868605866986770,https://www.tiktok.com/@baliloveaffair/video/7541392474200214802
401,WARUNG BUBU,Karangasem,4.7,500,Sunset & View | Work from Cafe | Vibrant Nightlife,"['pantai', 'dessert', 'makan malam', 'cocktail', 'tempe', 'rendang']",Rp 80–200k,Sunset jam 5–7pm,https://www.google.com/maps/place/WARUNG+BUBU/data=!4m7!3m6!1s0x2dd20063c4421799:0x1bb5a5bdeb630a33!8m2!3d-8.3346022!4d115.6459871!16s%2Fg%2F11c1ly372m!19sChIJmRdCxGMA0i0RMwpj672ltRs?authuser=0&hl=id&rclk=1,-8.3346022,115.6459871,https://www.tiktok.com/@desasinglemom2/video/7507417611861249288,https://www.tiktok.com/@exploreworllds/video/7495922482315152646,
402,Ananta Garden Coffee Resto,Karangasem,4.6,195,Work from Cafe | Vibrant Nightlife,"['service', 'thailand', 'atmosphere', 'cafe', 'cheesecake', 'makan siang']",Rp 50–150k,Malam jam 7pm+,https://www.google.com/maps/place/Ananta+Garden+Coffee+Resto/data=!4m7!3m6!1s0x2dd209ee5e83c5b5:0xaa1e2fac16f8e452!8m2!3d-8.5092569!4d115.5690994!16s%2Fg%2F11ty041rfg!19sChIJtcWDXu4J0i0RUuT4FqwvHqo?authuser=0&hl=id&rclk=1,-8.5092569,115.5690994,https://www.tiktok.com/@ananta.coffeeresto/video/7479639594430942465,https://www.tiktok.com/@eljaelje_privatetourbali/video/7565469764814982420,https://www.tiktok.com/@edgarptryns/video/7621412668699692295
403,Lezat Beach Restaurant,Karangasem,4.4,1346,Sunset & View | Work from Cafe | Vibrant Nightlife | Romantic & Cozy,"['service', 'sunset', 'samudra', 'lobster', 'romantis', 'pemandangan']",Rp 50–150k,Sunset jam 5–7pm,https://www.google.com/maps/place/Lezat+Beach+Restaurant/data=!4m7!3m6!1s0x2dd20ed484b66277:0x8f163eadec8296ba!8m2!3d-8.5085643!4d115.5660664!16s%2Fg%2F1jmcvp7mm!19sChIJd2K2hNQO0i0RupaC7K0-Fo8?authuser=0&hl=id&rclk=1,-8.5085643,115.5660664,https://www.tiktok.com/@lianaode99/video/7570185148512144658,https://www.tiktok.com/@leztbeachrestaurant/video/7353934045648129286,https://www.tiktok.com/@ashyanabali/video/7509695624695090439
404,Dians Garden Bali Klungkung,Klungkung,4.8,230,Family Friendly | Work from Cafe | Vibrant Nightlife | Budget Friendly,"['harga', 'atmosphere', 'luas', 'cafe', 'dinner', 'songket']",Rp 15–50k,Malam jam 7pm+,https://www.google.com/maps/place/Dians+Garden+Bali+Klungkung/data=!4m7!3m6!1s0x2dd2112f7a6d796d:0x9d11c07c53c8e259!8m2!3d-8.5532479!4d115.4088996!16s%2Fg%2F11t833hpc8!19sChIJbXltei8R0i0RWeLIU3zAEZ0?authuser=0&hl=id&rclk=1,-8.5532479,115.4088996,https://www.tiktok.com/@dailyfoodlens/video/7527700318923017528,https://www.tiktok.com/@diansgardenrestaurant/video/7604686827928227090,https://www.tiktok.com/@deliciousbalii/video/7370253161207991557
405,Likelike Coffee & Eatery,Klungkung,4.7,456,Family Friendly | Work from Cafe | Vibrant Nightlife | Budget Friendly,"['harga', 'pelayanan', 'nasi goreng', 'music', 'pizza', 'spaghetti']",Rp 15–50k,Malam jam 7pm+,https://www.google.com/maps/place/Likelike+Coffee+%26+Eatery/data=!4m7!3m6!1s0x2dd2118e0cee6299:0x458359cc089e9621!8m2!3d-8.5373372!4d115.3953751!16s%2Fg%2F11llbg1927!19sChIJmWLuDI4R0i0RIZaeCMxZg0U?authuser=0&hl=id&rclk=1,-8.5373372,115.3953751,https://www.tiktok.com/@likelike_eatery/video/7626246264430120199,https://www.tiktok.com/@likelike_eatery/video/7634032941668109575,https://www.tiktok.com/@likelike_eatery/video/7524993890739342599
406,Warung Lesehan Merta Sari,Klungkung,4.5,1878,Work from Cafe | Vibrant Nightlife,"['sate lilit', 'sambal matah', 'pepes', 'bali', 'ikan laut', 'plecing']",Rp 80–200k,Malam jam 7pm+,https://www.google.com/maps/place/Warung+Lesehan+Merta+Sari/data=!4m7!3m6!1s0x2dd211ff7dd0ba03:0xb166471ecb0d5036!8m2!3d-8.5501853!4d115.4628589!16s%2Fg%2F1pzsgw_5z!19sChIJA7rQff8R0i0RNlANyx5HZrE?authuser=0&hl=id&rclk=1,-8.5501853,115.4628589,https://www.tiktok.com/@lalahjaen13/video/7466708761411980550,https://www.tiktok.com/@siiegabut/video/7541803687233129784,https://www.tiktok.com/@kuliner_khasbali/video/7590381097104641300
407,GLOWIMARI CAFE,Klungkung,4.3,99,Work from Cafe | Vibrant Nightlife | Budget Friendly,"['harga', 'nasi', 'pelajar', 'mi goreng', 'ruangan', 'estetik']",Rp 15–50k,Malam jam 7pm+,https://www.google.com/maps/place/GLOWIMARI+CAFE/data=!4m7!3m6!1s0x2dd211e99294b0e5:0x4182491b87cb6a0!8m2!3d-8.5414492!4d115.401038!16s%2Fg%2F11l32hnf_1!19sChIJ5bCUkukR0i0RoLZ8uJEkGAQ?authuser=0&hl=id&rclk=1,-8.5414492,115.401038,https://www.tiktok.com/@glowimari.cafe/video/7632935527947242759,https://www.tiktok.com/@glowimari.cafe/video/7613735107786001672,https://www.tiktok.com/@glowimari.cafe/video/7614098460492467463
408,Warung Laco,Klungkung,4.9,323,Sunset & View | Family Friendly | Work from Cafe | Vibrant Nightlife,"['seafood', 'estetik', 'senyum', 'makan malam', 'pilihan', 'tom yum']",Rp 50–150k,Sunset jam 5–7pm,https://www.google.com/maps/place/Warung+Laco/data=!4m7!3m6!1s0x2dd2112d12429e77:0x1359e07009e36541!8m2!3d-8.534111!4d115.3990191!16s%2Fg%2F11x632sz5v!19sChIJd55CEi0R0i0RQWXjCXDgWRM?authuser=0&hl=id&rclk=1,-8.534111,115.3990191,https://www.tiktok.com/@lidia.wisesa/video/7538636139113155845,https://www.tiktok.com/@baliwonderfood/video/7569890658945682708,https://www.tiktok.com/@udinkuliner/video/7631144993138183432
409,Warunk Lokal Bersaudara,Klungkung,4.8,37,Work from Cafe | Vibrant Nightlife,"['alkohol', 'makanan lokal', 'iga']",Rp 50–150k,Malam jam 7pm+,https://www.google.com/maps/place/Warunk+Lokal+Bersaudara/data=!4m7!3m6!1s0x2dd21196a28308c7:0xbb3dd2402b3b0eca!8m2!3d-8.5341235!4d115.4013848!16s%2Fg%2F11ql8my1hd!19sChIJxwiDopYR0i0Ryg47K0DSPbs?authuser=0&hl=id&rclk=1,-8.5341235,115.4013848,https://www.tiktok.com/@wlb.oldpassion/video/7618452363770383637,https://www.tiktok.com/@wlb.oldpassion/video/7267870234038504710,
410,Warung D' Carik Nyalian,Klungkung,4.4,375,Sunset & View | Family Friendly | Work from Cafe | Vibrant Nightlife | Budget Friendly,"['harga', 'sawah', 'pemandangan', 'luas', 'laklak', 'sejuk']",Rp 15–50k,Sunset jam 5–7pm,https://www.google.com/maps/place/Warung+D%27+Carik+Nyalian/data=!4m7!3m6!1s0x2dd217ced22324a9:0x1467a05c5c92f7ed!8m2!3d-8.5093425!4d115.3653271!16s%2Fg%2F11h39rl899!19sChIJqSQj0s4X0i0R7feSXFygZxQ?authuser=0&hl=id&rclk=1,-8.5093425,115.3653271,https://www.tiktok.com/@ciku12375/video/7529842237807840519,https://www.tiktok.com/@balihints/video/7523875099448069432,https://www.tiktok.com/@wbabcd/video/7590318671256374535
411,RM Rajawali,Klungkung,4.2,340,Work from Cafe | Vibrant Nightlife | Budget Friendly,"['pedas', 'ayam', 'nasi', 'sambel', 'babi', 'cash']",Rp 15–50k,Malam jam 7pm+,https://www.google.com/maps/place/RM+Rajawali/data=!4m7!3m6!1s0x2dd2111521df50cf:0x8bd944fece7d583e!8m2!3d-8.5350226!4d115.4049772!16s%2Fg%2F11bwmrz6td!19sChIJz1DfIRUR0i0RPlh9zv5E2Ys?authuser=0&hl=id&rclk=1,-8.5350226,115.4049772,https://www.tiktok.com/@hungrymikego/video/7455647531507125509,https://www.tiktok.com/@ayupramita0122/video/7585884684547050772,https://www.tiktok.com/@balifoodie/video/7320566222712622342
412,Sea Breeze Seafood & Grill Klungkung Bali,Klungkung,4.3,106,Work from Cafe | Vibrant Nightlife | Budget Friendly,"['harga', 'dingin', 'nasi', 'strategis', 'bau', 'ikan']",Rp 15–50k,Malam jam 7pm+,https://www.google.com/maps/place/Sea+Breeze+Seafood+%26+Grill+Klungkung+Bali/data=!4m7!3m6!1s0x2dd2110069efc369:0xf83dcc05b62a2bdc!8m2!3d-8.5415351!4d115.3993053!16s%2Fg%2F11xh2zxqlz!19sChIJacPvaQAR0i0R3CsqtgXMPfg?authuser=0&hl=id&rclk=1,-8.5415351,115.3993053,https://www.tiktok.com/@kampoengseafood78/video/7603466288534523156,https://www.tiktok.com/@kampoengseafood78/video/7525418420947455240,https://www.tiktok.com/@kampoengseafood78/video/7530723208912260360
413,Warung Sari Rasa Klungkung,Klungkung,4.4,93,Work from Cafe | Vibrant Nightlife | Budget Friendly,"['harga', 'nasi goreng', 'kwetiau', 'sapo tahu', 'makanan sehat', 'chinese food']",Rp 15–50k,Malam jam 7pm+,https://www.google.com/maps/place/Warung+Sari+Rasa+Klungkung/data=!4m7!3m6!1s0x2dd21122d5243617:0xe320a7e40527ed57!8m2!3d-8.5367638!4d115.3956284!16s%2Fg%2F11bwkytr30!19sChIJFzYk1SIR0i0RV-0nBeSnIOM?authuser=0&hl=id&rclk=1,-8.5367638,115.3956284,https://www.tiktok.com/@hennynurfadilla/video/7581503392380390657,https://www.tiktok.com/@warung.deli/video/7638445642691448085,https://www.tiktok.com/@mamalucky99/video/7576984303272283400
414,TOP KITCHEN,Klungkung,4.3,91,Sunset & View | Family Friendly | Work from Cafe | Vibrant Nightlife | Budget Friendly,"['harga', 'anak', 'pelayanan', 'pemandangan', 'pesan', 'pedas']",Rp 15–50k,Sunset jam 5–7pm,https://www.google.com/maps/place/TOP+KITCHEN/data=!4m7!3m6!1s0x2dd211fa17849731:0x131a5783b82e37d5!8m2!3d-8.5363892!4d115.4088074!16s%2Fg%2F11j2z6dkf2!19sChIJMZeEF_oR0i0R1TcuuINXGhM?authuser=0&hl=id&rclk=1,-8.5363892,115.4088074,https://www.tiktok.com/@topkitchen_id/video/7438957614303595832,https://www.tiktok.com/@topkitchen_id/video/7610356920062446868,https://www.tiktok.com/@deliciousbalii/video/6954574726115151106
415,Pog's Warung,Klungkung,4.4,376,Family Friendly | Work from Cafe | Vibrant Nightlife | Budget Friendly,"['harga', 'keluarga', 'pelayanan', 'taman', 'luas', 'anak']",Rp 15–50k,Malam jam 7pm+,https://www.google.com/maps/place/Pog%27s+Warung/data=!4m7!3m6!1s0x2dd21144279bad75:0x6d506f33411c9a14!8m2!3d-8.5423779!4d115.4017764!16s%2Fg%2F11fz9d7pd0!19sChIJda2bJ0QR0i0RFJocQTNvUG0?authuser=0&hl=id&rclk=1,-8.5423779,115.4017764,,,
416,Depot Sari boga,Klungkung,4.5,96,Work from Cafe | Vibrant Nightlife | Budget Friendly,"['harga', 'chinese food', 'capcay', 'nasi goreng', 'pesan']",Rp 15–50k,Malam jam 7pm+,https://www.google.com/maps/place/Depot+Sari+boga/data=!4m7!3m6!1s0x2dd2113ec57ca61d:0x88957f40ec25ca2!8m2!3d-8.5335396!4d115.397337!16s%2Fg%2F11bymvz7hb!19sChIJHaZ8xT4R0i0RolzCDvRXiQg?authuser=0&hl=id&rclk=1,-8.5335396,115.397337,https://www.tiktok.com/@nomnombali/video/7468489528156671250,https://www.tiktok.com/@pavitaaisyah95/video/7489389739724819730,https://www.tiktok.com/@jerryharipradan/video/7457669707395566855
417,The Monkey Bar at Bella Vista,Klungkung,4.5,1039,Sunset & View | Work from Cafe | Vibrant Nightlife,"['handuk', 'infinity pool', 'gunung', 'bukit', 'tiket', 'service charge']",Rp 80–200k,Sunset jam 5–7pm,https://www.google.com/maps/place/The+Monkey+Bar+at+Bella+Vista/data=!4m7!3m6!1s0x2dd211d161f32a45:0x48e0c52e6a77d802!8m2!3d-8.5165216!4d115.4656156!16s%2Fg%2F11g6qfqmg0!19sChIJRSrzYdER0i0RAth3ai7F4Eg?authuser=0&hl=id&rclk=1,-8.5165216,115.4656156,https://www.tiktok.com/@bangtanforlyfe/video/7466063939235794181,https://www.tiktok.com/@baliridenow/video/7608874595076066578,https://www.tiktok.com/@rightseatbali/video/7567991479151430930
418,Depot Rumah Makan Manjari Vegetarian,Klungkung,4.8,43,Work from Cafe | Vibrant Nightlife | Budget Friendly,"['nasi campur', 'vegan', 'harga', 'autentik', 'bakso', 'jus']",Rp 15–50k,Malam jam 7pm+,https://www.google.com/maps/place/Depot+Rumah+Makan+Manjari+Vegetarian/data=!4m7!3m6!1s0x2dd2116b23645b79:0xb2245a42f1babbea!8m2!3d-8.5360823!4d115.4060501!16s%2Fg%2F11gb400p30!19sChIJeVtkI2sR0i0R6ru68UJaJLI?authuser=0&hl=id&rclk=1,-8.5360823,115.4060501,https://www.tiktok.com/@balilekers/video/7483762037575716101,https://www.tiktok.com/@makandanjalanjalan/video/7406295032505945349,
419,Restoran Sumber Rasa,Klungkung,4.7,54,Work from Cafe | Vibrant Nightlife,"['chinese food', 'ayam goreng', 'kuliner', 'nasi goreng', 'cabai']",Rp 50–150k,Malam jam 7pm+,https://www.google.com/maps/place/Restoran+Sumber+Rasa/data=!4m7!3m6!1s0x2dd2116b2a61941b:0x3b53bfb8b5d2702c!8m2!3d-8.5359363!4d115.4053926!16s%2Fg%2F11cjj06tv0!19sChIJG5RhKmsR0i0RLHDStbi_Uzs?authuser=0&hl=id&rclk=1,-8.5359363,115.4053926,https://www.tiktok.com/@cigarettesaftershrek1/video/7621973946505743617,https://www.tiktok.com/@dapursumberrasabeji_new/video/7555327414017051916,https://www.tiktok.com/@pakde_hanss/video/7633762047217372437
420,Warung Babi Guling Bu Dewa,Klungkung,4.4,92,Work from Cafe | Vibrant Nightlife | Budget Friendly,"['harganya', 'kulit', 'bumbu', 'lawar', 'pesan']",Rp 15–50k,Malam jam 7pm+,https://www.google.com/maps/place/Warung+Babi+Guling+Bu+Dewa/data=!4m7!3m6!1s0x2dd2117da11a49b7:0xd1ec6ba8853aa97f!8m2!3d-8.5343184!4d115.3982569!16s%2Fg%2F11g0h0fmt5!19sChIJt0kaoX0R0i0Rf6k6hahr7NE?authuser=0&hl=id&rclk=1,-8.5343184,115.3982569,https://www.tiktok.com/@yustini.amboe/video/7369244295330647301,https://www.tiktok.com/@kokosukadana/video/7425498940155497733,https://www.tiktok.com/@kokosukadana/video/7425134166196423942
421,Dapur GEZO,Klungkung,4.8,31,Work from Cafe | Vibrant Nightlife | Budget Friendly,"['harga', 'nasi goreng']",Rp 15–50k,Malam jam 7pm+,https://www.google.com/maps/place/Dapur+GEZO/data=!4m7!3m6!1s0x2dd211c20fe9c537:0xf77a5b4c8f157005!8m2!3d-8.5465702!4d115.402197!16s%2Fg%2F11qz2plfft!19sChIJN8XpD8IR0i0RBXAVj0xbevc?authuser=0&hl=id&rclk=1,-8.5465702,115.402197,,,
422,Cerita Kopi & Croissant Klungkung,Klungkung,4.6,371,Family Friendly | Work from Cafe | Vibrant Nightlife,"['strategis', 'kasir', 'cemilan', 'belajar', 'pesan', 'luas']",Rp 50–150k,Malam jam 7pm+,https://www.google.com/maps/place/Cerita+Kopi+%26+Croissant+Klungkung/data=!4m7!3m6!1s0x2dd211b681c78f4b:0x433535ddc0641215!8m2!3d-8.5336331!4d115.4039904!16s%2Fg%2F11tj6gpv_l!19sChIJS4_HgbYR0i0RFRJkwN01NUM?authuser=0&hl=id&rclk=1,-8.5336331,115.4039904,https://www.tiktok.com/@prabasatriya/video/7636671985745022216,https://www.tiktok.com/@dewieveraers/video/7504657262523272466,https://www.tiktok.com/@arde1197/video/7547581535646403860
423,Pasar Senggol Klungkung,Klungkung,4.4,2184,Sunset & View | Work from Cafe | Vibrant Nightlife,"['pakaian', 'pasar malam', 'sate', 'makanan tradisional', 'pedagang', 'wisata']",Rp 50–150k,Sunset jam 5–7pm,https://www.google.com/maps/place/Pasar+Senggol+Klungkung/data=!4m7!3m6!1s0x2dd21115249a146b:0xc85a09952de9d9fa!8m2!3d-8.5348433!4d115.4040942!16s%2Fg%2F11cjj01k_v!19sChIJaxSaJBUR0i0R-tnpLZUJWsg?authuser=0&hl=id&rclk=1,-8.5348433,115.4040942,https://www.tiktok.com/@balimaknyus/video/7517080394093677831,https://www.tiktok.com/@infoweekend/video/7621123337716059410,https://www.tiktok.com/@kingabdimasterchef/video/7520797414593203461
424,"Alily, coffee & eatery",Klungkung,4.7,1236,Sunset & View | Work from Cafe | Vibrant Nightlife,"['konser', 'pulau', 'sunset', 'smoothie bowl', 'mie goreng', 'nasi goreng']",Rp 150–400k,Sunset jam 5–7pm,"https://www.google.com/maps/place/Alily,+coffee+%26+eatery/data=!4m7!3m6!1s0x2dd273c90eef3afd:0x2654d2883188c37d!8m2!3d-8.6793093!4d115.4895603!16s%2Fg%2F11swf43nt4!19sChIJ_TrvDslz0i0RfcOIMYjSVCY?authuser=0&hl=id&rclk=1",-8.6793093,115.4895603,,,
425,Restoran Tamarilo Penida,Klungkung,4.9,273,Sunset & View | Work from Cafe | Vibrant Nightlife,"['cocktail', 'pilihan', 'service', 'musik', 'vegan', 'appetizer']",Rp 50–150k,Sunset jam 5–7pm,https://www.google.com/maps/place/Restoran+Tamarilo+Penida/data=!4m7!3m6!1s0x2dd2735790b6511d:0x36060927277f1379!8m2!3d-8.67769!4d115.5262441!16s%2Fg%2F11v5t2vtm4!19sChIJHVG2kFdz0i0ReRN_JycJBjY?authuser=0&hl=id&rclk=1,-8.67769,115.5262441,https://www.tiktok.com/@travelling.nusapenida/video/7564232534708571413,,
426,Lalapan Bu Dewa Sambal Leak,Klungkung,4.4,193,Work from Cafe | Vibrant Nightlife,"['pedas', 'pelayanan', 'bali', 'es teh', 'ayam']",Rp 50–150k,Malam jam 7pm+,https://www.google.com/maps/place/Lalapan+Bu+Dewa+Sambal+Leak/data=!4m7!3m6!1s0x2dd211420acb06f3:0x3884c3c96eede391!8m2!3d-8.5422838!4d115.4021644!16s%2Fg%2F11hd9l8_p3!19sChIJ8wbLCkIR0i0RkePtbsnDhDg?authuser=0&hl=id&rclk=1,-8.5422838,115.4021644,https://www.tiktok.com/@lidahlokaal/video/7597272420608757012,https://www.tiktok.com/@arde1197/video/7385398780582989061,https://www.tiktok.com/@infodewatanews/video/7497599135147724033
427,Warung Bung Tomo,Klungkung,4.6,349,Sunset & View | Work from Cafe | Vibrant Nightlife | Budget Friendly,"['harga', 'pantai', 'ikan bakar', 'halal', 'kepiting', 'pesan']",Rp 15–50k,Sunset jam 5–7pm,https://www.google.com/maps/place/Warung+Bung+Tomo/data=!4m7!3m6!1s0x2dd21217a7f7aed9:0xd767c55183eed9d3!8m2!3d-8.5644818!4d115.4525395!16s%2Fg%2F11ggbn1_m1!19sChIJ2a73pxcS0i0R09nug1HFZ9c?authuser=0&hl=id&rclk=1,-8.5644818,115.4525395,https://www.tiktok.com/@lalu.anhar/video/7532096708415900935,https://www.tiktok.com/@cherylinda.k/video/7562776832420941064,https://www.tiktok.com/@ekayanamuhardika/video/7617877259336109333
428,Burger Bangor Klungkung,Klungkung,3.5,68,Work from Cafe | Vibrant Nightlife | Budget Friendly,"['harga', 'karyawannya', 'driver', 'jujur', 'panas', 'gaji']",Rp 15–50k,Malam jam 7pm+,https://www.google.com/maps/place/Burger+Bangor+Klungkung/data=!4m7!3m6!1s0x2dd211c17f434ded:0x360c3a262da142b0!8m2!3d-8.5306475!4d115.3980264!16s%2Fg%2F11vl1jxz6n!19sChIJ7U1Df8ER0i0RsEKhLSY6DDY?authuser=0&hl=id&rclk=1,-8.5306475,115.3980264,https://www.tiktok.com/@ik_santika/video/7630424797104688404,https://www.tiktok.com/@bung_syaiff/video/7631407424322194706,https://www.tiktok.com/@kulinerin_klungkung/video/7593347321308400904
429,"The Holy Tree Kitchen, Coffee & Surfshop",Jembrana,4.6,280,Sunset & View | Work from Cafe | Vibrant Nightlife,"['pantai', 'cafe', 'atmosphere', 'papan selancar', 'smoothie bowls', 'sunset']",Rp 50–150k,Sunset jam 5–7pm,"https://www.google.com/maps/place/The+Holy+Tree+Kitchen,+Coffee+%26+Surfshop/data=!4m7!3m6!1s0x2dd3d759acf0763d:0xbe41dcee80c646cf!8m2!3d-8.4121491!4d114.7984491!16s%2Fg%2F11j1f44p7m!19sChIJPXbwrFnX0y0Rz0bGgO7cQb4?authuser=0&hl=id&rclk=1",-8.4121491,114.7984491,https://www.tiktok.com/@imel.bsa12/video/7605939998159818005,https://www.tiktok.com/@permatadewi3/video/7552041818834111755,https://www.tiktok.com/@chocolate.128/video/7628990925066210567
430,Warung Banyuwangi Echo,Jembrana,4.2,1138,Sunset & View | Family Friendly | Work from Cafe | Vibrant Nightlife,"['pantai', 'luas', 'pemandangan', 'perjalanan', 'rawon', 'nasi tempong']",Rp 30–100k,Sunset jam 5–7pm,https://www.google.com/maps/place/Warung+Banyuwangi+Echo/data=!4m7!3m6!1s0x2dd3d5ba6dd69cc1:0xf6052328cfe38928!8m2!3d-8.4563855!4d114.8977758!16s%2Fg%2F11g0j4x4v2!19sChIJwZzWbbrV0y0RKInjzygjBfY?authuser=0&hl=id&rclk=1,-8.4563855,114.8977758,https://www.tiktok.com/@warungbanyuwangiecho/video/7636326812913585415,https://www.tiktok.com/@widiastuti300/video/7516570476219534648,https://www.tiktok.com/@bestbaliadventures/video/7433372506892930322
431,Jembrana Seafood Corner,Jembrana,4.8,55,Work from Cafe | Vibrant Nightlife | Budget Friendly,"['harga', 'cumi', 'kangkung', 'peyek udang', 'bumbu', 'nasi goreng']",Rp 15–50k,Malam jam 7pm+,https://www.google.com/maps/place/Jembrana+Seafood+Corner/data=!4m7!3m6!1s0x2dd3d50f4b0d364b:0xa19e726254ad74cb!8m2!3d-8.4149863!4d114.8063399!16s%2Fg%2F11lf1pgkgj!19sChIJSzYNSw_V0y0Ry3StVGJynqE?authuser=0&hl=id&rclk=1,-8.4149863,114.8063399,https://www.tiktok.com/@balikulinersejati/video/7407392107226238213,https://www.tiktok.com/@dckyhae/video/7272334532433562885,https://www.tiktok.com/@warung_mangrove0/video/7631515292270595336
432,Warung Pantai Pengeragoan,Jembrana,4.6,84,Sunset & View | Work from Cafe | Vibrant Nightlife | Budget Friendly,"['perjalanan', 'rest area', 'pemandangan', 'hati', 'kelapa', 'harga']",Rp 15–50k,Sunset jam 5–7pm,https://www.google.com/maps/place/Warung+Pantai+Pengeragoan/data=!4m7!3m6!1s0x2dd22d127a642d09:0x258fc827aa06110d!8m2!3d-8.4634729!4d114.9104647!16s%2Fg%2F11f60xrz3l!19sChIJCS1kehIt0i0RDREGqifIjyU?authuser=0&hl=id&rclk=1,-8.4634729,114.9104647,https://www.tiktok.com/@perghhlainmacamni/video/7596495017921744148,https://www.tiktok.com/@balipineapple/video/7607312947546836244,https://www.tiktok.com/@besttrip.bwi/video/7562156205079219477
433,Nal's kitchen,Jembrana,4.5,440,Work from Cafe | Vibrant Nightlife,"['nasi goreng', 'milkshake', 'musik', 'pisang', 'western food', 'kuliner']",Rp 50–150k,Malam jam 7pm+,https://www.google.com/maps/place/Nal%27s+kitchen/data=!4m7!3m6!1s0x2dd3d69a7b5d1973:0x829ccee1ac7216e6!8m2!3d-8.4084679!4d114.7980841!16s%2Fg%2F11d_z42jy_!19sChIJcxlde5rW0y0R5hZyrOHOnII?authuser=0&hl=id&rclk=1,-8.4084679,114.7980841,,,
434,Lesehan Taman Pesisir Perancak,Jembrana,4.7,189,Work from Cafe | Vibrant Nightlife | Budget Friendly,"['harga', 'ikan bakar', 'nelayan', 'grill', 'sambal', 'saus mentega bawang putih']",Rp 15–50k,Malam jam 7pm+,https://www.google.com/maps/place/Lesehan+Taman+Pesisir+Perancak/data=!4m7!3m6!1s0x2dd3df8939188705:0x67fa9accf03b5fae!8m2!3d-8.4024003!4d114.6068545!16s%2Fg%2F11hds3q94z!19sChIJBYcYOYnf0y0Rrl878Mya-mc?authuser=0&hl=id&rclk=1,-8.4024003,114.6068545,https://www.tiktok.com/@kulinernegaroa/video/7269727522043055366,https://www.tiktok.com/@anitayusnita6/video/7304957794564738309,https://www.tiktok.com/@anitayusnita6/video/7351280478944644357
435,Warung tepi pantai Rest Area,Jembrana,4.4,1150,Sunset & View | Work from Cafe | Vibrant Nightlife,"['perjalanan', 'pantainya', 'tempat istirahat', 'bakso', 'ombak', 'sunset']",Rp 50–150k,Sunset jam 5–7pm,https://www.google.com/maps/place/Warung+tepi+pantai+Rest+Area/data=!4m7!3m6!1s0x2dd22d22dcda993d:0x344243cb25c76708!8m2!3d-8.4653741!4d114.9135995!16s%2Fg%2F11c6dvb9wj!19sChIJPZna3CIt0i0RCGfHJctDQjQ?authuser=0&hl=id&rclk=1,-8.4653741,114.9135995,https://www.tiktok.com/@kakross20/video/7524897347466284296,https://www.tiktok.com/@tama_berjaya/video/7572250897565207815,https://www.tiktok.com/@frontrowscentelier/video/7624438043927121172
436,Pantai Pebuahan,Jembrana,4.1,333,Sunset & View | Work from Cafe | Vibrant Nightlife,"['abrasi', 'ikan bakar', 'seafood', 'warung', 'ombak', 'sore']",Rp 30–100k,Sunset jam 5–7pm,https://www.google.com/maps/place/Pantai+Pebuahan/data=!4m7!3m6!1s0x2dd1606edc4519df:0x7cb11caed1feef57!8m2!3d-8.3427649!4d114.5392853!16s%2Fg%2F11d_83wt47!19sChIJ3xlF3G5g0S0RV-_-0a4csXw?authuser=0&hl=id&rclk=1,-8.3427649,114.5392853,https://www.tiktok.com/@goddess.ira/video/7570578731639573781,https://www.tiktok.com/@deviandriyani17/video/7522802618423348486,https://www.tiktok.com/@ojololshop/video/7509473845443677448
437,Hinaoli Coffee Plus,Jembrana,4.9,40,Family Friendly | Work from Cafe | Vibrant Nightlife,"['ice', 'anak']",Rp 50–150k,Malam jam 7pm+,https://www.google.com/maps/place/Hinaoli+Coffee+Plus/data=!4m7!3m6!1s0x2dd163007d4e7ec1:0x69bdf6d6d86ea3ee!8m2!3d-8.3593303!4d114.6226308!16s%2Fg%2F11mz3q6hcp!19sChIJwX5OfQBj0S0R7qNu2Nb2vWk?authuser=0&hl=id&rclk=1,-8.3593303,114.6226308,https://www.tiktok.com/@hinaolicoffeeplus/video/7632607286904524053,,
438,Mieza Resto 2,Jembrana,4.3,40,Family Friendly | Work from Cafe | Vibrant Nightlife | Budget Friendly,"['luas', 'harga', 'makan bersama', 'ayunan', 'meeting', 'sungai']",Rp 15–50k,Malam jam 7pm+,https://www.google.com/maps/place/Mieza+Resto+2/data=!4m7!3m6!1s0x2dd163004d45c7b3:0xd81d160fcb3d83!8m2!3d-8.3577284!4d114.6246537!16s%2Fg%2F11v_2dnhx0!19sChIJs8dFTQBj0S0Rgz3LDxYd2AA?authuser=0&hl=id&rclk=1,-8.3577284,114.6246537,https://www.tiktok.com/@imel.bsa12/video/7470382714349292806,,
439,Kakiang Resto Pekutatan,Jembrana,4.9,72,Work from Cafe | Vibrant Nightlife | Budget Friendly,"['harga', 'ikan', 'pilihan', 'grill', 'local food', 'atmosphere']",Rp 15–50k,Malam jam 7pm+,https://www.google.com/maps/place/Kakiang+Resto+Pekutatan/data=!4m7!3m6!1s0x2dd3d529fb320c25:0x465354fa716311ae!8m2!3d-8.4216703!4d114.8211868!16s%2Fg%2F11ty1tw88m!19sChIJJQwy-ynV0y0RrhFjcfpUU0Y?authuser=0&hl=id&rclk=1,-8.4216703,114.8211868,https://www.tiktok.com/@kakiang.pekutatan/video/7581066522504842516,https://www.tiktok.com/@kakiang.pekutatan/video/7584069648073739541,https://www.tiktok.com/@kakiang.pekutatan/video/7598562200323902741
440,Pondok Waru Seafood,Jembrana,4.3,237,Sunset & View | Work from Cafe | Vibrant Nightlife | Budget Friendly,"['harga', 'ikan bakar', 'pantai', 'sambal', 'kelapa', 'sup']",Rp 15–50k,Sunset jam 5–7pm,https://www.google.com/maps/place/Pondok+Waru+Seafood/data=!4m7!3m6!1s0x2dd1607ac6f57f33:0x552a7ec4e99bbc0b!8m2!3d-8.3404629!4d114.5348873!16s%2Fg%2F1hm4nyxm4!19sChIJM3_1xnpg0S0RC7yb6cR-KlU?authuser=0&hl=id&rclk=1,-8.3404629,114.5348873,https://www.tiktok.com/@adivlog1603/video/7499361833480883477,https://www.tiktok.com/@warungpondokbawan/video/7478891828687817989,https://www.tiktok.com/@warungatassungaiayung/video/7582927851805035784
441,Nesate Negara,Jembrana,4.6,29,Sunset & View | Work from Cafe | Vibrant Nightlife | Budget Friendly,"['sawah', 'harga', 'pemandangan']",Rp 15–50k,Sunset jam 5–7pm,https://www.google.com/maps/place/Nesate+Negara/data=!4m7!3m6!1s0x2dd1614407462769:0x2e02e9a65299b5e7!8m2!3d-8.3473857!4d114.6158238!16s%2Fg%2F11pcn88njj!19sChIJaSdGB0Rh0S0R57WZUqbpAi4?authuser=0&hl=id&rclk=1,-8.3473857,114.6158238,https://www.tiktok.com/@nesate.negara3/video/7523869292824169733,,
442,MIEZA resto,Jembrana,3.1,11,Work from Cafe | Vibrant Nightlife | Budget Friendly,"['pelayanan', 'jeruk', 'goreng', 'harga']",Rp 15–50k,Malam jam 7pm+,https://www.google.com/maps/place/MIEZA+resto/data=!4m7!3m6!1s0x2dd163db0df4b111:0xcf642dd51d30f872!8m2!3d-8.3607104!4d114.6262352!16s%2Fg%2F11sj5q936y!19sChIJEbH0Ddtj0S0RcvgwHdUtZM8?authuser=0&hl=id&rclk=1,-8.3607104,114.6262352,https://www.tiktok.com/@imel.bsa12/video/7459337066850045190,https://www.tiktok.com/@imel.bsa12/video/7470382714349292806,https://www.tiktok.com/@nathalierompis/video/7478239084951915794
443,Dapur DBerangbang,Jembrana,4.7,84,Work from Cafe | Vibrant Nightlife | Budget Friendly,"['mujair', 'gurami', 'harga', 'bumbu', 'nasi', 'ayam bakar']",Rp 15–50k,Malam jam 7pm+,https://www.google.com/maps/place/Dapur+DBerangbang/data=!4m7!3m6!1s0x2dd161a8930b011b:0x4e95082e5738ce17!8m2!3d-8.3578077!4d114.6226839!16s%2Fg%2F11fm489ns_!19sChIJGwELk6hh0S0RF844Vy4IlU4?authuser=0&hl=id&rclk=1,-8.3578077,114.6226839,https://www.tiktok.com/@dapurdberangbang/video/6957274914474822914,,
444,Warung Nasi Tempong Sehati,Jembrana,4.5,266,Work from Cafe | Vibrant Nightlife | Budget Friendly,"['sambalnya', 'lauknya', 'pedas', 'harga', 'negara', 'enak']",Rp 15–50k,Malam jam 7pm+,https://www.google.com/maps/place/Warung+Nasi+Tempong+Sehati/data=!4m7!3m6!1s0x2dd1621fbb5e2f2d:0xcf7405cc7cd12bff!8m2!3d-8.3481348!4d114.6214255!16s%2Fg%2F11f359y749!19sChIJLS9eux9i0S0R_yvRfMwFdM8?authuser=0&hl=id&rclk=1,-8.3481348,114.6214255,https://www.tiktok.com/@dapur.pangat/video/7533220121410587912,https://www.tiktok.com/@ekstra_kurikuliner/video/7609860643415395605,https://www.tiktok.com/@bangdodo.id/video/7549786925897420038
445,Lesehan New Muara Indah,Jembrana,3.6,13,Work from Cafe | Vibrant Nightlife,['ikan'],Rp 30–100k,Malam jam 7pm+,https://www.google.com/maps/place/Lesehan+New+Muara+Indah/data=!4m7!3m6!1s0x2dd3df2f24cbdab7:0x786fcb976aecc348!8m2!3d-8.4023161!4d114.6056876!16s%2Fg%2F11f64f77kg!19sChIJt9rLJC_f0y0RSMPsapfLb3g?authuser=0&hl=id&rclk=1,-8.4023161,114.6056876,https://www.tiktok.com/@lesehandeandresto/video/7573698182794841362,https://www.tiktok.com/@edye_lanchenk87/video/7622634433908198676,https://www.tiktok.com/@endanglesmana123/video/7608943630178356500
446,CUP.eL Sunset & Space,Jembrana,4.7,440,Sunset & View | Work from Cafe | Vibrant Nightlife,"['pantai', 'pemandangan', 'cafe', 'estetik', 'daerah', 'duduk']",Rp 50–150k,Sunset jam 5–7pm,https://www.google.com/maps/place/CUP.eL+Sunset+%26+Space/data=!4m7!3m6!1s0x2dd1612db7c669bf:0x78bd6b1804e29497!8m2!3d-8.360342!4d114.5544179!16s%2Fg%2F11t1ldwwry!19sChIJv2nGty1h0S0Rl5TiBBhrvXg?authuser=0&hl=id&rclk=1,-8.360342,114.5544179,https://www.tiktok.com/@cup.el_official/video/7538315463718096146,https://www.tiktok.com/@cup.el_official/video/7604781931074456850,https://www.tiktok.com/@cup.el_official/video/7605894406209703186
447,Mai Malu,Jembrana,4.4,149,Work from Cafe | Vibrant Nightlife,[],Rp 50–150k,Malam jam 7pm+,https://www.google.com/maps/place/Mai+Malu/data=!4m7!3m6!1s0x2dd3d6a0e3683165:0x4e617c2766849353!8m2!3d-8.4184356!4d114.8066274!16s%2Fg%2F1hm6jfxfs!19sChIJZTFo46DW0y0RU5OEZid8YU4?authuser=0&hl=id&rclk=1,-8.4184356,114.8066274,https://www.tiktok.com/@ferrylebet/video/7489281351607160071,,
448,Nirwana Garden Bali,Jembrana,4.6,297,Sunset & View,"['restoran', 'transportasi umum', 'atm', 'foto', 'liburan', 'tempat wisata']",Rp 50–150k,Sunset jam 5–7pm,https://www.google.com/maps/place/Nirwana+Garden+Bali/data=!4m7!3m6!1s0x2dd1637df0d80157:0x5ed5f526b408c526!8m2!3d-8.3312928!4d114.6396451!16s%2Fg%2F11pz0q8vwv!19sChIJVwHY8H1j0S0RJsUItCb11V4?authuser=0&hl=id&rclk=1,-8.3312928,114.6396451,https://www.tiktok.com/@nirwanagardenbali/video/7586180845635915029,https://www.tiktok.com/@nirwanagardenbali/video/7632520276659424533,https://www.tiktok.com/@nirwanagardenbali/video/7376877485939494150
449,LN Fortunate Coffee - Negara,Jembrana,5.0,38,Work from Cafe | Vibrant Nightlife | Budget Friendly,"['vegan', 'selatan', 'masakan indonesia', 'strategis', 'mie', 'latte']",Rp 15–50k,Malam jam 7pm+,https://www.google.com/maps/place/LN+Fortunate+Coffee+-+Negara/data=!4m7!3m6!1s0x2dd16157031ecfef:0x2c147ec415aabc68!8m2!3d-8.3577556!4d114.6182265!16s%2Fg%2F11rzcnznc9!19sChIJ788eA1dh0S0RaLyqFcR-FCw?authuser=0&hl=id&rclk=1,-8.3577556,114.6182265,https://www.tiktok.com/@ymtbhenhaobali/video/7637376805493591317,https://www.tiktok.com/@fortunatekapal/video/7397383715640610054,https://www.tiktok.com/@karanglilabhuana/video/7635984713294810389
450,Ireng Kopi,Jembrana,4.4,553,Family Friendly | Work from Cafe | Vibrant Nightlife | Budget Friendly,"['harga', 'negara', 'donat', 'wifi', 'anak', 'pelayanan']",Rp 15–50k,Malam jam 7pm+,https://www.google.com/maps/place/Ireng+Kopi/data=!4m7!3m6!1s0x2dd1620326273ab9:0x19d3b2eb46d28226!8m2!3d-8.3609504!4d114.6305467!16s%2Fg%2F11cndc1621!19sChIJuTonJgNi0S0RJoLSRuuy0xk?authuser=0&hl=id&rclk=1,-8.3609504,114.6305467,https://www.tiktok.com/@lordwahgun/video/7282707449100946694,https://www.tiktok.com/@irengkopi.apresiasi/video/7437894701023366418,https://www.tiktok.com/@wiriantana022/video/7476386755244182790
451,Bitedown (eatery),Jembrana,4.2,88,Family Friendly | Work from Cafe | Vibrant Nightlife,"['anak', 'duduk', 'pedas', 'mewah', 'teh tarik', 'roti maryam']",Rp 30–100k,Malam jam 7pm+,https://www.google.com/maps/place/Bitedown+%28eatery%29/data=!4m7!3m6!1s0x2dd163565964079d:0xbbf8506d1b7ec796!8m2!3d-8.3637039!4d114.6291499!16s%2Fg%2F11j4pxd6p0!19sChIJnQdkWVZj0S0Rlsd-G21Q-Ls?authuser=0&hl=id&rclk=1,-8.3637039,114.6291499,,,
452,Rejuvenate Resort & Restaurant,Jembrana,4.8,16,Sunset & View | Work from Cafe | Vibrant Nightlife | Budget Friendly,"['restoran', 'pantai', 'makan siang', 'staycation', 'harga']",Rp 15–50k,Sunset jam 5–7pm,https://www.google.com/maps/place/Rejuvenate+Resort+%26+Restaurant/data=!4m10!3m9!1s0x2dd3d3c90043a8e1:0x341f7b2a91f484c5!5m2!4m1!1i2!8m2!3d-8.4576848!4d114.9008086!16s%2Fg%2F11vbf40bw1!19sChIJ4ahDAMnT0y0RxYT0kSp7HzQ?authuser=0&hl=id&rclk=1,-8.4576848,114.9008086,https://www.tiktok.com/@catavacabali/video/7570579740013219080,https://www.tiktok.com/@catavacabali/video/7554625308410825995,https://www.tiktok.com/@catavacabali/video/7535314729095580934
453,Rest Area Pengeragoan,Jembrana,4.4,73,Sunset & View | Work from Cafe | Vibrant Nightlife,"['pantai', 'tempat istirahat']",Rp 50–150k,Sunset jam 5–7pm,https://www.google.com/maps/place/Rest+Area+Pengeragoan/data=!4m7!3m6!1s0x2dd22d01b5839ffd:0x863b96905eb175e9!8m2!3d-8.4599434!4d114.9050218!16s%2Fg%2F11hdkrtnhg!19sChIJ_Z-DtQEt0i0R6XWxXpCWO4Y?authuser=0&hl=id&rclk=1,-8.4599434,114.9050218,https://www.tiktok.com/@kecamatan.pekutatan/video/7554340472349609224,https://www.tiktok.com/@oa_crutt0221/video/7559967304650476812,https://www.tiktok.com/@.mrdt/video/7529035447348120839
454,Tteokbokki Ahjumma - Jimbaran,Badung,4.3,22,Work from Cafe | Vibrant Nightlife,['kaki'],Rp 50–150k,Malam jam 7pm+,https://www.google.com/maps/place/Tteokbokki+Ahjumma+-+Jimbaran/data=!4m7!3m6!1s0x2dd245ccd7b5cb41:0x9c172ea277d41aee!8m2!3d-8.802166!4d115.1751156!16s%2Fg%2F11spszthw1!19sChIJQcu118xF0i0R7hrUd6IuF5w?authuser=0&hl=id&rclk=1,-8.802166,115.1751156,,,
455,JFC Goa Gong,Badung,4.2,155,Work from Cafe | Vibrant Nightlife,"['pelayanan', 'ayam geprek', 'sambal matah', 'kasir', 'es teh', 'ukuran']",Rp 30–100k,Malam jam 7pm+,https://www.google.com/maps/place/JFC+Goa+Gong/data=!4m7!3m6!1s0x2dd2454b42d2f5d3:0x94b2a7605f61a7b8!8m2!3d-8.8028223!4d115.1765254!16s%2Fg%2F11h3qrhnjp!19sChIJ0_XSQktF0i0RuKdhX2CnspQ?authuser=0&hl=id&rclk=1,-8.8028223,115.1765254,https://www.tiktok.com/@jfc_goagong/video/7610656607130717448,https://www.tiktok.com/@jfc_goagong/video/7612840828020493586,https://www.tiktok.com/@jalannyasukses/video/7472386131334614327
456,Warung Puspa Masakan Khas Singaraja,Badung,4.1,505,Work from Cafe | Vibrant Nightlife,"['mahasiswa', 'nasi campur', 'babi kecap', 'kasir', 'babi genyol', 'bali']",Rp 30–100k,Malam jam 7pm+,https://www.google.com/maps/place/Warung+Puspa+Masakan+Khas+Singaraja/data=!4m7!3m6!1s0x2dd244bbc94fb263:0xbbe1343974e3630f!8m2!3d-8.8021229!4d115.1723485!16s%2Fg%2F11hb2rl440!19sChIJY7JPybtE0i0RD2PjdDk04bs?authuser=0&hl=id&rclk=1,-8.8021229,115.1723485,https://www.tiktok.com/@cielynn.dailylife/video/7351064390239603973,https://www.tiktok.com/@makanbarengvena/video/7344581821704785157,https://www.tiktok.com/@warungpuspa1/video/7322865756146846982
457,Fresh Soya CG,Badung,5.0,2,Work from Cafe | Vibrant Nightlife,[],Rp 50–150k,Malam jam 7pm+,https://www.google.com/maps/place/Fresh+Soya+CG/data=!4m7!3m6!1s0x2dd24510638a92eb:0xdbebd959db45648b!8m2!3d-8.7998739!4d115.1772403!16s%2Fg%2F11sh47xwpk!19sChIJ65KKYxBF0i0Ri2RF21nZ69s?authuser=0&hl=id&rclk=1,-8.7998739,115.1772403,https://www.tiktok.com/@soyajapanese/video/7630385226530819346,,
458,Warung Buleleng Asli,Badung,4.9,10,Work from Cafe | Vibrant Nightlife,[],Rp 50–150k,Malam jam 7pm+,https://www.google.com/maps/place/Warung+Buleleng+Asli/data=!4m7!3m6!1s0x2dd244ba5282d657:0xde858f61e76cef89!8m2!3d-8.802488!4d115.173364!16s%2Fg%2F11hcz0tjff!19sChIJV9aCUrpE0i0Rie9s52GPhd4?authuser=0&hl=id&rclk=1,-8.802488,115.173364,https://www.tiktok.com/@deliciousbalii/video/7603239705722817813,https://www.tiktok.com/@yansu_42/video/7625557536824904967,https://www.tiktok.com/@singarajaviral/video/7555691684382723339
459,Warung Madh'toya,Badung,3.7,312,Work from Cafe | Vibrant Nightlife,"['sambal', 'pesan', 'mahasiswa', 'kasir', 'orang', 'masak']",Rp 30–100k,Malam jam 7pm+,https://www.google.com/maps/place/Warung+Madh%27toya/data=!4m7!3m6!1s0x2dd244ba5282d6fb:0xb5203144034968f!8m2!3d-8.8002612!4d115.1720042!16s%2Fg%2F11fy_0z_lh!19sChIJ-9aCUrpE0i0Rj5Y0QBQDUgs?authuser=0&hl=id&rclk=1,-8.8002612,115.1720042,,,
460,Warung Dayuh Kelan,Badung,4.8,50,Work from Cafe | Vibrant Nightlife,"['seafood', 'sejuk', 'service', 'grill', 'nasi goreng', 'bandara']",Rp 50–150k,Malam jam 7pm+,https://www.google.com/maps/place/Warung+Dayuh+Kelan/data=!4m7!3m6!1s0x2dd245f6ec82c969:0xc3a4760794a18089!8m2!3d-8.7533974!4d115.1772913!16s%2Fg%2F11txq4xzc6!19sChIJacmC7PZF0i0RiYChlAd2pMM?authuser=0&hl=id&rclk=1,-8.7533974,115.1772913,https://www.tiktok.com/@fanisheku/video/7432162476420074759,https://www.tiktok.com/@dhanibywarungpurnama/video/7631132969914289429,https://www.tiktok.com/@warung.prapatan7/video/7632357057261260053
461,Milano,Badung,4.7,817,Work from Cafe | Vibrant Nightlife,"['cocktail', 'negroni', 'beach', 'burrata', 'feri', 'tuna']",Rp 80–200k,Malam jam 7pm+,https://www.google.com/maps/place/Milano/data=!4m7!3m6!1s0x2dd247f2720ec5a1:0xc824f803602bf3ac!8m2!3d-8.666467!4d115.1399617!16s%2Fg%2F11n0kjs_hm!19sChIJocUOcvJH0i0RrPMrYAP4JMg?authuser=0&hl=id&rclk=1,-8.666467,115.1399617,https://www.tiktok.com/@milanobali/video/7422152238778371334,https://www.tiktok.com/@milanobali/video/7532828046433340690,https://www.tiktok.com/@milanobali/video/7448112774581849349
462,Iwa Restaurant at Hotel Tugu Bali,Badung,4.8,367,Work from Cafe | Vibrant Nightlife,"['budaya', 'petang', 'service', 'kamis', 'presentasi', 'tari bali']",Rp 50–150k,Malam jam 7pm+,https://www.google.com/maps/place/Iwa+Restaurant+at+Hotel+Tugu+Bali/data=!4m7!3m6!1s0x2dd24787d0bd8785:0xf49b979252afa6de!8m2!3d-8.6584337!4d115.1303512!16s%2Fg%2F1pty7rc7j!19sChIJhYe90IdH0i0R3qavUpKXm_Q?authuser=0&hl=id&rclk=1,-8.6584337,115.1303512,https://www.tiktok.com/@theislandgirladventures/video/7499716324109667591,https://www.tiktok.com/@padmako_bali/video/7574043064637885716,https://www.tiktok.com/@tuguhotels/video/7441133395108842759
463,Warung Muslim Moro Seneng Ibu Tien,Badung,4.7,1553,Work from Cafe | Vibrant Nightlife,"['halal', 'pilihan', 'lauk', 'mobil', 'rawon', 'kuta']",Rp 150–400k,Malam jam 7pm+,https://www.google.com/maps/place/Warung+Muslim+Moro+Seneng+Ibu+Tien/data=!4m7!3m6!1s0x2dd246b1326734f7:0x8162d6bdeee3c344!8m2!3d-8.7184001!4d115.1808458!16s%2Fg%2F1hm3gt652!19sChIJ9zRnMrFG0i0RRMPj7r3WYoE?authuser=0&hl=id&rclk=1,-8.7184001,115.1808458,https://www.tiktok.com/@bclodyy/video/7303111235153693957,https://www.tiktok.com/@nozomiiiiix/video/7480472809689369874,https://www.tiktok.com/@dekamakandoang/video/7540979210001616136
464,Uma Garden Seminyak,Badung,4.7,1503,Sunset & View | Work from Cafe | Vibrant Nightlife,"['sawah', 'udang bakar', 'kroket daging sapi', 'hidangan rusia', 'provolone', 'pergola']",Rp 150–400k,Sunset jam 5–7pm,https://www.google.com/maps/place/Uma+Garden+Seminyak/data=!4m7!3m6!1s0x2dd24773adb6175f:0xc741a78a7aeadf9e!8m2!3d-8.6702886!4d115.1611274!16s%2Fg%2F11n0tjr8sb!19sChIJXxe2rXNH0i0Rnt_qeoqnQcc?authuser=0&hl=id&rclk=1,-8.6702886,115.1611274,https://www.tiktok.com/@sabcastic/video/7547534798357662994,https://www.tiktok.com/@nanddiee/video/7623342176730402066,https://www.tiktok.com/@febsarcane/video/7637828071277513992
465,La Baracca Bali,Badung,4.7,2304,Work from Cafe | Vibrant Nightlife,"['pelayanan', 'limoncello', 'diet bebas gluten', 'pizza burrata', 'vegan', 'driver']",Rp 150–400k,Malam jam 7pm+,https://www.google.com/maps/place/La+Baracca+Bali/data=!4m7!3m6!1s0x2dd2476afe514b8f:0xbcc6ee3897f983f!8m2!3d-8.6716547!4d115.1623758!16s%2Fg%2F11b7_0l45q!19sChIJj0tR_mpH0i0RP5h_ieNuzAs?authuser=0&hl=id&rclk=1,-8.6716547,115.1623758,https://www.tiktok.com/@katie.marie.gaudin/video/7526730791477333261,https://www.tiktok.com/@thelinenielsen/video/7517914962786848022,https://www.tiktok.com/@labaraccabali/video/7616579877872880914
466,Poppies Restaurant,Badung,4.4,1897,Work from Cafe | Vibrant Nightlife | Romantic & Cozy,"['taman', 'pina colada', 'kuta', 'rijsttafel', 'romantis', 'penolak serangga']",Rp 50–150k,Malam jam 7pm+,https://www.google.com/maps/place/Poppies+Restaurant/data=!4m7!3m6!1s0x2dd246bb90448cbf:0x57bda509b2e22edf!8m2!3d-8.7215714!4d115.1747266!16s%2Fg%2F1vntxzf1!19sChIJv4xEkLtG0i0R3y7isgmlvVc?authuser=0&hl=id&rclk=1,-8.7215714,115.1747266,https://www.tiktok.com/@lydiaoey/video/7444918131652431111,https://www.tiktok.com/@jenglucky/video/7456325498591825160,https://www.tiktok.com/@serendipitous_wanderlust/video/7589158380590140680
467,Bali Nikmat,Badung,4.5,3558,Work from Cafe | Vibrant Nightlife,"['kepiting soka', 'kepiting telur asin', 'restoran seafood', 'buncis', 'udang kipas', 'bumbu']",Rp 80–200k,Malam jam 7pm+,https://www.google.com/maps/place/Bali+Nikmat/data=!4m7!3m6!1s0x2dd246cec0e0373d:0xf26ec95ff3bc671!8m2!3d-8.7071279!4d115.1813612!16s%2Fg%2F11b8t8zf3q!19sChIJPTfgwM5G0i0RccY7_5XsJg8?authuser=0&hl=id&rclk=1,-8.7071279,115.1813612,https://www.tiktok.com/@balinikmatcoffee/video/7626216839718194452,https://www.tiktok.com/@balinikmatrestaurant/video/7568099951155236117,https://www.tiktok.com/@balinikmatrestaurant/video/7626279554642136340
468,The Capricorn Bali,Badung,4.9,567,Sunset & View | Work from Cafe | Vibrant Nightlife,"['breakfast', 'konser', 'nasi goreng', 'cafe', 'taco', 'shisha']",Rp 80–200k,Sunset jam 5–7pm,https://www.google.com/maps/place/The+Capricorn+Bali/data=!4m7!3m6!1s0x2dd23993607cca31:0x36f85c231e9d64f8!8m2!3d-8.6527137!4d115.1432078!16s%2Fg%2F11svdg9547!19sChIJMcp8YJM50i0R-GSdHiNc-DY?authuser=0&hl=id&rclk=1,-8.6527137,115.1432078,https://www.tiktok.com/@the.capricorn.bali/video/7514521076290964742,https://www.tiktok.com/@the.capricorn.bali/video/7516709486552239366,https://www.tiktok.com/@the.capricorn.bali/video/7523633841043475768
469,Daeng Burger Umalas - Bali,Badung,4.6,817,Work from Cafe | Vibrant Nightlife,"['milkshake', 'hot chicken', 'panini', 'chicken burger', 'pelayanan', 'halal']",Rp 80–200k,Malam jam 7pm+,https://www.google.com/maps/place/Daeng+Burger+Umalas+-+Bali/data=!4m7!3m6!1s0x2dd2470aaf7ddb83:0x24ade7c57c036a07!8m2!3d-8.6519892!4d115.1563074!16s%2Fg%2F11j9jp_pdz!19sChIJg9t9rwpH0i0RB2oDfMXnrSQ?authuser=0&hl=id&rclk=1,-8.6519892,115.1563074,https://www.tiktok.com/@yourcoin/video/7547585299887459589,https://www.tiktok.com/@vienesab/video/7619639660725292296,https://www.tiktok.com/@avent164/video/7567467260999109896
470,Warung Laota Sunset Road,Badung,4.4,5135,Work from Cafe | Vibrant Nightlife,"['bubur', 'cakwe', 'pelangi', 'juara', 'liburan', 'halal']",Rp 50–150k,Malam jam 7pm+,https://www.google.com/maps/place/Warung+Laota+Sunset+Road/data=!4m7!3m6!1s0x2dd246d1d840e413:0x5f448933cde8b439!8m2!3d-8.7028858!4d115.1807983!16s%2Fg%2F11b6v12r__!19sChIJE-RA2NFG0i0RObTozTOJRF8?authuser=0&hl=id&rclk=1,-8.7028858,115.1807983,https://www.tiktok.com/@tfudhinesya/video/7495699480725966098,https://www.tiktok.com/@marvel_mo8/video/7606146091318381842,https://www.tiktok.com/@vannesswongsodihardjo1/video/7629201018374360340
471,Warung Kampung Indonesian Restaurant,Badung,4.6,1037,Sunset & View | Work from Cafe | Vibrant Nightlife,"['nasi goreng', 'mi goreng', 'makanan lokal', 'service', 'beer', 'uang']",Rp 80–200k,Sunset jam 5–7pm,https://www.google.com/maps/place/Warung+Kampung+Indonesian+Restaurant/data=!4m7!3m6!1s0x2dd246c17d3609b3:0x1346e07172952662!8m2!3d-8.7091204!4d115.1690755!16s%2Fg%2F11cn687ths!19sChIJswk2fcFG0i0RYiaVcnHgRhM?authuser=0&hl=id&rclk=1,-8.7091204,115.1690755,https://www.tiktok.com/@aussietravelgal/video/7609071806040788245,https://www.tiktok.com/@aussietravelgal/video/7556066217354628370,https://www.tiktok.com/@.appii/video/7590270436382919943
472,Merah Putih,Badung,4.5,2876,Work from Cafe | Vibrant Nightlife,"['makanan indonesia', 'menu degustasi', 'bali', 'pipi sapi', 'kepiting soka', 'arsitektur']",Rp 80–200k,Malam jam 7pm+,https://www.google.com/maps/place/Merah+Putih/data=!4m7!3m6!1s0x2dd247128bd14a93:0x4120f69ff839482d!8m2!3d-8.6767071!4d115.1545607!16s%2Fg%2F12qg3fxg8!19sChIJk0rRixJH0i0RLUg5-J_2IEE?authuser=0&hl=id&rclk=1,-8.6767071,115.1545607,https://www.tiktok.com/@empactfultravels/video/7636953654485929223,https://www.tiktok.com/@louise_marl3ne/video/7558749777039510795,https://www.tiktok.com/@cuginicucina/video/7398421086355901704
473,PANTAREI bali,Badung,4.4,518,Family Friendly | Work from Cafe | Vibrant Nightlife,"['hidangan yunani', 'band', 'souvlaki', 'gyro', 'moussaka', 'hummus']",Rp 50–150k,Malam jam 7pm+,https://www.google.com/maps/place/PANTAREI+bali/data=!4m7!3m6!1s0x2dd2471ca8c4461f:0xe484ef2ef24d7fa5!8m2!3d-8.6533161!4d115.1540683!16s%2Fg%2F1v_x6w28!19sChIJH0bEqBxH0i0RpX9N8i7vhOQ?authuser=0&hl=id&rclk=1,-8.6533161,115.1540683,,,
474,Warung Laota Tuban,Badung,4.5,9421,Work from Cafe | Vibrant Nightlife,"['bubur', 'cakwe', 'juara', 'bandara', 'pelangi', 'kerapu']",Rp 80–200k,Malam jam 7pm+,https://www.google.com/maps/place/Warung+Laota+Tuban/data=!4m7!3m6!1s0x2dd246a81d40b695:0xf9b2f6fe3647dd87!8m2!3d-8.7334797!4d115.1777959!16s%2Fg%2F11g_1p_g1!19sChIJlbZAHahG0i0Rh91HNv72svk?authuser=0&hl=id&rclk=1,-8.7334797,115.1777959,https://www.tiktok.com/@balireporter/video/7628139694160661780,https://www.tiktok.com/@ybearv/video/7547703317229604113,https://www.tiktok.com/@toetwilet/video/7553462176342641932
475,Bollywood masalaz - Best Indian Restaurant In Kuta Bali,Badung,4.7,2504,Work from Cafe | Vibrant Nightlife,"['briyani', 'ayam mentega', 'naan', 'ayam tikka masala', 'nonvegetarian', 'shisha']",Rp 150–400k,Malam jam 7pm+,https://www.google.com/maps/place/Bollywood+masalaz+-+Best+Indian+Restaurant+In+Kuta+Bali/data=!4m7!3m6!1s0x2dd2472c32563a53:0x3818948eb0d55f62!8m2!3d-8.731795!4d115.1674297!16s%2Fg%2F11fn9v0ltt!19sChIJUzpWMixH0i0RYl_VsI6UGDg?authuser=0&hl=id&rclk=1,-8.731795,115.1674297,https://www.tiktok.com/@bollywood.masalaz/video/7600068530322558215,https://www.tiktok.com/@bollywood.masalaz/video/7601072379342736648,https://www.tiktok.com/@bollywood.masalaz/video/7532730207023680824
476,Sambal Shrimp Restaurant & Bar,Badung,4.6,2147,Work from Cafe | Vibrant Nightlife,"['tari bali', 'kakap merah', 'lemongrass', 'kuliner', 'gantungan kunci', 'gurita pasifik utara']",Rp 80–200k,Malam jam 7pm+,https://www.google.com/maps/place/Sambal+Shrimp+Restaurant+%26+Bar/data=!4m7!3m6!1s0x2dd24717eecc90af:0x3f0f47c738d9e9b5!8m2!3d-8.6829378!4d115.1644454!16s%2Fg%2F1ptyrw31g!19sChIJr5DM7hdH0i0RtenZOMdHDz8?authuser=0&hl=id&rclk=1,-8.6829378,115.1644454,https://www.tiktok.com/@sambalshrimp/video/7632245487122369810,https://www.tiktok.com/@sambalshrimp/video/7528748328398425352,https://www.tiktok.com/@sambalshrimp/video/7529095929899584775
477,Hog Wild | Best Pork Ribs Restaurant,Badung,4.6,3295,Work from Cafe | Vibrant Nightlife,"['pork knuckle', 'pork belly', 'sate', 'martini', 'saus bbq', 'bali']",Rp 80–200k,Malam jam 7pm+,https://www.google.com/maps/place/Hog+Wild+%7C+Best+Pork+Ribs+Restaurant/data=!4m7!3m6!1s0x2dd2476d0c51e51d:0x16d072c8a85cead1!8m2!3d-8.673054!4d115.1491878!16s%2Fg%2F11gzbr1mt!19sChIJHeVRDG1H0i0R0epcqMhy0BY?authuser=0&hl=id&rclk=1,-8.673054,115.1491878,https://www.tiktok.com/@hogwild.bali/video/7374420053816610054,https://www.tiktok.com/@shelby.wu/video/7314199285577420038,https://www.tiktok.com/@deliciousbalii/video/7354255677805628677
478,Sunda Kelapa Tuban,Badung,4.6,940,Work from Cafe | Vibrant Nightlife,"['soto betawi', 'otak otak', 'masakan indonesia', 'soto mie', 'bandara', 'service']",Rp 80–200k,Malam jam 7pm+,https://www.google.com/maps/place/Sunda+Kelapa+Tuban/data=!4m7!3m6!1s0x2dd2441c7ebb256d:0xe75618e44c391ff7!8m2!3d-8.7387299!4d115.1738644!16s%2Fg%2F1hm4gvlpg!19sChIJbSW7fhxE0i0R9x85TOQYVuc?authuser=0&hl=id&rclk=1,-8.7387299,115.1738644,https://www.tiktok.com/@sunda.kelapa.bali/video/7576678779817348368,https://www.tiktok.com/@sunda.kelapa.bali/video/7591815023127694599,https://www.tiktok.com/@sunda.kelapa.bali/video/7564217611307797768
479,Bollywood Indian Cuisine Ubud,Gianyar,4.8,9605,Work from Cafe | Vibrant Nightlife,"['konser', 'penyanyi', 'ubud palace', 'shisha', 'zaman', 'lilin']",Rp 150–400k,Malam jam 7pm+,https://www.google.com/maps/place/Bollywood+Indian+Cuisine+Ubud/data=!4m7!3m6!1s0x2dd23d806c2fe381:0x14b6d7513d0d465d!8m2!3d-8.507673!4d115.262262!16s%2Fg%2F11frp11bh5!19sChIJgeMvbIA90i0RXUYNPVHXthQ?authuser=0&hl=id&rclk=1,-8.507673,115.262262,https://www.tiktok.com/@bollywoodindiancuisine/video/7537286305089162504,https://www.tiktok.com/@foodbeacon/video/7471256801229475078,https://www.tiktok.com/@olfa1122/video/7276018097071443232
480,Posatry Kitchen,Gianyar,4.8,286,Family Friendly | Work from Cafe | Vibrant Nightlife | Budget Friendly,"['sushi', 'harga', 'mac n cheese', 'luas', 'take away', 'bau']",Rp 15–50k,Malam jam 7pm+,https://www.google.com/maps/place/Posatry+Kitchen/data=!4m7!3m6!1s0x2dd21777311a04b9:0x72a10ccc1a4b6c62!8m2!3d-8.5422516!4d115.3175043!16s%2Fg%2F11smvgj2wl!19sChIJuQQaMXcX0i0RYmxLGswMoXI?authuser=0&hl=id&rclk=1,-8.5422516,115.3175043,https://www.tiktok.com/@igwulan_826/video/7552119214086147339,https://www.tiktok.com/@itsdyahp/video/7579784625476701447,https://www.tiktok.com/@risa.herlina_/video/7575130618472828168
481,Rumah Sambal Bakar,Gianyar,4.7,1404,Family Friendly | Work from Cafe | Vibrant Nightlife,"['pedas', 'playground', 'empuk', 'pelakor', 'gurame', 'ayam bakar']",Rp 150–400k,Malam jam 7pm+,https://www.google.com/maps/place/Rumah+Sambal+Bakar/data=!4m7!3m6!1s0x2dd2174504ca9987:0xb4e7a0cb3ab72d20!8m2!3d-8.542277!4d115.314267!16s%2Fg%2F11x5fnw7rr!19sChIJh5nKBEUX0i0RIC23Osug57Q?authuser=0&hl=id&rclk=1,-8.542277,115.314267,https://www.tiktok.com/@rumahsambalbakar/video/7533205173926120710,https://www.tiktok.com/@baelove2__/video/7576955365313531156,https://www.tiktok.com/@waroengsambalbakarid/video/7585490079645224200
482,Taroo Ubud,Gianyar,4.8,1476,Sunset & View | Family Friendly | Work from Cafe | Vibrant Nightlife,"['sawah', 'playground', 'kolam air hangat', 'kids friendly', 'liburan', 'towel']",Rp 150–400k,Sunset jam 5–7pm,https://www.google.com/maps/place/Taroo+Ubud/data=!4m7!3m6!1s0x2dd23dc3d00df0af:0x5455ad5b87368439!8m2!3d-8.5570877!4d115.2741633!16s%2Fg%2F11jyn3_14s!19sChIJr_AN0MM90i0ROYQ2h1utVVQ?authuser=0&hl=id&rclk=1,-8.5570877,115.2741633,https://www.tiktok.com/@bydyanptrw/video/7550123605770718485,https://www.tiktok.com/@udinkuliner/video/7633377791827856647,https://www.tiktok.com/@tarooubud/video/7633661943051537685
483,Paoman Restaurant,Gianyar,4.9,460,Sunset & View | Work from Cafe | Vibrant Nightlife,"['indonesia', 'nanas', 'sate', 'nasi goreng', 'sawah', 'musik akustik']",Rp 50–150k,Sunset jam 5–7pm,https://www.google.com/maps/place/Paoman+Restaurant/data=!4m7!3m6!1s0x2dd22351b8581ae9:0xa4346421d208408c!8m2!3d-8.4228623!4d115.2683152!16s%2Fg%2F11vkcj25js!19sChIJ6RpYuFEj0i0RjEAI0iFkNKQ?authuser=0&hl=id&rclk=1,-8.4228623,115.2683152,,,
484,StarPizza Gianyar,Gianyar,4.8,184,Family Friendly | Work from Cafe | Vibrant Nightlife | Budget Friendly,"['harga', 'pelayanan', 'pesan', 'steaknya', 'anak', 'nyamuk']",Rp 15–50k,Malam jam 7pm+,https://www.google.com/maps/place/StarPizza+Gianyar/data=!4m7!3m6!1s0x2dd217e1348a9d23:0xb33a19f76290819e!8m2!3d-8.5468085!4d115.3246652!16s%2Fg%2F11sj8nkrdl!19sChIJI52KNOEX0i0RnoGQYvcZOrM?authuser=0&hl=id&rclk=1,-8.5468085,115.3246652,https://www.tiktok.com/@starpizzagianyar/video/7638876618349382933,https://www.tiktok.com/@gexerra_lianawitadharma/video/7548071967807802631,https://www.tiktok.com/@starpizza_bali/video/7561636066525056312
485,Restoran Kongkow Gianyar,Gianyar,4.5,13,Work from Cafe | Vibrant Nightlife | Budget Friendly,"['nama', 'harga']",Rp 15–50k,Malam jam 7pm+,https://www.google.com/maps/place/Restoran+Kongkow+Gianyar/data=!4m7!3m6!1s0x2dd217930abf0371:0xebdf758c3a987917!8m2!3d-8.5459229!4d115.3236932!16s%2Fg%2F11l20jvdy2!19sChIJcQO_CpMX0i0RF3mYOox13-s?authuser=0&hl=id&rclk=1,-8.5459229,115.3236932,,,
486,GRAHA WANGI,Gianyar,4.5,206,Family Friendly | Work from Cafe | Vibrant Nightlife | Budget Friendly,"['playground', 'harga', 'pelayanan', 'meeting', 'nasi goreng', 'steak']",Rp 15–50k,Malam jam 7pm+,https://www.google.com/maps/place/GRAHA+WANGI/data=!4m7!3m6!1s0x2dd2173905474bb9:0xa83c8e43f26435be!8m2!3d-8.5393893!4d115.327396!16s%2Fg%2F11sy3hb5jg!19sChIJuUtHBTkX0i0RvjVk8kOOPKg?authuser=0&hl=id&rclk=1,-8.5393893,115.327396,https://www.tiktok.com/@desyaristaputu/video/7529798549375094023,https://www.tiktok.com/@grahawangi.gianyar/video/7514222260140412178,https://www.tiktok.com/@grahawangi.gianyar/video/7571308355591949575
487,Warung Bendega Lebih,Gianyar,4.3,867,Sunset & View | Work from Cafe | Vibrant Nightlife,"['bumbu', 'pinggir pantai', 'kakap', 'sate lilit', 'plecing', 'telur ikan']",Rp 50–150k,Sunset jam 5–7pm,https://www.google.com/maps/place/Warung+Bendega+Lebih/data=!4m7!3m6!1s0x2dd2157fe4269809:0xf8c531286a74c833!8m2!3d-8.580907!4d115.3552549!16s%2Fg%2F11f6cs47l8!19sChIJCZgm5H8V0i0RM8h0aigxxfg?authuser=0&hl=id&rclk=1,-8.580907,115.3552549,https://www.tiktok.com/@dewata.tour.bali/video/7579984705760529685,https://www.tiktok.com/@ronisugiananews/video/7632188987603569921,https://www.tiktok.com/@ronisugiananews/video/7631448107883973889
488,Boni Bali Restaurant,Gianyar,4.3,253,Sunset & View | Work from Cafe | Vibrant Nightlife | Budget Friendly,"['harga', 'sawah', 'wisata', 'service', 'nasi goreng', 'lembah']",Rp 15–50k,Sunset jam 5–7pm,https://www.google.com/maps/place/Boni+Bali+Restaurant/data=!4m7!3m6!1s0x2dd2227e91c7eed9:0xdf1529aee8bd7afd!8m2!3d-8.4260853!4d115.2801331!16s%2Fg%2F1pzrdx_zh!19sChIJ2e7HkX4i0i0R_Xq96K4pFd8?authuser=0&hl=id&rclk=1,-8.4260853,115.2801331,https://www.tiktok.com/@bonibalitegallalang/video/7599493633758252295,https://www.tiktok.com/@bonibalitegallalang/video/7525775716797910277,https://www.tiktok.com/@novamel69/video/7619642538642640136
489,Nais Coffee & Eatery,Gianyar,4.7,109,Sunset & View | Work from Cafe | Vibrant Nightlife | Budget Friendly,"['harga', 'cafe', 'sarapan', 'sawah', 'atmosphere', 'tomyam']",Rp 15–50k,Sunset jam 5–7pm,https://www.google.com/maps/place/Nais+Coffee+%26+Eatery/data=!4m7!3m6!1s0x2dd2230034e27d55:0x1215c3039daaa834!8m2!3d-8.461324!4d115.2722266!16s%2Fg%2F11wxqm3yx9!19sChIJVX3iNAAj0i0RNKiqnQPDFRI?authuser=0&hl=id&rclk=1,-8.461324,115.2722266,https://www.tiktok.com/@nais.bali/video/7577761793724910868,https://www.tiktok.com/@.patcruz/video/7548036802032962834,https://www.tiktok.com/@nais.bali/video/7573216773596613909
490,Warung Indah II (cabang pantai lebih),Gianyar,4.5,718,Work from Cafe | Vibrant Nightlife,"['sup', 'sate lilit', 'kepala ikan', 'ikan bakar', 'bakso ikan', 'bali']",Rp 80–200k,Malam jam 7pm+,https://www.google.com/maps/place/Warung+Indah+II+%28cabang+pantai+lebih%29/data=!4m7!3m6!1s0x2dd2150dd1466f49:0x14bdba12a40817a4!8m2!3d-8.5794052!4d115.354749!16s%2Fg%2F11h3m9b7wq!19sChIJSW9G0Q0V0i0RpBcIpBK6vRQ?authuser=0&hl=id&rclk=1,-8.5794052,115.354749,https://www.tiktok.com/@mikominority/video/7490088574562438407,https://www.tiktok.com/@bundaarbychannel/video/7546869349089299768,https://www.tiktok.com/@ronisugiananews/video/7546566082497187077
491,Citrus Restaurant Ubud,Gianyar,4.9,251,Sunset & View | Work from Cafe | Vibrant Nightlife,"['sarapan', 'anom', 'tim', 'senyum', 'atmosphere', 'keramahan']",Rp 50–150k,Sunset jam 5–7pm,https://www.google.com/maps/place/Citrus+Restaurant+Ubud/data=!4m7!3m6!1s0x2dd2173bc959e315:0x30c7f44d0189d74!8m2!3d-8.5056846!4d115.2912643!16s%2Fg%2F11x1fb0yjs!19sChIJFeNZyTsX0i0RdJ0Y0ER_DAM?authuser=0&hl=id&rclk=1,-8.5056846,115.2912643,https://www.tiktok.com/@intankusumasari1/video/7602861057748536597,https://www.tiktok.com/@jihanaldo7/video/7603266132115606804,https://www.tiktok.com/@foodbali/video/7603214246817697044
492,Yeh Pulu Cafe,Gianyar,4.7,199,Sunset & View | Work from Cafe | Vibrant Nightlife | Budget Friendly,"['persawahan', 'taman', 'sarapan', 'harga', 'bali', 'atmosphere']",Rp 15–50k,Sunset jam 5–7pm,https://www.google.com/maps/place/Yeh+Pulu+Cafe/data=!4m7!3m6!1s0x2dd2162e5e2e0e5b:0x5afd61c7650ebf1b!8m2!3d-8.5296983!4d115.2929774!16s%2Fg%2F11b6_p2g1m!19sChIJWw4uXi4W0i0RG78OZcdh_Vo?authuser=0&hl=id&rclk=1,-8.5296983,115.2929774,https://www.tiktok.com/@khanapertiwi/video/7570636087995944200,https://www.tiktok.com/@thaliataylor/video/7469400928001772846,https://www.tiktok.com/@okajourney/video/7592202546714889490
493,Keramas Aero Park,Gianyar,4.3,1242,Sunset & View | Work from Cafe | Vibrant Nightlife,"['pesawat', 'sawah', 'foto', 'pemandangan', 'kokpit', 'sayap']",Rp 50–150k,Sunset jam 5–7pm,https://www.google.com/maps/place/Keramas+Aero+Park/data=!4m7!3m6!1s0x2dd21453f637f5f1:0x59852dc286de007b!8m2!3d-8.5951602!4d115.3378026!16s%2Fg%2F11c55vg5yq!19sChIJ8fU39lMU0i0RewDehsIthVk?authuser=0&hl=id&rclk=1,-8.5951602,115.3378026,https://www.tiktok.com/@dswnkfswksew/video/7501122243368406290,https://www.tiktok.com/@keramasaeropark_official/video/7393292426615557381,https://www.tiktok.com/@professional_academy5758/video/7583343425521519892
494,Lukisan Coffee,Gianyar,4.7,661,Work from Cafe | Vibrant Nightlife,"['pelayanan', 'hot cappuccino', 'latte', 'burger', 'estetik', 'rice']",Rp 80–200k,Malam jam 7pm+,https://www.google.com/maps/place/Lukisan+Coffee/data=!4m7!3m6!1s0x2dd217a6149c1cdb:0xf41cf82a0a51bd54!8m2!3d-8.5483094!4d115.3257706!16s%2Fg%2F11llgqfsjz!19sChIJ2xycFKYX0i0RVL1RCir4HPQ?authuser=0&hl=id&rclk=1,-8.5483094,115.3257706,https://www.tiktok.com/@lukisancoffee_/video/7571098506862136597,https://www.tiktok.com/@foodroute.bali/video/7608194370164067604,https://www.tiktok.com/@tgcbali/video/7604769389568625941
495,Terrace Restaurant,Gianyar,4.7,154,Work from Cafe | Vibrant Nightlife | Romantic & Cozy,"['sarapan', 'romantis', 'keindahan', 'bali', 'hutan rimba', 'tomyam']",Rp 50–150k,Malam jam 7pm+,https://www.google.com/maps/place/Terrace+Restaurant/data=!4m7!3m6!1s0x2dd23d30ad2ba20d:0xb6b4b7f2dd7ca0f7!8m2!3d-8.4959734!4d115.2538455!16s%2Fg%2F1pztywt29!19sChIJDaIrrTA90i0R96B83fK3tLY?authuser=0&hl=id&rclk=1,-8.4959734,115.2538455,https://www.tiktok.com/@shara_layla/video/7572702316709776663,https://www.tiktok.com/@pov.journeys30/video/7553669078930443527,https://www.tiktok.com/@ele.restaurant/video/7583954743718956309
496,Tangi Restaurant,Gianyar,4.6,45,Sunset & View | Work from Cafe | Vibrant Nightlife,"['vegan', 'vegetarian', 'kolam renang', 'nangka', 'sawah', 'mede']",Rp 50–150k,Sunset jam 5–7pm,https://www.google.com/maps/place/Tangi+Restaurant/data=!4m7!3m6!1s0x2dd23d9afa51cee5:0xc2d1e728a473aa39!8m2!3d-8.5373257!4d115.2682632!16s%2Fg%2F11t6tbdz67!19sChIJ5c5R-po90i0ROapzpCjn0cI?authuser=0&hl=id&rclk=1,-8.5373257,115.2682632,https://www.tiktok.com/@gdasbali/video/7504552695538126087,https://www.tiktok.com/@gdasbali/video/7534550859297082631,https://www.tiktok.com/@gdasbali/video/7480755259518799112
497,Kaukau Restaurant Ubud,Gianyar,4.9,487,Sunset & View | Work from Cafe | Vibrant Nightlife,"['kolam renang', 'resort', 'alam', 'cocktail', 'tari bali', 'hutan rimba']",Rp 50–150k,Sunset jam 5–7pm,https://www.google.com/maps/place/Kaukau+Restaurant+Ubud/data=!4m7!3m6!1s0x2dd23d7cbe0a888b:0x2085185d0d16ad18!8m2!3d-8.5222661!4d115.2528255!16s%2Fg%2F11fjxx8886!19sChIJi4gKvnw90i0RGK0WDV0YhSA?authuser=0&hl=id&rclk=1,-8.5222661,115.2528255,https://www.tiktok.com/@arkamaradijiwa.ubud/video/7520511059241848071,https://www.tiktok.com/@arkamaradijiwa.ubud/video/7569093189332634888,https://www.tiktok.com/@elasaalim/video/7544271838537387319
498,CHORA Mediterranean Restaurant & Bar,Gianyar,4.9,4660,Work from Cafe | Vibrant Nightlife,"['honeymoon', 'sushi', 'tulang t', 'risotto jamur', 'inna', 'kue keju mangga']",Rp 150–400k,Malam jam 7pm+,https://www.google.com/maps/place/CHORA+Mediterranean+Restaurant+%26+Bar/data=!4m7!3m6!1s0x2dd23d90c6c30f95:0x5a4dd0b17d123818!8m2!3d-8.5117558!4d115.2584979!16s%2Fg%2F11ryqx7mg_!19sChIJlQ_DxpA90i0RGDgSfbHQTVo?authuser=0&hl=id&rclk=1,-8.5117558,115.2584979,https://www.tiktok.com/@georgiarosetravels/video/7540539812638362902,https://www.tiktok.com/@tebasaribarlounge/video/7633745552731163912,https://www.tiktok.com/@travelwithjosandcon/video/7450777067853040903
499,Ada Ubud Resto,Gianyar,4.8,193,Work from Cafe | Vibrant Nightlife,"['cocktail', 'atmosphere', 'service', 'kebaikan', 'nasi goreng', 'dinner']",Rp 50–150k,Malam jam 7pm+,https://www.google.com/maps/place/Ada+Ubud+Resto/data=!4m7!3m6!1s0x2dd23ded769e553d:0x9aae9471991d6877!8m2!3d-8.511642!4d115.2609932!16s%2Fg%2F11t_rlkwtx!19sChIJPVWedu090i0Rd2gdmXGUrpo?authuser=0&hl=id&rclk=1,-8.511642,115.2609932,https://www.tiktok.com/@balitravelfolder/video/7597645854610050312,https://www.tiktok.com/@balitravelfolder/video/7498671227741965576,https://www.tiktok.com/@makanmelali.bali/video/7620651466096790801
500,Arcadia Restaurant Ubud,Gianyar,4.9,1419,Work from Cafe | Vibrant Nightlife,"['hidangan', 'sungai', 'honeymoon', 'amusebouche', 'menu degustasi', 'hima']",Rp 150–400k,Malam jam 7pm+,https://www.google.com/maps/place/Arcadia+Restaurant+Ubud/data=!4m7!3m6!1s0x2dd23d4e11cecd6d:0x897de572cb9413fe!8m2!3d-8.5050032!4d115.254422!16s%2Fg%2F11sbfxp6rc!19sChIJbc3OEU490i0R_hOUy3LlfYk?authuser=0&hl=id&rclk=1,-8.5050032,115.254422,https://www.tiktok.com/@yunxdil/video/7555885775921876235,https://www.tiktok.com/@mitusova__tanya/video/7615724290524155156,https://www.tiktok.com/@amylifeinbali/video/7563123234879671574
501,TERRACOTTA Restaurant @ Mathis Retreat,Gianyar,4.7,629,Sunset & View | Work from Cafe | Vibrant Nightlife | Romantic & Cozy,"['sawah', 'makan malam', 'atmosphere', 'musik', 'kolam renang', 'the view']",Rp 80–200k,Sunset jam 5–7pm,https://www.google.com/maps/place/TERRACOTTA+Restaurant+@+Mathis+Retreat/data=!4m7!3m6!1s0x2dd23d32bbf1e903:0xd7a9260ab4b6d98f!8m2!3d-8.4864353!4d115.2489039!16s%2Fg%2F1pzwp_vln!19sChIJA-nxuzI90i0Rj9m2tAomqdc?authuser=0&hl=id&rclk=1,-8.4864353,115.2489039,https://www.tiktok.com/@dijiwasanctuaries/video/7465662020990389510,https://www.tiktok.com/@dijiwasanctuaries/video/7486450239184915717,https://www.tiktok.com/@archelquincy/video/7517288719854882066
502,NAD Coffee & Eatery,Gianyar,4.6,669,Sunset & View | Work from Cafe | Vibrant Nightlife,"['sungai', 'suara', 'nasi', 'pesan', 'santai', 'nachos']",Rp 80–200k,Sunset jam 5–7pm,https://www.google.com/maps/place/NAD+Coffee+%26+Eatery/data=!4m7!3m6!1s0x2dd23f78b5ab1bcf:0x2caf321756c857dd!8m2!3d-8.6165444!4d115.2637298!16s%2Fg%2F11rrpr52h9!19sChIJzxurtXg_0i0R3VfIVhcyryw?authuser=0&hl=id&rclk=1,-8.6165444,115.2637298,https://www.tiktok.com/@bydenisajaa/video/7532040625538010424,https://www.tiktok.com/@nadcoffeeeatery/video/7562877326124453138,https://www.tiktok.com/@bali.nongki/video/7532738000283847941
503,Kucara Coffee and Space,Gianyar,4.7,372,Sunset & View | Work from Cafe | Vibrant Nightlife,"['sawah', 'burger', 'spesies', 'kue wortel', 'nasi goreng', 'mie goreng']",Rp 50–150k,Sunset jam 5–7pm,https://www.google.com/maps/place/Kucara+Coffee+and+Space/data=!4m7!3m6!1s0x2dd22380727ac327:0x8b0a6166afe29940!8m2!3d-8.4623172!4d115.2715724!16s%2Fg%2F11p0fm0bwy!19sChIJJ8N6coAj0i0RQJnir2ZhCos?authuser=0&hl=id&rclk=1,-8.4623172,115.2715724,https://www.tiktok.com/@ayundah24/video/7368735139028847878,https://www.tiktok.com/@arurira/video/7290022889254915334,https://www.tiktok.com/@momy.chip/video/7395762727752420614
504,"Naughty Nuri’s Warung, Sanur",Denpasar,4.8,5186,Sunset & View | Work from Cafe | Vibrant Nightlife,"['mba', 'signature', 'pork knuckle', 'caesar salad', 'kentang goreng truffle', 'sengkel']",Rp 150–400k,Sunset jam 5–7pm,"https://www.google.com/maps/place/Naughty+Nuri%E2%80%99s+Warung,+Sanur/data=!4m7!3m6!1s0x2dd241d5d5a1ce8d:0xeca2389968dd3dba!8m2!3d-8.687823!4d115.2583441!16s%2Fg%2F11q25nbpk0!19sChIJjc6h1dVB0i0Ruj3daJk4ouw?authuser=0&hl=id&rclk=1",-8.687823,115.2583441,https://www.tiktok.com/@ritawangg/video/7524581264175729927,https://www.tiktok.com/@dav_bakee/video/7574405641582710034,https://www.tiktok.com/@by_paulcharles/video/7522418872151100694
505,White Canny,Denpasar,4.6,2503,Family Friendly | Work from Cafe | Vibrant Nightlife | Romantic & Cozy,"['playground', 'meeting', 'indonesian food', 'romantis', 'aesthetic', 'makan bersama']",Rp 80–200k,Malam jam 7pm+,https://www.google.com/maps/place/White+Canny/data=!4m7!3m6!1s0x2dd240f171d96ac5:0xa9bcd6e754be2be6!8m2!3d-8.6764225!4d115.2279922!16s%2Fg%2F11cjj082yl!19sChIJxWrZcfFA0i0R5iu-VOfWvKk?authuser=0&hl=id&rclk=1,-8.6764225,115.2279922,https://www.tiktok.com/@mamadenjalan2/video/7486315855307902216,https://www.tiktok.com/@whitecanny_/video/7553106096123038983,https://www.tiktok.com/@makanmelali.bali/video/7522012688487173383
506,JUST KITCHEN Georgian Restaurant,Denpasar,4.3,1067,Work from Cafe | Vibrant Nightlife,"['borsch', 'hidangan turki', 'hidangan mediterania', 'shisha', 'hummus', 'pita']",Rp 50–150k,Malam jam 7pm+,https://www.google.com/maps/place/JUST+KITCHEN+Georgian+Restaurant/data=!4m7!3m6!1s0x2dd247ce501502b9:0x47ef8036aa90e04!8m2!3d-8.663277!4d115.152472!16s%2Fg%2F11h3mvq179!19sChIJuQIVUM5H0i0RBA6pagP4fgQ?authuser=0&hl=id&rclk=1,-8.663277,115.152472,https://www.tiktok.com/@katrinbalii/video/7550348192403950854,https://www.tiktok.com/@blgtiktok8/video/7633150864584232212,https://www.tiktok.com/@blgtiktok8/video/7633146900216122645
507,Warung Mina Peguyangan,Denpasar,4.5,2168,Family Friendly | Work from Cafe | Vibrant Nightlife,"['gurami', 'kolam ikan', 'meeting', 'playground', 'ikan koi', 'gazebo']",Rp 80–200k,Malam jam 7pm+,https://www.google.com/maps/place/Warung+Mina+Peguyangan/data=!4m7!3m6!1s0x2dd23f1dbebda3d7:0xd16747d40a39b673!8m2!3d-8.6108333!4d115.2208333!16s%2Fg%2F1hc458cl6!19sChIJ16O9vh0_0i0Rc7Y5CtRHZ9E?authuser=0&hl=id&rclk=1,-8.6108333,115.2208333,https://www.tiktok.com/@warungminabali/video/7484248969183366407,https://www.tiktok.com/@adisagustin/video/7591012551161433364,https://www.tiktok.com/@ayudia0205_schottmeier/video/7518471556964584712
508,MELODI RASA Resto,Denpasar,4.9,2165,Work from Cafe | Vibrant Nightlife,"['iga', 'juara', 'gurame', 'makan bersama', 'ayam goreng', 'shabushabu']",Rp 150–400k,Malam jam 7pm+,https://www.google.com/maps/place/MELODI+RASA+Resto/data=!4m7!3m6!1s0x2dd2419239e96961:0xcd57df31f5a58e38!8m2!3d-8.6907335!4d115.2382295!16s%2Fg%2F11rw6nc9hf!19sChIJYWnpOZJB0i0ROI6l9THfV80?authuser=0&hl=id&rclk=1,-8.6907335,115.2382295,https://www.tiktok.com/@bakacouplechannel/video/7609334524572486919,https://www.tiktok.com/@rarain.days/video/7633412460095081748,https://www.tiktok.com/@kulinerdenpasar/video/7576132743407488276
509,Mozza Sanur,Denpasar,4.8,1253,Work from Cafe | Vibrant Nightlife,"['cocktail', 'barramundi', 'tiram', 'surf and turf', 'carbonara', 'tenderloin']",Rp 150–400k,Malam jam 7pm+,https://www.google.com/maps/place/Mozza+Sanur/data=!4m7!3m6!1s0x2dd241c0fc8b0bd3:0xe6c4f98f6982c816!8m2!3d-8.6917295!4d115.2635931!16s%2Fg%2F11vl7k0db1!19sChIJ0wuL_MBB0i0RFsiCaY_5xOY?authuser=0&hl=id&rclk=1,-8.6917295,115.2635931,https://www.tiktok.com/@ayuulaxmii/video/7581375937946586386,https://www.tiktok.com/@tanniafx/video/7600368529921133845,https://www.tiktok.com/@iaputrib/video/7581120978546068756
510,Kaneshiro All You Can Eat,Denpasar,4.7,4454,Work from Cafe | Vibrant Nightlife,"['lantai', 'bumbu', 'tomyum', 'marinasi', 'kuah', 'lalat']",Rp 150–400k,Malam jam 7pm+,https://www.google.com/maps/place/Kaneshiro+All+You+Can+Eat/data=!4m7!3m6!1s0x2dd23f1e1e1f1759:0xd435d2b3880c9fe1!8m2!3d-8.6422457!4d115.2094587!16s%2Fg%2F11s84tdgs6!19sChIJWRcfHh4_0i0R4Z8MiLPSNdQ?authuser=0&hl=id&rclk=1,-8.6422457,115.2094587,https://www.tiktok.com/@pakde_hanss/video/7580708764706163976,https://www.tiktok.com/@kaneshiro_bali/video/7605474182935186696,https://www.tiktok.com/@adhiestic_id/video/7540879460132736312
511,Saji Loka – Coffee & Eatery Denpasar Bali,Denpasar,4.9,598,Family Friendly | Work from Cafe | Vibrant Nightlife,"['cafe', 'rumah sakit sanglah', 'meeting', 'matcha', 'wifi', 'strategis']",Rp 80–200k,Malam jam 7pm+,https://www.google.com/maps/place/Saji+Loka+%E2%80%93+Coffee+%26+Eatery+Denpasar+Bali/data=!4m7!3m6!1s0x2dd241a9d572de6d:0xfb68d41f37dde3f4!8m2!3d-8.6766151!4d115.209875!16s%2Fg%2F11xf2gvq8h!19sChIJbd5y1alB0i0R9OPdNx_UaPs?authuser=0&hl=id&rclk=1,-8.6766151,115.209875,https://www.tiktok.com/@jalann.keluar/video/7599563423571119381,https://www.tiktok.com/@ristaanggarini/video/7521659666695327032,https://www.tiktok.com/@joncitra/video/7635225655420013841
512,Warung Baby Monkeys,Denpasar,4.7,1151,Work from Cafe | Vibrant Nightlife,"['tuna', 'makanan indonesia', 'nasi goreng', 'reggae', 'mie goreng', 'pajak']",Rp 150–400k,Malam jam 7pm+,https://www.google.com/maps/place/Warung+Baby+Monkeys/data=!4m7!3m6!1s0x2dd241be25b1638b:0x6d0aa186849106ed!8m2!3d-8.7073629!4d115.2562645!16s%2Fg%2F11cjh_5b21!19sChIJi2OxJb5B0i0R7QaRhIahCm0?authuser=0&hl=id&rclk=1,-8.7073629,115.2562645,https://www.tiktok.com/@bali_shaz/video/7623930230117305608,,
513,Brasserie République,Denpasar,4.7,1025,Work from Cafe | Vibrant Nightlife,"['interior', 'soupe à loignon gratinée', 'escargot', 'coq au vin', 'pate', 'lava cake']",Rp 150–400k,Malam jam 7pm+,https://www.google.com/maps/place/Brasserie+R%C3%A9publique/data=!4m7!3m6!1s0x2dd241c9a9e95555:0x869d34be61db4701!8m2!3d-8.6962437!4d115.2635175!16s%2Fg%2F11jsqq7x56!19sChIJVVXpqclB0i0RAUfbYb40nYY?authuser=0&hl=id&rclk=1,-8.6962437,115.2635175,https://www.tiktok.com/@goparadisebali/video/7571664959143185682,,
514,The Restaurant at Tandjung Sari,Denpasar,4.6,567,Sunset & View | Work from Cafe | Vibrant Nightlife | Romantic & Cozy,"['pantai sanur', 'makan malam', 'laut', 'rijsttafel', 'cocktail', 'masakan indonesia']",Rp 80–200k,Sunset jam 5–7pm,https://www.google.com/maps/place/The+Restaurant+at+Tandjung+Sari/data=!4m7!3m6!1s0x2dd241cb6600a57f:0xe4bb0dea6baf1935!8m2!3d-8.688802!4d115.265624!16s%2Fg%2F1ptw31syz!19sChIJf6UAZstB0i0RNRmva-oNu-Q?authuser=0&hl=id&rclk=1,-8.688802,115.265624,https://www.tiktok.com/@iga.winda/video/7598482225826483463,https://www.tiktok.com/@nppy3/video/7491626164356746502,https://www.tiktok.com/@steffistraveldiary/video/7631154174255779079
515,Gong Restaurant,Denpasar,4.6,459,Work from Cafe | Vibrant Nightlife,"['dinner', 'taman', 'rijsttafel', 'cocktail', 'villa', 'lobster']",Rp 50–150k,Malam jam 7pm+,https://www.google.com/maps/place/Gong+Restaurant/data=!4m7!3m6!1s0x2dd241b9e5549ef5:0xa4f1042f08f7d32b!8m2!3d-8.6994178!4d115.2573352!16s%2Fg%2F1td45cts!19sChIJ9Z5U5blB0i0RK9P3CC8E8aQ?authuser=0&hl=id&rclk=1,-8.6994178,115.2573352,https://www.tiktok.com/@gong_restaurant_/video/7613992954998443280,https://www.tiktok.com/@gong_restaurant_/video/7613248367707049233,https://www.tiktok.com/@dessydiahnatali/video/7495978420212370743
516,Goemerot Restaurant - Gatsu,Denpasar,4.5,2611,Family Friendly | Work from Cafe | Vibrant Nightlife,"['playground', 'nasi goreng', 'kambing', 'gelato', 'tahu gejrot', 'buntut']",Rp 80–200k,Malam jam 7pm+,https://www.google.com/maps/place/Goemerot+Restaurant+-+Gatsu/data=!4m7!3m6!1s0x2dd23f2c028618f9:0xd1583c578f261ff3!8m2!3d-8.6361025!4d115.1951398!16s%2Fg%2F11fkf61jhh!19sChIJ-RiGAiw_0i0R8x8mj1c8WNE?authuser=0&hl=id&rclk=1,-8.6361025,115.1951398,https://www.tiktok.com/@goemerot/video/7454798715384188166,https://www.tiktok.com/@goemerot/video/7360165566436461829,https://www.tiktok.com/@goemerot/video/7530112500038143238
517,Canvas Cafe,Denpasar,4.7,977,Sunset & View | Work from Cafe | Vibrant Nightlife,"['pantai sanur', 'boat', 'wifi', 'smoothie bowl', 'brunch', 'waffle']",Rp 80–200k,Sunset jam 5–7pm,https://www.google.com/maps/place/Canvas+Cafe/data=!4m7!3m6!1s0x2dd241818dfd4cab:0xf4128cfe6f76b165!8m2!3d-8.6738866!4d115.2621013!16s%2Fg%2F11fj8h0f95!19sChIJq0z9jYFB0i0RZbF2b_6MEvQ?authuser=0&hl=id&rclk=1,-8.6738866,115.2621013,https://www.tiktok.com/@evaoneym/video/7575379085229051154,https://www.tiktok.com/@nataliawijaaya/video/7379183021515083014,https://www.tiktok.com/@ceceomang/video/7560587359411064075
518,Campo Saga Cafe and city space,Denpasar,4.5,628,Family Friendly | Work from Cafe | Vibrant Nightlife,"['kolam renang', 'playground', 'meeting', 'konser', 'makanan minuman', 'kids friendly']",Rp 80–200k,Malam jam 7pm+,https://www.google.com/maps/place/Campo+Saga+Cafe+and+city+space/data=!4m7!3m6!1s0x2dd247f0a3627b47:0x8cebb9fff0c9320e!8m2!3d-8.6824874!4d115.1885276!16s%2Fg%2F11t2z_z8y1!19sChIJR3tio_BH0i0RDjLJ8P-564w?authuser=0&hl=id&rclk=1,-8.6824874,115.1885276,https://www.tiktok.com/@viihanda20/video/7604734473405484295,https://www.tiktok.com/@adiajuli/video/7549115478640217362,https://www.tiktok.com/@putri.dayang901/video/7627071202397277458
519,Casa Eatery,Denpasar,4.7,249,Sunset & View | Family Friendly | Work from Cafe | Vibrant Nightlife,"['playground', 'pelayanan', 'pesan', 'ice cream', 'halaman', 'meeting']",Rp 50–150k,Sunset jam 5–7pm,https://www.google.com/maps/place/Casa+Eatery/data=!4m7!3m6!1s0x2dd24154ea6f3d19:0x4e5a9e0de67e7fdd!8m2!3d-8.6736188!4d115.2392921!16s%2Fg%2F11v0q4f58z!19sChIJGT1v6lRB0i0R3X9-5g2eWk4?authuser=0&hl=id&rclk=1,-8.6736188,115.2392921,https://www.tiktok.com/@casaeatery/video/7509095118838762808,https://www.tiktok.com/@nonagracel/video/7566611238361238791,https://www.tiktok.com/@deliciousbalii/video/7553940077446008120
520,Marble 8 Restaurant - Denpasar,Denpasar,4.9,112,Work from Cafe | Vibrant Nightlife | Budget Friendly,"['dimsum', 'all you can eat', 'hotelnya', 'harganya', 'dinner', 'juli']",Rp 15–50k,Malam jam 7pm+,https://www.google.com/maps/place/Marble+8+Restaurant+-+Denpasar/data=!4m7!3m6!1s0x2dd241f7d5dde7c3:0x75c1f26f99016ca8!8m2!3d-8.6797546!4d115.2035054!16s%2Fg%2F11vpyx_m_d!19sChIJw-fd1fdB0i0RqGwBmW_ywXU?authuser=0&hl=id&rclk=1,-8.6797546,115.2035054,https://www.tiktok.com/@jihanfzh__/video/7621404970646048007,https://www.tiktok.com/@puspawilantari/video/7599532003758722311,https://www.tiktok.com/@udinkuliner/video/7594591108236070152
521,The Dog House Cafe,Denpasar,5.0,153,Work from Cafe | Vibrant Nightlife,"['anjing', 'steak', 'yoga', 'brunch', 'smoothies', 'protein']",Rp 50–150k,Malam jam 7pm+,https://www.google.com/maps/place/The+Dog+House+Cafe/data=!4m7!3m6!1s0x2dd2392c9489a603:0x30339653283b656c!8m2!3d-8.64927!4d115.135404!16s%2Fg%2F11xt1d9vcn!19sChIJA6aJlCw50i0RbGU7KFOWMzA?authuser=0&hl=id&rclk=1,-8.64927,115.135404,https://www.tiktok.com/@martindionne/video/7613636366546717959,https://www.tiktok.com/@lydiakillion/video/7634539020193729814,https://www.tiktok.com/@cteagz_/video/7632574788858400022
522,9-11 Cafe,Denpasar,4.6,3621,Work from Cafe | Vibrant Nightlife,"['meeting', 'dinner', 'lantai', 'kak', 'barbershop', 'coworking space']",Rp 80–200k,Malam jam 7pm+,https://www.google.com/maps/place/9-11+Cafe/data=!4m7!3m6!1s0x2dd24732b62652f5:0xa92e7541ee7966af!8m2!3d-8.6810551!4d115.1883774!16s%2Fg%2F11c2kb0shm!19sChIJ9VImtjJH0i0Rr2Z57kF1Lqk?authuser=0&hl=id&rclk=1,-8.6810551,115.1883774,https://www.tiktok.com/@tesaamalia_/video/7611951951143652615,,
523,Ceremonial Matcha & Coffee Space,Denpasar,4.8,234,Work from Cafe | Vibrant Nightlife | Budget Friendly,"['creamy', 'harga', 'manis', 'marshmallow', 'pesan', 'samosa']",Rp 15–50k,Malam jam 7pm+,https://www.google.com/maps/place/Ceremonial+Matcha+%26+Coffee+Space/data=!4m7!3m6!1s0x2dd24100647fac73:0xec057fd7e8802e70!8m2!3d-8.6563182!4d115.2147251!16s%2Fg%2F11yqlcqwy0!19sChIJc6x_ZABB0i0RcC6A6Nd_Bew?authuser=0&hl=id&rclk=1,-8.6563182,115.2147251,https://www.tiktok.com/@balihints/video/7603227988921994516,https://www.tiktok.com/@racunnyagebeh/video/7614086933446249749,https://www.tiktok.com/@ladymeraliaa/video/7637464035960655125
524,Cafe latéO,Denpasar,4.5,852,Work from Cafe | Vibrant Nightlife,"['matcha', 'kasir', 'green tea', 'ini', 'santai', 'chicken wings']",Rp 80–200k,Malam jam 7pm+,https://www.google.com/maps/place/Cafe+lat%C3%A9O/data=!4m7!3m6!1s0x2dd240a3d0e01c49:0x99285691dfdf1d7d!8m2!3d-8.6559143!4d115.2091598!16s%2Fg%2F11c5sr9ffg!19sChIJSRzg0KNA0i0RfR3f35FWKJk?authuser=0&hl=id&rclk=1,-8.6559143,115.2091598,,,
525,NADHI heritage,Denpasar,4.8,544,Work from Cafe | Vibrant Nightlife,"['lantai', 'stationery', 'konsep', 'grosir', 'kaya toast', 'toko buku']",Rp 80–200k,Malam jam 7pm+,https://www.google.com/maps/place/NADHI+heritage/data=!4m7!3m6!1s0x2dd24098a90c73ad:0xf275c9550c406d!8m2!3d-8.6551327!4d115.2116602!16s%2Fg%2F1pzvzb1ct!19sChIJrXMMqZhA0i0RbUAMVcl18gA?authuser=0&hl=id&rclk=1,-8.6551327,115.2116602,https://www.tiktok.com/@nyobainapaaja/video/7470394841650810119,https://www.tiktok.com/@bali.foodtrip/video/7566892628197903634,https://www.tiktok.com/@heymhika/video/7583309227809164562
526,NOIR Cafe,Denpasar,4.6,446,Work from Cafe | Vibrant Nightlife,"['lantai', 'foto', 'desain', 'aesthetic', 'kartun', 'tomyam']",Rp 50–150k,Malam jam 7pm+,https://www.google.com/maps/place/NOIR+Cafe/data=!4m7!3m6!1s0x2dd23f590986926b:0xf38414c09ec016ce!8m2!3d-8.6139392!4d115.1929855!16s%2Fg%2F11lglcdcfp!19sChIJa5KGCVk_0i0RzhbAnsAUhPM?authuser=0&hl=id&rclk=1,-8.6139392,115.1929855,https://www.tiktok.com/@noircafebali/video/7519456015918583046,https://www.tiktok.com/@diva.draft/video/7614123710869638420,https://www.tiktok.com/@raddyns/video/7534999048307182853
527,In-laws Coffee Denpasar,Denpasar,4.5,715,Work from Cafe | Vibrant Nightlife,"['lantai', 'wifi', 'pesan', 'nasi goreng', 'meeting', 'salted egg']",Rp 80–200k,Malam jam 7pm+,https://www.google.com/maps/place/In-laws+Coffee+Denpasar/data=!4m7!3m6!1s0x2dd2412bcab00fab:0x4917df287ecc0fcc!8m2!3d-8.6649114!4d115.2152786!16s%2Fg%2F11pyc0xxdf!19sChIJqw-wyitB0i0RzA_MfijfF0k?authuser=0&hl=id&rclk=1,-8.6649114,115.2152786,https://www.tiktok.com/@maldies/video/7527591273386102072,https://www.tiktok.com/@cokrisma/video/7579977081510202645,https://www.tiktok.com/@moynovhee/video/7599327109881793800
528,Etu Coffee,Denpasar,4.8,288,Family Friendly | Work from Cafe | Vibrant Nightlife,"['luas', 'atmosphere', 'aesthetic', 'wifi', 'pagi', 'meeting room']",Rp 50–150k,Malam jam 7pm+,https://www.google.com/maps/place/Etu+Coffee/data=!4m7!3m6!1s0x2dd241a66e15e2cf:0x6a2f547007b61a89!8m2!3d-8.6743412!4d115.2070034!16s%2Fg%2F11shk_ggcc!19sChIJz-IVbqZB0i0RiRq2B3BUL2o?authuser=0&hl=id&rclk=1,-8.6743412,115.2070034,https://www.tiktok.com/@putriszi/video/7478646656506842423,https://www.tiktok.com/@antonutama0/video/7535799714189561144,https://www.tiktok.com/@luvdhika/video/7537959054220528901
529,Jaen Food Tabanan,Tabanan,4.9,8,Work from Cafe | Vibrant Nightlife,[],Rp 50–150k,Malam jam 7pm+,https://www.google.com/maps/place/Jaen+Food+Tabanan/data=!4m7!3m6!1s0x2dd23b09ed6adfc1:0x768cb50b3bce66bc!8m2!3d-8.5459129!4d115.1333916!16s%2Fg%2F11pyjsljk1!19sChIJwd9q7Qk70i0RvGbOOwu1jHY?authuser=0&hl=id&rclk=1,-8.5459129,115.1333916,https://www.tiktok.com/@sengkunblackdog_channel/video/7534569193484635408,https://www.tiktok.com/@warung.nadi99/video/7565008902505434388,https://www.tiktok.com/@warungandini/video/7602459644719615252
530,Depot Pojok Melati,Tabanan,4.6,206,Work from Cafe | Vibrant Nightlife,"['nasi campur', 'rawon', 'mie ayam', 'makan siang', 'meja', 'mie goreng']",Rp 50–150k,Malam jam 7pm+,https://www.google.com/maps/place/Depot+Pojok+Melati/data=!4m7!3m6!1s0x2dd2416515b148f5:0x186343998cc408ad!8m2!3d-8.5402035!4d115.1261243!16s%2Fg%2F11pq0xbmn6!19sChIJ9UixFWVB0i0RrQjEjJlDYxg?authuser=0&hl=id&rclk=1,-8.5402035,115.1261243,https://www.tiktok.com/@warung.nasi.biyan/video/7533893402920865030,https://www.tiktok.com/@depotpojokmelati/video/7478674547936480513,https://www.tiktok.com/@depotpojokmelati/video/7521625426066738450
531,Nyantra Café & Eatery,Tabanan,4.5,211,Sunset & View | Work from Cafe | Vibrant Nightlife,"['sawah', 'tanah lot', 'salad', 'kolam renang', 'steak', 'smoothie bowl']",Rp 50–150k,Sunset jam 5–7pm,https://www.google.com/maps/place/Nyantra+Caf%C3%A9+%26+Eatery/data=!4m7!3m6!1s0x2dd239543cc18157:0x7dfe5a7dfb496326!8m2!3d-8.616755!4d115.090164!16s%2Fg%2F11kjg484vl!19sChIJV4HBPFQ50i0RJmNJ-31a_n0?authuser=0&hl=id&rclk=1,-8.616755,115.090164,https://www.tiktok.com/@deliciousbalii/video/7601035596114677012,https://www.tiktok.com/@deni_5dfamily/video/7592545059921366292,https://www.tiktok.com/@deliciousbalii/video/7612077172823461141
532,Kober Mie Bali - Tabanan,Tabanan,3.7,1830,Sunset & View | Work from Cafe | Vibrant Nightlife,"['pelayanan', 'kasir', 'pesan', 'udang', 'dimsum', 'sawah']",Rp 30–100k,Sunset jam 5–7pm,https://www.google.com/maps/place/Kober+Mie+Bali+-+Tabanan/data=!4m7!3m6!1s0x2dd23b1b5ed97485:0xc3032680360966e5!8m2!3d-8.5525715!4d115.1327166!16s%2Fg%2F11h54fwn5_!19sChIJhXTZXhs70i0R5WYJNoAmA8M?authuser=0&hl=id&rclk=1,-8.5525715,115.1327166,https://www.tiktok.com/@twobrother605/video/7623280656730246418,https://www.tiktok.com/@nelindaratu/video/7396481338280332549,https://www.tiktok.com/@kulinerjani/video/7524240836519873799
533,Depot Surabaya,Tabanan,4.9,18,Work from Cafe | Vibrant Nightlife,"['nasi', 'bubur']",Rp 50–150k,Malam jam 7pm+,https://www.google.com/maps/place/Depot+Surabaya/data=!4m7!3m6!1s0x2dd23a5936773cb3:0x54b8403a5839d8a6!8m2!3d-8.5387749!4d115.1240574!16s%2Fg%2F11csrfj3ns!19sChIJszx3Nlk60i0Rptg5WDpAuFQ?authuser=0&hl=id&rclk=1,-8.5387749,115.1240574,https://www.tiktok.com/@putrikarlina_/video/7547165964069096760,https://www.tiktok.com/@teresiarimaanw/video/7621739946440690952,https://www.tiktok.com/@dekamakandoang/video/7521958663355944200
534,biZakaya sushi,Tabanan,4.4,427,Work from Cafe | Vibrant Nightlife | Budget Friendly,"['harga', 'pelayanan', 'chinese food', 'kantong', 'pesanan', 'pilihan']",Rp 15–50k,Malam jam 7pm+,https://www.google.com/maps/place/biZakaya+sushi/data=!4m7!3m6!1s0x2dd23b72fdde4bbd:0x1072a32975a00e6d!8m2!3d-8.5405734!4d115.1331786!16s%2Fg%2F11ghpy25yr!19sChIJvUve_XI70i0RbQ6gdSmjchA?authuser=0&hl=id&rclk=1,-8.5405734,115.1331786,https://www.tiktok.com/@arirtnsr__/video/7550887672450157830,https://www.tiktok.com/@luvmatchaw/video/7533868091575471380,https://www.tiktok.com/@letty_td/video/7565103729335373063
535,Warung Kita Dewi Sri,Tabanan,4.3,699,Sunset & View | Family Friendly | Work from Cafe | Vibrant Nightlife | Budget Friendly,"['harga', 'sawah', 'luas', 'bebek', 'gurame', 'bali timbungan']",Rp 15–50k,Sunset jam 5–7pm,https://www.google.com/maps/place/Warung+Kita+Dewi+Sri/data=!4m7!3m6!1s0x2dd23bcbddd2073d:0x227c8968f2cc7132!8m2!3d-8.5601071!4d115.1517973!16s%2Fg%2F1pzwfjdyf!19sChIJPQfS3cs70i0RMnHM8miJfCI?authuser=0&hl=id&rclk=1,-8.5601071,115.1517973,https://www.tiktok.com/@warung_kita_dewi_sri/video/7555161232538406155,https://www.tiktok.com/@choiibad/video/7580921618269162760,https://www.tiktok.com/@kwetiaw28/video/7589860475068812551
536,Sentosa Coffee Space,Tabanan,4.5,82,Work from Cafe | Vibrant Nightlife,"['strategis', 'duduk', 'sore', 'cappucino']",Rp 50–150k,Malam jam 7pm+,https://www.google.com/maps/place/Sentosa+Coffee+Space/data=!4m7!3m6!1s0x2dd23b40a8b834eb:0xbc9f7854b5235df3!8m2!3d-8.5371022!4d115.1263644!16s%2Fg%2F11svvl8hbz!19sChIJ6zS4qEA70i0R810jtVR4n7w?authuser=0&hl=id&rclk=1,-8.5371022,115.1263644,https://www.tiktok.com/@millafatikautari/video/7609644937503706386,https://www.tiktok.com/@ajiknuel92/video/7622919021683281173,https://www.tiktok.com/@sentosacoffee20/video/7502737866443721990
537,Rumah Makan Muslim Selera Nusantara,Tabanan,4.7,34,Work from Cafe | Vibrant Nightlife | Budget Friendly,"['harga', 'bumbunya', 'warung', 'sambal', 'rendang', 'nasi']",Rp 15–50k,Malam jam 7pm+,https://www.google.com/maps/place/Rumah+Makan+Muslim+Selera+Nusantara/data=!4m7!3m6!1s0x2dd23a5be7533171:0x46068589269a6a6e!8m2!3d-8.5404781!4d115.1249522!16s%2Fg%2F11hbv03r2j!19sChIJcTFT51s60i0RbmqaJomFBkY?authuser=0&hl=id&rclk=1,-8.5404781,115.1249522,https://www.tiktok.com/@justciciii/video/7611022079265164564,https://www.tiktok.com/@rasanusantara.official/video/7593295188018072852,https://www.tiktok.com/@maghfirarifki/video/7631445854724853012
538,My Lover Resto,Tabanan,3.0,36,Family Friendly | Work from Cafe | Vibrant Nightlife,"['playground', 'steak', 'pizza', 'pelayanan', 'horor', 'gosong']",Rp 30–100k,Malam jam 7pm+,https://www.google.com/maps/place/My+Lover+Resto/data=!4m7!3m6!1s0x2dd23b477b7d9d5b:0xdd39c5f8b833d11e!8m2!3d-8.5516184!4d115.1301165!16s%2Fg%2F11syr05m9g!19sChIJW519e0c70i0RHtEzuPjFOd0?authuser=0&hl=id&rclk=1,-8.5516184,115.1301165,https://www.tiktok.com/@my.lover.resto/video/7609999544742432021,,
539,Pempek Cek Lena,Tabanan,4.9,38,Work from Cafe | Vibrant Nightlife | Budget Friendly,"['harga', 'kapal selam', 'kaki lima', 'lemak', 'bintang', 'empuk']",Rp 15–50k,Malam jam 7pm+,https://www.google.com/maps/place/Pempek+Cek+Lena/data=!4m7!3m6!1s0x2dd23b003b16e95b:0x6bc3bf081e9bc2a5!8m2!3d-8.5376081!4d115.1210436!16s%2Fg%2F11lctwh50s!19sChIJW-kWOwA70i0RpcKbHgi_w2s?authuser=0&hl=id&rclk=1,-8.5376081,115.1210436,https://www.tiktok.com/@chefsukajajan/video/7609225799245335815,https://www.tiktok.com/@asfaaaa044/video/7587649142701313298,https://www.tiktok.com/@kulinerbattle/video/7582548351552343314
540,Betutu Panggang Biang Koripan 7,Tabanan,4.5,396,Work from Cafe | Vibrant Nightlife | Budget Friendly,"['nasi', 'harga', 'bumbu', 'sambalnya', 'bali', 'rempahrempah']",Rp 15–50k,Malam jam 7pm+,https://www.google.com/maps/place/Betutu+Panggang+Biang+Koripan+7/data=!4m7!3m6!1s0x2dd23a57b474f39b:0xa37d7d0fd167091b!8m2!3d-8.5339178!4d115.1330961!16s%2Fg%2F11c0pxyjqg!19sChIJm_N0tFc60i0RGwln0Q99faM?authuser=0&hl=id&rclk=1,-8.5339178,115.1330961,https://www.tiktok.com/@biang.koripan7/video/7608769810104634644,https://www.tiktok.com/@biang.koripan7/video/7603903134615784712,https://www.tiktok.com/@biang.koripan7/video/7584059004482014484
541,Warung Kenanga,Tabanan,4.0,279,Work from Cafe | Vibrant Nightlife | Budget Friendly,"['harga', 'capcay', 'nasi goreng', 'kwetiau', 'pesan', 'sapo tahu']",Rp 15–50k,Malam jam 7pm+,https://www.google.com/maps/place/Warung+Kenanga/data=!4m7!3m6!1s0x2dd23a5bcffcbd1b:0x58cd28410b88c7b!8m2!3d-8.540777!4d115.1261272!16s%2Fg%2F1hm1vxrd4!19sChIJG738z1s60i0Re4y4EITSjAU?authuser=0&hl=id&rclk=1,-8.540777,115.1261272,https://www.tiktok.com/@paminilaper/video/7598952615870860551,https://www.tiktok.com/@iglooria/video/7488966147052768519,https://www.tiktok.com/@tabanan.foodies/video/7550174662215453957
542,Kedai M. Aboe Talib,Tabanan,4.6,771,Work from Cafe | Vibrant Nightlife | Budget Friendly,"['camilan', 'pagi', 'harga', 'jajanan pasar', 'cita rasa', 'tempat duduk']",Rp 15–50k,Malam jam 7pm+,https://www.google.com/maps/place/Kedai+M.+Aboe+Talib/data=!4m7!3m6!1s0x2dd23a596fb6e287:0x483f437e794694ae!8m2!3d-8.5394538!4d115.1257306!16s%2Fg%2F1hm48x4wv!19sChIJh-K2b1k60i0RrpRGeX5DP0g?authuser=0&hl=id&rclk=1,-8.5394538,115.1257306,https://www.tiktok.com/@anjarnauladi/video/7527850990893141266,https://www.tiktok.com/@.doraemon1112/video/7623645715029495048,https://www.tiktok.com/@subha.rent.scooter/video/7604049706691431698
543,Warung Cobek Tabanan,Tabanan,3.8,96,Work from Cafe | Vibrant Nightlife | Budget Friendly,"['nasi goreng', 'ppn', 'harga']",Rp 15–50k,Malam jam 7pm+,https://www.google.com/maps/place/Warung+Cobek+Tabanan/data=!4m7!3m6!1s0x2dd23bb5589531bb:0xad5736b95219a128!8m2!3d-8.5538526!4d115.1423872!16s%2Fg%2F11bbt982z4!19sChIJuzGVWLU70i0RKKEZUrk2V60?authuser=0&hl=id&rclk=1,-8.5538526,115.1423872,https://www.tiktok.com/@kulinerbali/video/7335333830007524614,https://www.tiktok.com/@spesialurutandansiobak/video/7550994633312980242,https://www.tiktok.com/@warung_mensedu/video/7638596777729428744
544,Rumah Makan Padang Simpang Tigo Kota Tabanan,Tabanan,4.6,20,Work from Cafe | Vibrant Nightlife,"['rendang', 'pilihan']",Rp 50–150k,Malam jam 7pm+,https://www.google.com/maps/place/Rumah+Makan+Padang+Simpang+Tigo+Kota+Tabanan/data=!4m7!3m6!1s0x2dd23b49928b509f:0xecdeeed0d3a8ba92!8m2!3d-8.5399146!4d115.1269572!16s%2Fg%2F11j_626tm3!19sChIJn1CLkkk70i0Rkrqo09Du3uw?authuser=0&hl=id&rclk=1,-8.5399146,115.1269572,https://www.tiktok.com/@kulikmakanan/video/7577230448619785480,https://www.tiktok.com/@cesan777/video/7548629692237008136,https://www.tiktok.com/@tesyiaanisaputri__/video/7625510001817308434
545,Food DE'SO,Tabanan,4.6,277,Sunset & View | Work from Cafe | Vibrant Nightlife | Budget Friendly,"['harga', 'mie', 'sambal', 'sawah', 'ceker', 'cumi']",Rp 15–50k,Sunset jam 5–7pm,https://www.google.com/maps/place/Food+DE%27SO/data=!4m7!3m6!1s0x2dd23a1c854fd4b3:0x71e4ee7597f30179!8m2!3d-8.5721585!4d115.1082392!16s%2Fg%2F11cn9ntgy6!19sChIJs9RPhRw60i0ReQHzl3Xu5HE?authuser=0&hl=id&rclk=1,-8.5721585,115.1082392,,,
546,HEXAGON Backyard Cafe,Tabanan,4.3,270,Work from Cafe | Vibrant Nightlife | Budget Friendly,"['harga', 'rumah', 'tempat bermain', 'santai', 'pesan', 'matcha']",Rp 15–50k,Malam jam 7pm+,https://www.google.com/maps/place/HEXAGON+Backyard+Cafe/data=!4m7!3m6!1s0x2dd23ba262c1e955:0x4c11283c2cf9bf2e!8m2!3d-8.5401299!4d115.1359192!16s%2Fg%2F11q8s0jt6n!19sChIJVenBYqI70i0RLr_5LDwoEUw?authuser=0&hl=id&rclk=1,-8.5401299,115.1359192,https://www.tiktok.com/@sudutfavorite_/video/7583609233338273042,https://www.tiktok.com/@choiibad/video/7582470749525445896,https://www.tiktok.com/@raddyns/video/7582466634183380231
547,Crafted Coffee House,Tabanan,4.9,614,Work from Cafe | Vibrant Nightlife,"['pastry', 'barista', 'atmosphere', 'pilihan', 'air', 'makan siang']",Rp 80–200k,Malam jam 7pm+,https://www.google.com/maps/place/Crafted+Coffee+House/data=!4m7!3m6!1s0x2dd23b8eb33f49c3:0x77052627bb5083c8!8m2!3d-8.537055!4d115.1320495!16s%2Fg%2F11sq238vmc!19sChIJw0k_s4470i0RyINQuycmBXc?authuser=0&hl=id&rclk=1,-8.537055,115.1320495,https://www.tiktok.com/@nerdy.koala/video/7618888072830143765,https://www.tiktok.com/@yasaldoganteng/video/7613269447645646100,https://www.tiktok.com/@ugcwithcp/video/7610254454142684438
548,"TAN-PANAMA COFFEE, TABANAN",Tabanan,4.7,303,Family Friendly | Work from Cafe | Vibrant Nightlife | Budget Friendly,"['harga', 'baristanya', 'latte', 'croissant', 'pelayanan', 'santai']",Rp 15–50k,Malam jam 7pm+,"https://www.google.com/maps/place/TAN-PANAMA+COFFEE,+TABANAN/data=!4m7!3m6!1s0x2dd23baddcc920f7:0x5c731838404ff531!8m2!3d-8.5376618!4d115.1318009!16s%2Fg%2F11rkbg7_w1!19sChIJ9yDJ3K070i0RMfVPQDgYc1w?authuser=0&hl=id&rclk=1",-8.5376618,115.1318009,https://www.tiktok.com/@nusabali.com/video/7591164219693878549,,
549,Mondoc Coffee & Eatery,Tabanan,4.6,78,Family Friendly | Work from Cafe | Vibrant Nightlife | Budget Friendly,"['harga', 'ayam', 'taman', 'kasir', 'menit', 'makan siang']",Rp 15–50k,Malam jam 7pm+,https://www.google.com/maps/place/Mondoc+Coffee+%26+Eatery/data=!4m7!3m6!1s0x2dd23bf987910385:0x49bb2f783a3c7955!8m2!3d-8.5464359!4d115.1262295!16s%2Fg%2F11t1plmb9b!19sChIJhQORh_k70i0RVXk8Ongvu0k?authuser=0&hl=id&rclk=1,-8.5464359,115.1262295,,,
550,Fore Coffee - Tabanan,Tabanan,4.5,88,Family Friendly | Work from Cafe | Vibrant Nightlife,"['baristanya', 'pelayanan', 'kasir', 'pastry', 'butterscotch', 'luas']",Rp 50–150k,Malam jam 7pm+,https://www.google.com/maps/place/Fore+Coffee+-+Tabanan/data=!4m7!3m6!1s0x2dd23b006c95b3e3:0x560a3fa337172bd9!8m2!3d-8.5523542!4d115.1319759!16s%2Fg%2F11xtp0sdcd!19sChIJ47OVbAA70i0R2SsXN6M_ClY?authuser=0&hl=id&rclk=1,-8.5523542,115.1319759,https://www.tiktok.com/@anjarnauladi/video/7591872821723139349,https://www.tiktok.com/@ahmadmustolib/video/7577782042440731925,https://www.tiktok.com/@sukareviewdimanaaja/video/7628064620149787911
551,Sensasi Kopi Tabanan,Tabanan,4.2,112,Family Friendly | Work from Cafe | Vibrant Nightlife | Budget Friendly,"['lantai', 'duduk', 'pelayanan', 'lagu', 'anak', 'orang']",Rp 15–50k,Malam jam 7pm+,https://www.google.com/maps/place/Sensasi+Kopi+Tabanan/data=!4m7!3m6!1s0x2dd23bf583447451:0xd3ddcd6c9c0bcc46!8m2!3d-8.5396929!4d115.1262851!16s%2Fg%2F11qq5dpnwt!19sChIJUXREg_U70i0RRswLnGzN3dM?authuser=0&hl=id&rclk=1,-8.5396929,115.1262851,https://www.tiktok.com/@sensasikopi19/video/7504958616013737221,https://www.tiktok.com/@sensasikopi19/video/7518696922765413637,https://www.tiktok.com/@lunzyyy/video/7601350548532497671
552,Rhapsody Cafe & Bar,Tabanan,4.8,40,Work from Cafe | Vibrant Nightlife | Budget Friendly,"['harganya', 'pisang']",Rp 15–50k,Malam jam 7pm+,https://www.google.com/maps/place/Rhapsody+Cafe+%26+Bar/data=!4m7!3m6!1s0x2dd23b71047545ad:0x62c97c8f7e0c793e!8m2!3d-8.5499163!4d115.123093!16s%2Fg%2F11q99yqxcq!19sChIJrUV1BHE70i0RPnkMfo98yWI?authuser=0&hl=id&rclk=1,-8.5499163,115.123093,https://www.tiktok.com/@rhapsody_cafenbar/video/7544310958617857288,https://www.tiktok.com/@rhapsody_cafenbar/video/7539033076341542162,https://www.tiktok.com/@rhapsody_cafenbar/video/7505297640184220944
553,ARU KOPI,Tabanan,4.6,132,Work from Cafe | Vibrant Nightlife | Budget Friendly,"['harga', 'pelayanan', 'ruangan', 'caramel macchiato', 'duit', 'pilihan']",Rp 15–50k,Malam jam 7pm+,https://www.google.com/maps/place/ARU+KOPI/data=!4m7!3m6!1s0x2dd23bcc8ca42f6b:0x4e75e523a518a016!8m2!3d-8.540786!4d115.126081!16s%2Fg%2F11qbc63nrt!19sChIJay-kjMw70i0RFqAYpSPldU4?authuser=0&hl=id&rclk=1,-8.540786,115.126081,https://www.tiktok.com/@aru.kopi/video/7599160724446891285,https://www.tiktok.com/@aru.kopi/video/7631858651455622420,https://www.tiktok.com/@aru.kopi/video/7555848425678359829
554,Ikan Bakar Tanjung Alam,Buleleng,4.1,2341,Sunset & View | Work from Cafe | Vibrant Nightlife,"['pinggir pantai', 'bumbu', 'pemandangan', 'sunset', 'plecing', 'sambal matah']",Rp 30–100k,Sunset jam 5–7pm,https://www.google.com/maps/place/Ikan+Bakar+Tanjung+Alam/data=!4m7!3m6!1s0x2dd19b444459c527:0xc4e90a027c26c413!8m2!3d-8.1657175!4d115.0110532!16s%2Fg%2F11bc7s_y1n!19sChIJJ8VZRESb0S0RE8QmfAIK6cQ?authuser=0&hl=id&rclk=1,-8.1657175,115.0110532,https://www.tiktok.com/@tanjungalam_ikanbakar/video/7632670824226458900,https://www.tiktok.com/@tanjungalam_ikanbakar/video/7632259742563437845,https://www.tiktok.com/@wuulan_darie/video/7558682811167771916
555,Warung Makan Pidade,Buleleng,4.6,372,Sunset & View | Family Friendly | Work from Cafe | Vibrant Nightlife | Budget Friendly,"['harga', 'luas', 'sambal', 'pantai', 'sup ikan', 'bumbu']",Rp 15–50k,Sunset jam 5–7pm,https://www.google.com/maps/place/Warung+Makan+Pidade/data=!4m7!3m6!1s0x2dd19a6b347c4695:0xb39bd583bb46c696!8m2!3d-8.1154808!4d115.0745669!16s%2Fg%2F11f3zgrw15!19sChIJlUZ8NGua0S0RlsZGu4PVm7M?authuser=0&hl=id&rclk=1,-8.1154808,115.0745669,https://www.tiktok.com/@deliciouslyeat/video/7460026252800429318,https://www.tiktok.com/@asttsembilansembi/video/7627355210385558804,https://www.tiktok.com/@bundadavadiva/video/7628528929774587143
556,OTeWe Resto & Kopi,Buleleng,4.6,87,Family Friendly | Work from Cafe | Vibrant Nightlife | Budget Friendly,"['harga', 'nasi goreng', 'cafe', 'taman', 'luas', 'ayam']",Rp 15–50k,Malam jam 7pm+,https://www.google.com/maps/place/OTeWe+Resto+%26+Kopi/data=!4m7!3m6!1s0x2dd190a83e7c9191:0xf92df7ca426fce2c!8m2!3d-8.1040124!4d115.0910916!16s%2Fg%2F11f3zt2r9l!19sChIJkZF8PqiQ0S0RLM5vQsr3Lfk?authuser=0&hl=id&rclk=1,-8.1040124,115.0910916,https://www.tiktok.com/@otewerestodankopi/video/7598447336595131668,https://www.tiktok.com/@otewerestodankopi/video/7602165105505209621,https://www.tiktok.com/@otewerestodankopi/video/7601004804437003540
557,Mailaku Roemah Nongkrong,Buleleng,4.3,905,Work from Cafe | Vibrant Nightlife,"['pesan', 'konsep', 'retro', 'nasi goreng', 'cafe', 'foto']",Rp 50–150k,Malam jam 7pm+,https://www.google.com/maps/place/Mailaku+Roemah+Nongkrong/data=!4m7!3m6!1s0x2dd19a0ccc4f3cc3:0xd3798f5963b2ad71!8m2!3d-8.1154693!4d115.0865208!16s%2Fg%2F1q63ckm4w!19sChIJwzxPzAya0S0Rca2yY1mPedM?authuser=0&hl=id&rclk=1,-8.1154693,115.0865208,https://www.tiktok.com/@inidiakakakbudi/video/7607695446974156052,https://www.tiktok.com/@sutantofamily2020/video/7612559442755767560,https://www.tiktok.com/@bundaarbychannel/video/7527578499843050757
558,Wr Mina Segara lovina special ikan bakar & soup,Buleleng,4.4,2181,Sunset & View | Work from Cafe | Vibrant Nightlife,"['pantai', 'sup ikan', 'rempah', 'plecing', 'ikan bakar', 'kepala ikan']",Rp 50–150k,Sunset jam 5–7pm,https://www.google.com/maps/place/Wr+Mina+Segara+lovina+special+ikan+bakar+%26+soup/data=!4m7!3m6!1s0x2dd19caa69288115:0x610b9328aed144fe!8m2!3d-8.1772175!4d114.9979514!16s%2Fg%2F11clw8qn61!19sChIJFYEoaaqc0S0R_kTRriiTC2E?authuser=0&hl=id&rclk=1,-8.1772175,114.9979514,https://www.tiktok.com/@desitrianasari7/video/7395178003958975750,https://www.tiktok.com/@sutantofamily2020/video/7554703490468105528,https://www.tiktok.com/@enipuspitawismantara/video/7495659328729304326
559,PAON ALAS,Buleleng,4.3,160,Work from Cafe | Vibrant Nightlife | Budget Friendly,"['harga', 'tempat bermain', 'nasi goreng', 'pesan', 'katsu', 'penyajian makanan']",Rp 15–50k,Malam jam 7pm+,https://www.google.com/maps/place/PAON+ALAS/data=!4m7!3m6!1s0x2dd19b610c61c53f:0x9b2ba0210e30001b!8m2!3d-8.1249437!4d115.070397!16s%2Fg%2F11pz9lp12s!19sChIJP8VhDGGb0S0RGwAwDiGgK5s?authuser=0&hl=id&rclk=1,-8.1249437,115.070397,https://www.tiktok.com/@sirajafansclub/video/7415054939480706310,https://www.tiktok.com/@paonalas99/video/7549887283084758277,https://www.tiktok.com/@paonalas99/video/7598708016505949458
560,Abuela Coffee,Buleleng,4.9,233,Work from Cafe | Vibrant Nightlife | Budget Friendly,"['harga', 'wifi', 'barista', 'latte', 'flat white', 'cappucino']",Rp 15–50k,Malam jam 7pm+,https://www.google.com/maps/place/Abuela+Coffee/data=!4m7!3m6!1s0x2dd19b902cfd37eb:0x96d57ab974c1fd16!8m2!3d-8.1047507!4d115.0879185!16s%2Fg%2F11n0xmxrd2!19sChIJ6zf9LJCb0S0RFv3BdLl61ZY?authuser=0&hl=id&rclk=1,-8.1047507,115.0879185,https://www.tiktok.com/@cindy_ocvianty/video/7589104221727837448,https://www.tiktok.com/@wuulan_darie/video/7578720781023202578,https://www.tiktok.com/@joyfilledwander/video/6976239445179714818
561,Bali Intan Cafe,Buleleng,4.8,99,Sunset & View | Work from Cafe | Vibrant Nightlife | Budget Friendly,"['harga', 'nasi goreng', 'kambing', 'sop', 'tomyam', 'risoles']",Rp 15–50k,Sunset jam 5–7pm,https://www.google.com/maps/place/Bali+Intan+Cafe/data=!4m7!3m6!1s0x2dd19a0f54a4f12f:0x801fd3d7ed5c42e9!8m2!3d-8.1046345!4d115.0884933!16s%2Fg%2F1pzw57xrv!19sChIJL_GkVA-a0S0R6UJc7dfTH4A?authuser=0&hl=id&rclk=1,-8.1046345,115.0884933,https://www.tiktok.com/@aryati_utami/video/7561592794305940744,https://www.tiktok.com/@wuulan_darie/video/7615136117297384722,https://www.tiktok.com/@bali_intan_cafe/video/7542699592287014150
562,Panamena Coffee & Eatery,Buleleng,4.5,98,Work from Cafe | Vibrant Nightlife,"['merokok', 'nasi goreng', 'orang', 'ruang', 'duduk', 'curah pendapat']",Rp 50–150k,Malam jam 7pm+,https://www.google.com/maps/place/Panamena+Coffee+%26+Eatery/data=!4m7!3m6!1s0x2dd19bc0e1f9182b:0xce3123a8229a075e!8m2!3d-8.1152025!4d115.086203!16s%2Fg%2F11q2s498sz!19sChIJKxj54cCb0S0RXgeaIqgjMc4?authuser=0&hl=id&rclk=1,-8.1152025,115.086203,https://www.tiktok.com/@ikamurabali_/video/7475951813070474501,https://www.tiktok.com/@nais.bali/video/7577761793724910868,https://www.tiktok.com/@ristaanggarini/video/7521659666695327032
563,Kontinu Cafe,Buleleng,4.8,94,Family Friendly | Work from Cafe | Vibrant Nightlife,"['berenang', 'ulang tahun', 'kartu tarot', 'anak', 'kolam', 'movie']",Rp 50–150k,Malam jam 7pm+,https://www.google.com/maps/place/Kontinu+Cafe/data=!4m7!3m6!1s0x2dd19b0035ef236b:0xf0d037e73461ce2a!8m2!3d-8.1270895!4d115.071881!16s%2Fg%2F11y3yhg7_5!19sChIJayPvNQCb0S0RKs5hNOc30PA?authuser=0&hl=id&rclk=1,-8.1270895,115.071881,https://www.tiktok.com/@kontinu_cafe/video/7632493494044593428,https://www.tiktok.com/@kontinu_cafe/video/7599317027685240084,https://www.tiktok.com/@fokusjajan/video/7617782383575616789
564,Starbean Speciality Coffee,Buleleng,4.3,74,Family Friendly | Work from Cafe | Vibrant Nightlife | Budget Friendly,"['harga', 'luas', 'music', 'dinner', 'lama', 'saus']",Rp 15–50k,Malam jam 7pm+,https://www.google.com/maps/place/Starbean+Speciality+Coffee/data=!4m7!3m6!1s0x2dd19b8ecee97b17:0x981362fb77b17f34!8m2!3d-8.1103707!4d115.0919023!16s%2Fg%2F11rj00c2rj!19sChIJF3vpzo6b0S0RNH-xd_tiE5g?authuser=0&hl=id&rclk=1,-8.1103707,115.0919023,https://www.tiktok.com/@junpande7/video/7562930413727943957,https://www.tiktok.com/@starbean.coffee/video/7625541672704789767,https://www.tiktok.com/@yiindraa/video/7417777423749565702
565,NOORD Cafe,Buleleng,4.9,1180,Sunset & View | Work from Cafe | Vibrant Nightlife,"['spesies', 'gunung', 'the view', 'nasi goreng', 'kentang goreng truffle', 'awan']",Rp 150–400k,Sunset jam 5–7pm,https://www.google.com/maps/place/NOORD+Cafe/data=!4m7!3m6!1s0x2dd18fc41ff326d9:0x9ac838831b719026!8m2!3d-8.2366673!4d115.1245245!16s%2Fg%2F11lnmjgs21!19sChIJ2SbzH8SP0S0RJpBxG4M4yJo?authuser=0&hl=id&rclk=1,-8.2366673,115.1245245,https://www.tiktok.com/@reiyarvie/video/7541773392437906696,https://www.tiktok.com/@aa.pasaribu/video/7624050518024932628,https://www.tiktok.com/@yasaldoganteng/video/7619905473742916885
566,Dari coffee & panini,Buleleng,4.8,84,Sunset & View | Work from Cafe | Vibrant Nightlife | Budget Friendly,"['harga', 'cheese cake', 'chicken', 'pantai', 'pesan', 'fish and chips']",Rp 15–50k,Sunset jam 5–7pm,https://www.google.com/maps/place/Dari+coffee+%26+panini/data=!4m7!3m6!1s0x2dd19b0072e9c2ff:0xaec1ba8ec93d0778!8m2!3d-8.117856!4d115.073443!16s%2Fg%2F11vzwb3s3p!19sChIJ_8LpcgCb0S0ReAc9yY66wa4?authuser=0&hl=id&rclk=1,-8.117856,115.073443,https://www.tiktok.com/@wuulan_darie/video/7537878632950172934,https://www.tiktok.com/@wuulan_darie/video/7614485436957805842,https://www.tiktok.com/@dari.cafe/video/7510496524879547666
567,Kopi deKakiang,Buleleng,4.8,141,Work from Cafe | Vibrant Nightlife | Budget Friendly,"['harga', 'roti', 'pelayanan', 'santai', 'baristanya', 'intimidasi']",Rp 15–50k,Malam jam 7pm+,https://www.google.com/maps/place/Kopi+deKakiang/data=!4m7!3m6!1s0x2dd19b4770dc8fb7:0x896aaa6c5d557e6b!8m2!3d-8.1173852!4d115.0840066!16s%2Fg%2F11syz2vg2n!19sChIJt4_ccEeb0S0Ra35VXWyqaok?authuser=0&hl=id&rclk=1,-8.1173852,115.0840066,https://www.tiktok.com/@sutantofamily2020/video/7561014327562505528,https://www.tiktok.com/@inidiakakakbudi/video/7601403246619397396,https://www.tiktok.com/@blimade_story/video/7513871476248956168
568,Key Coffee Bali,Buleleng,4.7,250,Work from Cafe | Vibrant Nightlife | Budget Friendly,"['harga', 'pelayanan', 'konsisten', 'gula', 'nasi goreng', 'utara']",Rp 15–50k,Malam jam 7pm+,https://www.google.com/maps/place/Key+Coffee+Bali/data=!4m7!3m6!1s0x2dd191f80c1a6e4f:0x20f712a508e1a484!8m2!3d-8.1181062!4d115.0843292!16s%2Fg%2F11h76lp7lt!19sChIJT24aDPiR0S0RhKThCKUS9yA?authuser=0&hl=id&rclk=1,-8.1181062,115.0843292,https://www.tiktok.com/@sutantofamily2020/video/7607858460528479496,https://www.tiktok.com/@ady_schatzi/video/7624902382929022229,https://www.tiktok.com/@wuulan_darie/video/7585025525190626567
569,Pridi Cafe,Buleleng,4.5,123,Sunset & View | Family Friendly | Work from Cafe | Vibrant Nightlife | Budget Friendly,"['harga', 'kasir', 'luas', 'corndog', 'asin', 'foto']",Rp 15–50k,Sunset jam 5–7pm,https://www.google.com/maps/place/Pridi+Cafe/data=!4m7!3m6!1s0x2dd19b00501f405b:0x65839404d6a1d22e!8m2!3d-8.1183106!4d115.0843926!16s%2Fg%2F11wxslnk37!19sChIJW0AfUACb0S0RLtKh1gSUg2U?authuser=0&hl=id&rclk=1,-8.1183106,115.0843926,https://www.tiktok.com/@wuulan_darie/video/7548712569951816965,https://www.tiktok.com/@singarajafoodie/video/7528711642436226312,https://www.tiktok.com/@wakecupandstories/video/7591455585741081877
570,Fye Coffee,Buleleng,4.7,72,Work from Cafe | Vibrant Nightlife | Budget Friendly,"['harga', 'wifi', 'cappucino', 'latte', 'pisang', 'matcha']",Rp 15–50k,Malam jam 7pm+,https://www.google.com/maps/place/Fye+Coffee/data=!4m7!3m6!1s0x2dd191f6733a9d23:0x2b012a8611e43383!8m2!3d-8.0986638!4d115.1040557!16s%2Fg%2F11m7q3knq_!19sChIJI506c_aR0S0RgzPkEYYqASs?authuser=0&hl=id&rclk=1,-8.0986638,115.1040557,https://www.tiktok.com/@jil.aqli/video/7597669488443542791,https://www.tiktok.com/@fyecoffeebali/video/7629657392459910421,https://www.tiktok.com/@fyecoffeebali/video/7632512954134580500
571,Danke Cafe,Buleleng,4.1,216,Work from Cafe | Vibrant Nightlife | Budget Friendly,"['harga', 'burger', 'kasirnya', 'coffeeshop', 'smoking room', 'pesan']",Rp 15–50k,Malam jam 7pm+,https://www.google.com/maps/place/Danke+Cafe/data=!4m7!3m6!1s0x2dd19bfbc4eabfb1:0xcd57a09dba96d49!8m2!3d-8.1159325!4d115.0878184!16s%2Fg%2F11fp0nlfsn!19sChIJsb_qxPub0S0RSW2p2wl61Qw?authuser=0&hl=id&rclk=1,-8.1159325,115.0878184,https://www.tiktok.com/@danke_cafe_bali/video/7584378664809221397,https://www.tiktok.com/@singarajafoodie/video/7558801477830053128,https://www.tiktok.com/@danke_cafe_bali/video/7584381481405926676
572,Jacoba Coffee,Buleleng,4.8,28,Work from Cafe | Vibrant Nightlife,"['goreng', 'lontong sayur', 'singkong', 'sambel']",Rp 50–150k,Malam jam 7pm+,https://www.google.com/maps/place/Jacoba+Coffee/data=!4m7!3m6!1s0x2dd19b95cb319151:0xc2a1857a99362b8f!8m2!3d-8.1149633!4d115.0813112!16s%2Fg%2F11lnlqf904!19sChIJUZExy5Wb0S0Rjys2mXqFocI?authuser=0&hl=id&rclk=1,-8.1149633,115.0813112,https://www.tiktok.com/@jacoba.coffee/video/7543062005863746824,https://www.tiktok.com/@jacoba.coffee/video/7545141954758200594,https://www.tiktok.com/@jacoba.coffee/video/7540875664740732168
573,Bati Cafe,Buleleng,4.6,12,Sunset & View | Work from Cafe | Vibrant Nightlife | Budget Friendly,"['pantai', 'sunset', 'goreng', 'harga']",Rp 15–50k,Sunset jam 5–7pm,https://www.google.com/maps/place/Bati+Cafe/data=!4m7!3m6!1s0x2dd19b003a8eb46d:0x916c123cbe63c835!8m2!3d-8.1247927!4d115.0630633!16s%2Fg%2F11zkpyp6bw!19sChIJbbSOOgCb0S0RNchjvjwSbJE?authuser=0&hl=id&rclk=1,-8.1247927,115.0630633,https://www.tiktok.com/@jil.aqli/video/7569536666961022226,https://www.tiktok.com/@blimade_story/video/7581814076796521749,https://www.tiktok.com/@wuulan_darie/video/7573585572191685906
574,Homebro Coffee Bar,Buleleng,4.8,108,Work from Cafe | Vibrant Nightlife | Budget Friendly,['harga'],Rp 15–50k,Malam jam 7pm+,https://www.google.com/maps/place/Homebro+Coffee+Bar/data=!4m7!3m6!1s0x2dd19bb0f3597bdb:0x8d60712ff6a6a89e!8m2!3d-8.1179798!4d115.082379!16s%2Fg%2F11f5_h7ghg!19sChIJ23tZ87Cb0S0Rnqim9i9xYI0?authuser=0&hl=id&rclk=1,-8.1179798,115.082379,https://www.tiktok.com/@seabrew.coffee/video/7566637882694405394,https://www.tiktok.com/@genomcoffeebali/video/7555032621789482251,
575,ASA COFFEE & RESTO Cab. Singaraja (Surabi Kang Cepot),Buleleng,4.4,45,Work from Cafe | Vibrant Nightlife,[],Rp 50–150k,Malam jam 7pm+,https://www.google.com/maps/place/ASA+COFFEE+%26+RESTO+Cab.+Singaraja+%28Surabi+Kang+Cepot%29/data=!4m7!3m6!1s0x2dd19b61373466ad:0x5aa0ef45d7d962d5!8m2!3d-8.1211593!4d115.0924694!16s%2Fg%2F11mv4lzpty!19sChIJrWY0N2Gb0S0R1WLZ10XvoFo?authuser=0&hl=id&rclk=1,-8.1211593,115.0924694,,,
576,Satu Lima Bali,Buleleng,4.6,85,Work from Cafe | Vibrant Nightlife | Budget Friendly,"['harga', 'cake', 'kue', 'kerja', 'nasi', 'balok']",Rp 15–50k,Malam jam 7pm+,https://www.google.com/maps/place/Satu+Lima+Bali/data=!4m7!3m6!1s0x2dd19b1de10ab8d3:0x752f42234d2ff101!8m2!3d-8.1250788!4d115.082867!16s%2Fg%2F11p60cd10n!19sChIJ07gK4R2b0S0RAfEvTSNCL3U?authuser=0&hl=id&rclk=1,-8.1250788,115.082867,,,
577,Golden Valley side ECO CAFE,Buleleng,4.9,93,Sunset & View | Work from Cafe | Vibrant Nightlife | Budget Friendly,"['air terjun', 'harga', 'dessert', 'pendakian', 'kopi luwak', 'alam']",Rp 15–50k,Sunset jam 5–7pm,https://www.google.com/maps/place/Golden+Valley+side+ECO+CAFE/data=!4m7!3m6!1s0x2dd1856f5d5dde0b:0x42a4325b4d85c163!8m2!3d-8.2542902!4d115.0731548!16s%2Fg%2F11tg92p_jh!19sChIJC95dXW-F0S0RY8GFTVsypEI?authuser=0&hl=id&rclk=1,-8.2542902,115.0731548,,,
578,EILO Cafe &Resto,Buleleng,4.9,57,Family Friendly | Work from Cafe | Vibrant Nightlife | Budget Friendly,"['harga', 'musik', 'steak', 'keluarga', 'karaoke', 'pesan']",Rp 15–50k,Malam jam 7pm+,https://www.google.com/maps/place/EILO+Cafe+%26Resto/data=!4m7!3m6!1s0x2dd19b003008c0bb:0x96cb713c01667c1a!8m2!3d-8.1168474!4d115.0859254!16s%2Fg%2F11xzn81xk0!19sChIJu8AIMACb0S0RGnxmATxxy5Y?authuser=0&hl=id&rclk=1,-8.1168474,115.0859254,,,
579,Warung Makan Penglipuran,Bangli,4.8,183,Work from Cafe | Vibrant Nightlife | Budget Friendly,"['harga', 'desa', 'mujair', 'wisata', 'jus', 'keliling']",Rp 15–50k,Malam jam 7pm+,https://www.google.com/maps/place/Warung+Makan+Penglipuran/data=!4m7!3m6!1s0x2dd21934e3a464f3:0x6f6af285e90a2a93!8m2!3d-8.4250174!4d115.3580037!16s%2Fg%2F11tt61q1d5!19sChIJ82Sk4zQZ0i0RkyoK6YXyam8?authuser=0&hl=id&rclk=1,-8.4250174,115.3580037,,,
580,Warung Sari Melati,Bangli,4.5,64,Work from Cafe | Vibrant Nightlife | Budget Friendly,"['sejuk', 'harga', 'babi guling', 'kulitnya', 'goreng']",Rp 15–50k,Malam jam 7pm+,https://www.google.com/maps/place/Warung+Sari+Melati/data=!4m7!3m6!1s0x2dd217e3349edc87:0x73a62df74ec4df71!8m2!3d-8.4795196!4d115.3516388!16s%2Fg%2F11t74b_7c7!19sChIJh9yeNOMX0i0Rcd_ETvctpnM?authuser=0&hl=id&rclk=1,-8.4795196,115.3516388,,,
581,Bamboo Cafe,Bangli,4.5,740,Sunset & View | Work from Cafe | Vibrant Nightlife,"['bambu', 'alam', 'mba', 'wisatawan', 'nyamuk', 'rindang']",Rp 80–200k,Sunset jam 5–7pm,https://www.google.com/maps/place/Bamboo+Cafe/data=!4m7!3m6!1s0x2dd2196eace4f4a9:0x96a5c1006fe19096!8m2!3d-8.4189443!4d115.3602731!16s%2Fg%2F11c268t6g0!19sChIJqfTkrG4Z0i0RlpDhbwDBpZY?authuser=0&hl=id&rclk=1,-8.4189443,115.3602731,,,
582,Floating Restaurant Kedisan,Bangli,4.3,1042,Sunset & View | Work from Cafe | Vibrant Nightlife,"['danau', 'pemandangan', 'lalat', 'angin', 'mujair', 'bali']",Rp 50–150k,Sunset jam 5–7pm,https://www.google.com/maps/place/Floating+Restaurant+Kedisan/data=!4m7!3m6!1s0x2dd1f67b74db3a41:0x9ce150fe52c769f!8m2!3d-8.2812724!4d115.3873697!16s%2Fg%2F11b6hyqqlk!19sChIJQTrbdHv20S0Rn3Ys5Q8Vzgk?authuser=0&hl=id&rclk=1,-8.2812724,115.3873697,,,
583,Cowboy Restaurant Kintamani,Bangli,4.3,266,Sunset & View | Work from Cafe | Vibrant Nightlife,"['pelayanan', 'gunung batur', 'pemandangan', 'lalat', 'danau', 'steak']",Rp 50–150k,Sunset jam 5–7pm,https://www.google.com/maps/place/Cowboy+Restaurant+Kintamani/data=!4m7!3m6!1s0x2dd1f5f2d264a09f:0xa56894e8ac4e22c!8m2!3d-8.2672736!4d115.3417148!16s%2Fg%2F11lgt16c0x!19sChIJn6Bk0vL10S0RLOLEik6JVgo?authuser=0&hl=id&rclk=1,-8.2672736,115.3417148,https://www.tiktok.com/@cowboyrestaurant/video/7593949294793854215,https://www.tiktok.com/@yukkebali/video/7116048014719995162,https://www.tiktok.com/@srix_indra/video/7591697020419575061
584,Rm Melati,Bangli,4.2,79,Work from Cafe | Vibrant Nightlife | Budget Friendly,"['chinese food', 'harga', 'nasi goreng', 'koloke', 'ayam goreng', 'capcay']",Rp 15–50k,Malam jam 7pm+,https://www.google.com/maps/place/Rm+Melati/data=!4m7!3m6!1s0x2dd219c3a0b028cb:0xabbf74d263fe6772!8m2!3d-8.4663062!4d115.3503939!16s%2Fg%2F11c7_3tv7g!19sChIJyyiwoMMZ0i0Rcmf-Y9J0v6s?authuser=0&hl=id&rclk=1,-8.4663062,115.3503939,https://www.tiktok.com/@jeci_jermajesty/video/7603376559076150549,https://www.tiktok.com/@hoteldomestik/video/7578783545154456833,
585,Food Court Alun Alun Bangli,Bangli,4.4,54,Family Friendly | Work from Cafe | Vibrant Nightlife | Budget Friendly,"['harga', 'anak', 'seblak', 'angkringan', 'olahraga', 'bermain']",Rp 15–50k,Malam jam 7pm+,https://www.google.com/maps/place/Food+Court+Alun+Alun+Bangli/data=!4m7!3m6!1s0x2dd219d0dd9d0717:0xbbdf08220971e5f5!8m2!3d-8.4623182!4d115.353738!16s%2Fg%2F11pvgcszhp!19sChIJFwed3dAZ0i0R9eVxCSII37s?authuser=0&hl=id&rclk=1,-8.4623182,115.353738,https://www.tiktok.com/@cendoleobalii/video/7638206888290602247,https://www.tiktok.com/@blidek9/video/7638843352057662738,https://www.tiktok.com/@banglibucketlist/video/7637440228671737108
586,Warung Jowet,Bangli,4.2,708,Sunset & View | Work from Cafe | Vibrant Nightlife,"['mujair', 'gunung batur', 'pemandangan', 'lalat', 'kasir', 'jeruk']",Rp 30–100k,Sunset jam 5–7pm,https://www.google.com/maps/place/Warung+Jowet/data=!4m7!3m6!1s0x2dd1f44fe6d9a37d:0x54ea35f10ec8da9a!8m2!3d-8.2692929!4d115.3434462!16s%2Fg%2F11cn2xc9s1!19sChIJfaPZ5k_00S0RmtrIDvE16lQ?authuser=0&hl=id&rclk=1,-8.2692929,115.3434462,https://www.tiktok.com/@suroso.pontianak/video/7564414674523983125,https://www.tiktok.com/@cippirilily/video/7590303199807180053,https://www.tiktok.com/@seriawati/video/7629186419952454919
587,Rare Cafe & Space,Bangli,4.9,246,Work from Cafe | Vibrant Nightlife | Budget Friendly,"['harga', 'lantai', 'pelayanan', 'strategis', 'estetik', 'meeting room']",Rp 15–50k,Malam jam 7pm+,https://www.google.com/maps/place/Rare+Cafe+%26+Space/data=!4m7!3m6!1s0x2dd219a4353bdd57:0x6c7491d59d16dae8!8m2!3d-8.4606999!4d115.3528096!16s%2Fg%2F11xl1n72gf!19sChIJV907NaQZ0i0R6NoWndWRdGw?authuser=0&hl=id&rclk=1,-8.4606999,115.3528096,https://www.tiktok.com/@raddyns/video/7586196737023429906,https://www.tiktok.com/@raddyns/video/7589168009852538133,https://www.tiktok.com/@nomnombali/video/7596603969149881607
588,Himalila,Bangli,4.7,1111,Sunset & View,"['restoran', 'transportasi umum', 'atm', 'pemandangan', 'gunung batur', 'danau']",Rp 150–400k,Sunset jam 5–7pm,https://www.google.com/maps/place/Himalila/data=!4m7!3m6!1s0x2dd1f51c1737af79:0x8f1fefe3cafd6f3e!8m2!3d-8.2683305!4d115.3425684!16s%2Fg%2F11sdpv9s4t!19sChIJea83Fxz10S0RPm_9yuPvH48?authuser=0&hl=id&rclk=1,-8.2683305,115.3425684,https://www.tiktok.com/@atik_walidaika/video/7408096507905215749,https://www.tiktok.com/@tizty.try/video/7578428328537787656,https://www.tiktok.com/@yesiscaprilia/video/7458555197107834117
589,The Janu Restaurant,Bangli,4.4,171,Sunset & View | Work from Cafe | Vibrant Nightlife,"['lalat', 'profesional', 'foto', 'pemandangan', 'kolam renang', 'danau']",Rp 50–150k,Sunset jam 5–7pm,https://www.google.com/maps/place/The+Janu+Restaurant/data=!4m7!3m6!1s0x2dd1f70026fa71bd:0x1df30041d7541a43!8m2!3d-8.2405059!4d115.4077412!16s%2Fg%2F11ysxl626r!19sChIJvXH6JgD30S0RQxpU10EA8x0?authuser=0&hl=id&rclk=1,-8.2405059,115.4077412,https://www.tiktok.com/@balitravelfolder/video/7594420718918536466,https://www.tiktok.com/@agungindra08/video/7596610304599969044,https://www.tiktok.com/@seanshine137/video/7607131792612658440
590,Madhubann Kintamani :Pure Veg Indian Restaurant,Bangli,4.9,59,Sunset & View | Work from Cafe | Vibrant Nightlife,"['thali', 'samosa', 'vegetarian', 'masala', 'prasmanan', 'chef']",Rp 50–150k,Sunset jam 5–7pm,https://www.google.com/maps/place/Madhubann+Kintamani+:Pure+Veg+Indian+Restaurant/data=!4m7!3m6!1s0x2dd1f550038802b5:0x32c4d0e6cbe881c9!8m2!3d-8.2769825!4d115.3509165!16s%2Fg%2F11mzf1c_bn!19sChIJtQKIA1D10S0RyYHoy-bQxDI?authuser=0&hl=id&rclk=1,-8.2769825,115.3509165,https://www.tiktok.com/@ridingwiththeranas/video/7471154366649568530,https://www.tiktok.com/@djourney40/video/7509421007992524040,https://www.tiktok.com/@balisunshine.nusadua/video/7536048981890288901
591,Pahdi Specialty Coffee,Bangli,4.6,3705,Sunset & View | Work from Cafe | Vibrant Nightlife,"['gunung batur', 'pemandangan', 'lift', 'sunrise', 'the view', 'jambu biji']",Rp 80–200k,Sunrise jam 6–8am,https://www.google.com/maps/place/Pahdi+Specialty+Coffee/data=!4m7!3m6!1s0x2dd1f54144a1f1fd:0x38832355638ac00c!8m2!3d-8.2750595!4d115.348932!16s%2Fg%2F11kqxbjnm8!19sChIJ_fGhREH10S0RDMCKY1Ujgzg?authuser=0&hl=id&rclk=1,-8.2750595,115.348932,https://www.tiktok.com/@makanapa_idn/video/7567715492417359125,https://www.tiktok.com/@bangopaks/video/7604710812929838344,https://www.tiktok.com/@balifoodnlife/video/7514621408463375623
592,Sisi Gege Café & Resto,Bangli,4.8,25,Family Friendly | Work from Cafe | Vibrant Nightlife | Budget Friendly,"['harga', 'keluarga', 'dinner']",Rp 15–50k,Malam jam 7pm+,https://www.google.com/maps/place/Sisi+Gege+Caf%C3%A9+%26+Resto/data=!4m7!3m6!1s0x2dd1f5453ba1edcf:0x41a15e5b513cf557!8m2!3d-8.2601266!4d115.3368384!16s%2Fg%2F11pv5_8c24!19sChIJz-2hO0X10S0RV_U8UVteoUE?authuser=0&hl=id&rclk=1,-8.2601266,115.3368384,https://www.tiktok.com/@pramanazahillkintamani/video/7576899174239620369,https://www.tiktok.com/@pramanazahillkintamani/video/7521584119365504274,https://www.tiktok.com/@pramanazahillkintamani/video/7555435842248903957
593,"Cerita Coffee & Croissant - Bangli, Bali",Bangli,4.9,257,Family Friendly | Work from Cafe | Vibrant Nightlife | Budget Friendly,"['harga', 'keluarga', 'cromboloni', 'estetik', 'matcha', 'pacar']",Rp 15–50k,Malam jam 7pm+,"https://www.google.com/maps/place/Cerita+Coffee+%26+Croissant+-+Bangli,+Bali/data=!4m7!3m6!1s0x2dd219f3760f9183:0x3811c99c5dcc34f!8m2!3d-8.4690952!4d115.3527828!16s%2Fg%2F11ml9jtlz4!19sChIJg5EPdvMZ0i0RT8PcxZkcgQM?authuser=0&hl=id&rclk=1",-8.4690952,115.3527828,https://www.tiktok.com/@banglibucketlist/video/7619131659354475784,https://www.tiktok.com/@djherlinaofficial/video/7570207842108493076,https://www.tiktok.com/@skysun941/video/7631030918618156309
594,Cafe Kebun Penglipuran,Bangli,4.7,405,Sunset & View | Work from Cafe | Vibrant Nightlife,"['hutan', 'garden', 'desa penglipuran', 'kafe', 'mujair', 'persemaian']",Rp 50–150k,Sunset jam 5–7pm,https://www.google.com/maps/place/Cafe+Kebun+Penglipuran/data=!4m7!3m6!1s0x2dd2192e43692f2d:0xca40293642793bb!8m2!3d-8.4183135!4d115.3618733!16s%2Fg%2F11rnk4bn_y!19sChIJLS9pQy4Z0i0Ru5MnZJMCpAw?authuser=0&hl=id&rclk=1,-8.4183135,115.3618733,https://www.tiktok.com/@balimaknyus/video/7581854432082644232,https://www.tiktok.com/@risa.herlina_/video/7590433640006339861,https://www.tiktok.com/@cafekebunpenglipuran/video/7506894104857496833
595,Kedai Kami All Day Breakfast,Bangli,4.9,113,Sunset & View | Work from Cafe | Vibrant Nightlife | Budget Friendly,"['harga', 'pengalaman', 'atmosphere', 'panini', 'tuna', 'lembah']",Rp 15–50k,Sunset jam 5–7pm,https://www.google.com/maps/place/Kedai+Kami+All+Day+Breakfast/data=!4m7!3m6!1s0x2dd2191822b535c7:0xef24d52fa8303295!8m2!3d-8.4530954!4d115.3487583!16s%2Fg%2F11wj7gqpjt!19sChIJxzW1IhgZ0i0RlTIwqC_VJO8?authuser=0&hl=id&rclk=1,-8.4530954,115.3487583,https://www.tiktok.com/@kedaikami39/video/7632519964829797653,https://www.tiktok.com/@_rainalf/video/7606872797293432085,
596,NUGI BALI,Bangli,4.7,63,Family Friendly | Work from Cafe | Vibrant Nightlife | Budget Friendly,"['harga', 'kasir', 'pagi', 'kata', 'luas']",Rp 15–50k,Malam jam 7pm+,https://www.google.com/maps/place/NUGI+BALI/data=!4m7!3m6!1s0x2dd2190044e1c829:0x3e458d94f204718b!8m2!3d-8.4663646!4d115.350125!16s%2Fg%2F11y5mclyn7!19sChIJKcjhRAAZ0i0Ri3EE8pSNRT4?authuser=0&hl=id&rclk=1,-8.4663646,115.350125,https://www.tiktok.com/@banglibucketlist/video/7618394402783792392,https://www.tiktok.com/@banglibucketlist/video/7635619827788385543,https://www.tiktok.com/@ayuujunia/video/7506016533894696200
597,Giri Alam Coffee,Bangli,4.9,23,Work from Cafe | Vibrant Nightlife,"['pencicipan anggur', 'arabica', 'pilihan']",Rp 50–150k,Malam jam 7pm+,https://www.google.com/maps/place/Giri+Alam+Coffee/data=!4m7!3m6!1s0x2dd2190fd2807b15:0x19cc45ec3d0ff20f!8m2!3d-8.4492416!4d115.3576858!16s%2Fg%2F11p99z_104!19sChIJFXuA0g8Z0i0RD_IPPexFzBk?authuser=0&hl=id&rclk=1,-8.4492416,115.3576858,https://www.tiktok.com/@rumahbumn.bali/video/7593028807607471380,https://www.tiktok.com/@plut_bangli/video/7399511689219017989,https://www.tiktok.com/@gigita1818/video/7631044339329846546
598,Alas Bali coffee,Bangli,4.8,70,Sunset & View | Work from Cafe | Vibrant Nightlife,"['kopi luwak', 'atmosphere', 'mencicipi', 'pengalaman', 'the view', 'hutan']",Rp 50–150k,Sunset jam 5–7pm,https://www.google.com/maps/place/Alas+Bali+coffee/data=!4m7!3m6!1s0x2dd21fa973b56045:0xab8be270be9206a0!8m2!3d-8.3797919!4d115.3361333!16s%2Fg%2F11t838zwl_!19sChIJRWC1c6kf0i0RoAaSvnDii6s?authuser=0&hl=id&rclk=1,-8.3797919,115.3361333,https://www.tiktok.com/@alas_coffee/video/7384742940603600134,https://www.tiktok.com/@alas_coffee/video/7386981188247899398,https://www.tiktok.com/@balidriverandguide/video/7581411435457121556
599,AKASA,Bangli,4.5,10088,Sunset & View | Work from Cafe | Vibrant Nightlife,"['gunung batur', 'lalat', 'sunrise', 'danau', 'kabut', 'selimut']",Rp 80–200k,Sunrise jam 6–8am,https://www.google.com/maps/place/AKASA/data=!4m7!3m6!1s0x2dd1f5e1984fef6b:0xa5be2accdf6b4ba8!8m2!3d-8.279617!4d115.357559!16s%2Fg%2F11h0_k_2r1!19sChIJa-9PmOH10S0RqEtr38wqvqU?authuser=0&hl=id&rclk=1,-8.279617,115.357559,https://www.tiktok.com/@pakde_hanss/video/7370281084946271493,https://www.tiktok.com/@akasa_specialtycoffee/video/7519651924640075064,https://www.tiktok.com/@doni.ns01/video/7501364668296908037
600,Point Coffee,Bangli,3.9,20,Work from Cafe | Vibrant Nightlife,"['barista', 'latte']",Rp 30–100k,Malam jam 7pm+,https://www.google.com/maps/place/Point+Coffee/data=!4m7!3m6!1s0x2dd2190f26d63421:0x7b9cbaa8c48f8ad2!8m2!3d-8.4603022!4d115.3528148!16s%2Fg%2F11s7c3fdjb!19sChIJITTWJg8Z0i0R0oqPxKi6nHs?authuser=0&hl=id&rclk=1,-8.4603022,115.3528148,https://www.tiktok.com/@telap_telep99/video/7621024230729141525,https://www.tiktok.com/@telap_telep99/video/7621758733885902100,https://www.tiktok.com/@telap_telep99/video/7620725878045019413
601,Tamarillo Hexacafe Bali,Bangli,4.5,429,Sunset & View | Work from Cafe | Vibrant Nightlife,"['mujair', 'pemandangan', 'gunung batur', 'bumbu', 'pesan', 'dingin']",Rp 50–150k,Sunset jam 5–7pm,https://www.google.com/maps/place/Tamarillo+Hexacafe+Bali/data=!4m7!3m6!1s0x2dd1f5f0e2d3dc63:0xdc312e837876a7c7!8m2!3d-8.259001!4d115.3375282!16s%2Fg%2F11p4_8vpy2!19sChIJY9zT4vD10S0Rx6d2eIMuMdw?authuser=0&hl=id&rclk=1,-8.259001,115.3375282,https://www.tiktok.com/@makanmelali.bali/video/7597646164288310546,https://www.tiktok.com/@amrykids_/video/7531055898467273989,https://www.tiktok.com/@ditarni_9/video/7592031587613625620
602,ATTALAS CAFE,Bangli,4.2,237,Sunset & View | Work from Cafe | Vibrant Nightlife,"['pemandangan', 'gunung batur', 'danau', 'mujair', 'lalat', 'foto']",Rp 30–100k,Sunset jam 5–7pm,https://www.google.com/maps/place/ATTALAS+CAFE/data=!4m7!3m6!1s0x2dd1f579afd7161f:0xc4036299583a290a!8m2!3d-8.2766413!4d115.3505164!16s%2Fg%2F11qg9ylm_5!19sChIJHxbXr3n10S0RCik6WJliA8Q?authuser=0&hl=id&rclk=1,-8.2766413,115.3505164,https://www.tiktok.com/@attalascafe/video/7619670837616069908,https://www.tiktok.com/@emmaliana77/video/7598110256757050631,https://www.tiktok.com/@attalascafe/video/7634935632887811348
603,Coffe Lingsir,Bangli,4.6,30,Work from Cafe | Vibrant Nightlife,[],Rp 50–150k,Malam jam 7pm+,https://www.google.com/maps/place/Coffe+Lingsir/data=!4m7!3m6!1s0x2dd2170053dc4a31:0x86211638673a1219!8m2!3d-8.4825753!4d115.3520388!16s%2Fg%2F11yc57sl37!19sChIJMUrcUwAX0i0RGRI6ZzgWIYY?authuser=0&hl=id&rclk=1,-8.4825753,115.3520388,,,
604,"Warung Belayag ""Dek Ani""",Karangasem,4.6,553,Work from Cafe | Vibrant Nightlife,"['tempe', 'manis', 'ketupat', 'lontong', 'tradisional', 'santan']",Rp 80–200k,Malam jam 7pm+,https://www.google.com/maps/place/Warung+Belayag+%22Dek+Ani%22/data=!4m7!3m6!1s0x2dd2063339df5acb:0x8f3f90bf05a71854!8m2!3d-8.4470063!4d115.6147201!16s%2Fg%2F11bv1nf2vq!19sChIJy1rfOTMG0i0RVBinBb-QP48?authuser=0&hl=id&rclk=1,-8.4470063,115.6147201,https://www.tiktok.com/@makanyubeb/video/7630065936468413716,https://www.tiktok.com/@mgdalenafofficial/video/7627074084098067733,
605,Warung Asri,Karangasem,4.7,402,Sunset & View | Work from Cafe | Vibrant Nightlife,"['pantai', 'sunset', 'ikan lemadang', 'snorkling', 'tuna', 'nasi campur']",Rp 50–150k,Sunset jam 5–7pm,https://www.google.com/maps/place/Warung+Asri/data=!4m7!3m6!1s0x2dcdff6c843564cb:0xe0d45dbe8db64c66!8m2!3d-8.3513186!4d115.6849494!16s%2Fg%2F11f657zvhp!19sChIJy2Q1hGz_zS0RZky2jb5d1OA?authuser=0&hl=id&rclk=1,-8.3513186,115.6849494,https://www.tiktok.com/@freedivetravel/video/7635289408156994838,https://www.tiktok.com/@visit.westbali/video/7627269965271551253,https://www.tiktok.com/@balinextstop/video/7551728239639579911
606,"Warung B,tok",Karangasem,4.8,292,Family Friendly | Work from Cafe | Vibrant Nightlife,"['taman', 'service', 'atmosphere', 'luas', 'bali', 'petang']",Rp 50–150k,Malam jam 7pm+,"https://www.google.com/maps/place/Warung+B,tok/data=!4m7!3m6!1s0x2dd20f130931f30b:0xe393088fe2cfa7ed!8m2!3d-8.5041034!4d115.5490527!16s%2Fg%2F11n105shdx!19sChIJC_MxCRMP0i0R7afP4o8Ik-M?authuser=0&hl=id&rclk=1",-8.5041034,115.5490527,,,
607,Gembleng Restaurant,Karangasem,4.9,160,Sunset & View | Work from Cafe | Vibrant Nightlife | Budget Friendly,"['harga', 'air terjun', 'the view', 'spesies', 'jus', 'smoothie bowl']",Rp 15–50k,Sunset jam 5–7pm,https://www.google.com/maps/place/Gembleng+Restaurant/data=!4m7!3m6!1s0x2dd2111fbd08cf9b:0x7ce8ef3b7dff73d6!8m2!3d-8.4928786!4d115.4619564!16s%2Fg%2F11kqm_7csn!19sChIJm88IvR8R0i0R1nP_fTvv6Hw?authuser=0&hl=id&rclk=1,-8.4928786,115.4619564,,,
608,Fishermen Cafe,Karangasem,4.6,292,Sunset & View | Work from Cafe | Vibrant Nightlife,"['pantai', 'shower', 'kelapa', 'taman', 'ikan lemadang', 'pijat']",Rp 50–150k,Sunset jam 5–7pm,https://www.google.com/maps/place/Fishermen+Cafe/data=!4m7!3m6!1s0x2dd209d2d93f0ab3:0xd4296b55b4b35bad!8m2!3d-8.499848!4d115.6108634!16s%2Fg%2F11n0pf1tk0!19sChIJswo_2dIJ0i0RrVuztFVrKdQ?authuser=0&hl=id&rclk=1,-8.499848,115.6108634,,,
609,Warung Batas Kota Karangasem,Karangasem,4.7,182,Work from Cafe | Vibrant Nightlife | Budget Friendly,"['harga', 'makanan korea', 'taman', 'spring roll', 'nasi bakar', 'teriyaki']",Rp 15–50k,Malam jam 7pm+,https://www.google.com/maps/place/Warung+Batas+Kota+Karangasem/data=!4m7!3m6!1s0x2dd2097f6b1a728f:0x7e79775e36f0e92e!8m2!3d-8.4691946!4d115.6140579!16s%2Fg%2F11jpt0z5ps!19sChIJj3Iaa38J0i0RLunwNl53eX4?authuser=0&hl=id&rclk=1,-8.4691946,115.6140579,https://www.tiktok.com/@warung.bataskota/video/7391337132435967237,https://www.tiktok.com/@dharmaja83/video/7625198384978103560,https://www.tiktok.com/@gedemaharta3/video/7574628296491584776
610,Warung Boga Samatra,Karangasem,4.8,365,Work from Cafe | Vibrant Nightlife,"['bali', 'fish', 'service', 'dinner', 'makanan lokal', 'iga babi']",Rp 50–150k,Malam jam 7pm+,https://www.google.com/maps/place/Warung+Boga+Samatra/data=!4m7!3m6!1s0x2dd20f20f0184bb7:0x8ee2939b577ee25a!8m2!3d-8.5031269!4d115.5520628!16s%2Fg%2F11b_01_kwy!19sChIJt0sY8CAP0i0RWuJ-V5uT4o4?authuser=0&hl=id&rclk=1,-8.5031269,115.5520628,https://www.tiktok.com/@capsulenik/video/7380173535043407110,https://www.tiktok.com/@warungbogadiuma/video/7516117608979205382,
611,Panorama Sidemen,Karangasem,4.8,159,Sunset & View | Work from Cafe | Vibrant Nightlife | Budget Friendly,"['sawah', 'gunung agung', 'harga', 'pendakian', 'kelapa', 'pandangan']",Rp 15–50k,Sunset jam 5–7pm,https://www.google.com/maps/place/Panorama+Sidemen/data=!4m7!3m6!1s0x2dd211005819a78b:0xd52feb7a46817e16!8m2!3d-8.4765785!4d115.434963!16s%2Fg%2F11y4r2q42p!19sChIJi6cZWAAR0i0RFn6BRnrrL9U?authuser=0&hl=id&rclk=1,-8.4765785,115.434963,https://www.tiktok.com/@laurathefoodexplorer/video/7536155358067182854,https://www.tiktok.com/@sansanjapan/video/7521149610321120545,https://www.tiktok.com/@gedesila_/video/7619520588989697287
612,Warung Sari Laut,Karangasem,4.8,431,Sunset & View | Work from Cafe | Vibrant Nightlife,"['barakuda', 'samudra', 'kakap merah utara', 'teluk', 'ikan bakar', 'kue putu']",Rp 50–150k,Sunset jam 5–7pm,https://www.google.com/maps/place/Warung+Sari+Laut/data=!4m7!3m6!1s0x2dd20f6d24028b43:0x2fae6ce95425decd!8m2!3d-8.5327765!4d115.5128332!16s%2Fg%2F11swdkk2nw!19sChIJQ4sCJG0P0i0Rzd4lVOlsri8?authuser=0&hl=id&rclk=1,-8.5327765,115.5128332,https://www.tiktok.com/@twistedpaenus/video/7544022534048517383,https://www.tiktok.com/@aauubbii/video/7616311422913432853,https://www.tiktok.com/@edi.notorogo/video/7581428560305376530
613,MMA BALI,Karangasem,4.7,354,Work from Cafe | Vibrant Nightlife,"['ikan', 'warung', 'tempe', 'sandwich gulung', 'grill', 'senyum']",Rp 50–150k,Malam jam 7pm+,https://www.google.com/maps/place/MMA+BALI/data=!4m7!3m6!1s0x2dd201ae16b1600d:0x430495b7d96ede68!8m2!3d-8.3343658!4d115.6382145!16s%2Fg%2F11qntry58v!19sChIJDWCxFq4B0i0RaN5u2beVBEM?authuser=0&hl=id&rclk=1,-8.3343658,115.6382145,https://www.tiktok.com/@boypepito/video/7572959549095742740,https://www.tiktok.com/@eqmen_jp04/video/7607447579982417173,https://www.tiktok.com/@bagussboxer/video/7615263399064227092
614,Sails Restaurant,Karangasem,4.6,292,Sunset & View | Work from Cafe | Vibrant Nightlife,"['steak', 'cocktail', 'ikan lemadang', 'samudra', 'lamb', 'mashed potato']",Rp 50–150k,Sunset jam 5–7pm,https://www.google.com/maps/place/Sails+Restaurant/data=!4m7!3m6!1s0x2dcdff14da0141bf:0xf13940e674e85d8e!8m2!3d-8.3523824!4d115.6872324!16s%2Fg%2F11clyszqts!19sChIJv0EB2hT_zS0Rjl3odOZAOfE?authuser=0&hl=id&rclk=1,-8.3523824,115.6872324,,,
615,Warung Devassa,Karangasem,4.0,887,Sunset & View | Work from Cafe | Vibrant Nightlife,"['sawah', 'pemandangan', 'tirta gangga', 'pajak', 'nasi goreng', 'kuliner']",Rp 30–100k,Sunset jam 5–7pm,https://www.google.com/maps/place/Warung+Devassa/data=!4m7!3m6!1s0x2dd207ac6675953b:0x32b577c233edef24!8m2!3d-8.4124097!4d115.5883021!16s%2Fg%2F11hdvk2_s_!19sChIJO5V1ZqwH0i0RJO_tM8J3tTI?authuser=0&hl=id&rclk=1,-8.4124097,115.5883021,,,
616,Lotus Seaview Restaurant,Karangasem,4.3,496,Sunset & View | Work from Cafe | Vibrant Nightlife | Romantic & Cozy,"['pizza', 'pantai', 'sunset', 'cocktail', 'masakan indonesia', 'nasi goreng']",Rp 50–150k,Sunset jam 5–7pm,https://www.google.com/maps/place/Lotus+Seaview+Restaurant/data=!4m7!3m6!1s0x2dd20ed43097b035:0x8bc9a4e993424cc8!8m2!3d-8.5078476!4d115.5634465!16s%2Fg%2F11gb3ys950!19sChIJNbCXMNQO0i0RyExCk-mkyYs?authuser=0&hl=id&rclk=1,-8.5078476,115.5634465,https://www.tiktok.com/@trinisa56/video/7508956846871285048,https://www.tiktok.com/@foodiegodisland/video/7291469855230889222,https://www.tiktok.com/@foodbeacon/video/7494269626210159927
617,Loaf Candidasa Cafe,Karangasem,4.5,444,Work from Cafe | Vibrant Nightlife,"['bread', 'service', 'makan siang', 'atmosphere', 'eggs benedict', 'cash']",Rp 50–150k,Malam jam 7pm+,https://www.google.com/maps/place/Loaf+Candidasa+Cafe/data=!4m7!3m6!1s0x2dd20ed5d939440d:0xf91b9fe6f9b5f26c!8m2!3d-8.5062566!4d115.5624285!16s%2Fg%2F11b90c6jt8!19sChIJDUQ52dUO0i0RbPK1-eafG_k?authuser=0&hl=id&rclk=1,-8.5062566,115.5624285,https://www.tiktok.com/@mangcheromero/video/7620654632884342037,,
618,WARUNG BUDIAYU,Karangasem,4.9,512,Work from Cafe | Vibrant Nightlife,"['spring roll', 'bali', 'local food', 'tutu', 'lotek', 'masakan indonesia']",Rp 80–200k,Malam jam 7pm+,https://www.google.com/maps/place/WARUNG+BUDIAYU/data=!4m7!3m6!1s0x2dd20ed62e452e7b:0x105e075d299309f4!8m2!3d-8.5054702!4d115.5597179!16s%2Fg%2F11c5__zq46!19sChIJey5FLtYO0i0R9AmTKV0HXhA?authuser=0&hl=id&rclk=1,-8.5054702,115.5597179,,,
619,Zaitun Restaurant Amed,Karangasem,4.8,595,Work from Cafe | Vibrant Nightlife,"['omelet spanyol', 'hidangan spanyol', 'kroket', 'hidangan mediterania', 'ikan lemadang', 'pa amb tomàquet']",Rp 80–200k,Malam jam 7pm+,https://www.google.com/maps/place/Zaitun+Restaurant+Amed/data=!4m7!3m6!1s0x2dd2013279ef6fc5:0x7d870e85deaa5f32!8m2!3d-8.3356259!4d115.647481!16s%2Fg%2F11t5tjtg42!19sChIJxW_veTIB0i0RMl-q3oUOh30?authuser=0&hl=id&rclk=1,-8.3356259,115.647481,https://www.tiktok.com/@ikganaarbali/video/7347898104559045920,https://www.tiktok.com/@zaitun_restaurant/video/7524820034099629318,
620,Koli Koli Bali,Karangasem,4.8,1362,Sunset & View | Work from Cafe | Vibrant Nightlife,"['sidemen', 'sawah', 'the view', 'gunung agung', 'kolam terjun', 'adi']",Rp 150–400k,Sunset jam 5–7pm,https://www.google.com/maps/place/Koli+Koli+Bali/data=!4m7!3m6!1s0x2dd211325ddaafd3:0xe9dec15a62bf1b44!8m2!3d-8.4796504!4d115.4346996!16s%2Fg%2F11wv5x874g!19sChIJ06_aXTIR0i0RRBu_YlrB3uk?authuser=0&hl=id&rclk=1,-8.4796504,115.4346996,https://www.tiktok.com/@jelita.skr/video/7600169761997098260,https://www.tiktok.com/@sammyvagabond/video/7486732826411289878,https://www.tiktok.com/@ikganaarbali/video/7517808209059384609
621,Deloise Restaurant,Karangasem,4.7,1627,Work from Cafe | Vibrant Nightlife,"['india', 'tirta gangga', 'pajak', 'driver', 'sopir', 'ayam betutu']",Rp 150–400k,Malam jam 7pm+,https://www.google.com/maps/place/Deloise+Restaurant/data=!4m7!3m6!1s0x2dd207c952661f59:0xbd06d74f54c450bc!8m2!3d-8.4121548!4d115.5882968!16s%2Fg%2F11ss84gy3s!19sChIJWR9mUskH0i0RvFDEVE_XBr0?authuser=0&hl=id&rclk=1,-8.4121548,115.5882968,https://www.tiktok.com/@deloise_1/video/7607326119301238036,https://www.tiktok.com/@deloise_1/video/7627815348011535637,https://www.tiktok.com/@deloise_1/video/7599252832730057991
622,Lihat Sawah Warung,Karangasem,4.8,1009,Work from Cafe | Vibrant Nightlife,"['cocktail', 'sidemen', 'nasi goreng', 'masakan indonesia', 'rendang daging sapi', 'bali']",Rp 150–400k,Malam jam 7pm+,https://www.google.com/maps/place/Lihat+Sawah+Warung/data=!4m7!3m6!1s0x2dd21077b513b4d7:0x36e0dd8f9e87ae9d!8m2!3d-8.4740541!4d115.4405953!16s%2Fg%2F11dxrz19f_!19sChIJ17QTtXcQ0i0Rna6Hno_d4DY?authuser=0&hl=id&rclk=1,-8.4740541,115.4405953,https://www.tiktok.com/@nomnombali/video/7635577787478330632,https://www.tiktok.com/@yutaaathappp/video/7532352488654048518,https://www.tiktok.com/@balinextstop/video/7551728239639579911
623,D'padi Restaurant,Karangasem,4.8,1564,Sunset & View | Work from Cafe | Vibrant Nightlife,"['konser', 'sidemen', 'sawah', 'desak', 'band', 'kue cokelat cair']",Rp 150–400k,Sunset jam 5–7pm,https://www.google.com/maps/place/D%27padi+Restaurant/data=!4m7!3m6!1s0x2dd2117d0f802c07:0x9176ade722a587dd!8m2!3d-8.4754553!4d115.4405802!16s%2Fg%2F11h3qrr5n9!19sChIJByyAD30R0i0R3YelIuetdpE?authuser=0&hl=id&rclk=1,-8.4754553,115.4405802,,,
624,The Sarira Restaurant,Karangasem,4.9,109,Sunset & View | Work from Cafe | Vibrant Nightlife | Budget Friendly,"['makan malam', 'pantai', 'pemandangan', 'atmosphere', 'sunset', 'resort']",Rp 15–50k,Sunset jam 5–7pm,https://www.google.com/maps/place/The+Sarira+Restaurant/data=!4m7!3m6!1s0x2dd2098792e1f965:0x369cf59a8dc7dbd1!8m2!3d-8.5128707!4d115.5775855!16s%2Fg%2F11wr3tkc01!19sChIJZfnhkocJ0i0R0dvHjZr1nDY?authuser=0&hl=id&rclk=1,-8.5128707,115.5775855,https://www.tiktok.com/@nusabali.com/video/7620806084432760084,https://www.tiktok.com/@thesarirarestaurant/video/7588183267593964820,https://www.tiktok.com/@thesarirarestaurant/video/7589563889113697557
625,Numa Bali Restaurant,Karangasem,4.7,100,Sunset & View | Work from Cafe | Vibrant Nightlife | Budget Friendly,"['sarapan', 'spesies', 'sidemen', 'sawah', 'harga', 'roti panggang alpukat']",Rp 15–50k,Sunset jam 5–7pm,https://www.google.com/maps/place/Numa+Bali+Restaurant/data=!4m7!3m6!1s0x2dd211a8acab11b9:0xb347608db8ae33f8!8m2!3d-8.4770683!4d115.4347477!16s%2Fg%2F11y60j_m1d!19sChIJuRGrrKgR0i0R-DOuuI1gR7M?authuser=0&hl=id&rclk=1,-8.4770683,115.4347477,https://www.tiktok.com/@yomidun/video/7593565871054834964,https://www.tiktok.com/@mysoulispain/video/7621785673363721494,https://www.tiktok.com/@swisswoow/video/7621849933880003862
626,Warung Candidasa Moka,Karangasem,4.6,192,Sunset & View | Work from Cafe | Vibrant Nightlife,"['makan malam', 'service', 'rendang', 'sate', 'taman', 'villa']",Rp 50–150k,Sunset jam 5–7pm,https://www.google.com/maps/place/Warung+Candidasa+Moka/data=!4m7!3m6!1s0x2dd2092e63f81343:0x60656ebd784f0f7e!8m2!3d-8.511697!4d115.5754362!16s%2Fg%2F11f037_gmg!19sChIJQxP4Yy4J0i0Rfg9PeL1uZWA?authuser=0&hl=id&rclk=1,-8.511697,115.5754362,,,
627,Dineora Bali | Mount Agung Views,Karangasem,4.9,782,Sunset & View | Work from Cafe | Vibrant Nightlife,"['sidemen', 'the view', 'penyajian makanan', 'sawah', 'tahu', 'bambu']",Rp 80–200k,Sunset jam 5–7pm,https://www.google.com/maps/place/Dineora+Bali+%7C+Mount+Agung+Views/data=!4m7!3m6!1s0x2dd2119d5546f7a1:0xc47f70d408458d6c!8m2!3d-8.4735977!4d115.441612!16s%2Fg%2F11ltv6vh7d!19sChIJofdGVZ0R0i0RbI1FCNRwf8Q?authuser=0&hl=id&rclk=1,-8.4735977,115.441612,https://www.tiktok.com/@macboatswain/video/7582401074175298838,https://www.tiktok.com/@travelwithyuyu/video/7498011065289166086,https://www.tiktok.com/@iyang.bawww/video/7551278778626968849
628,PULLE COFFEE & EATERY,Karangasem,4.7,135,Sunset & View | Work from Cafe | Vibrant Nightlife | Budget Friendly,"['harga', 'pizza', 'santai', 'musiknya', 'pemandangan', 'helm']",Rp 15–50k,Sunset jam 5–7pm,https://www.google.com/maps/place/PULLE+COFFEE+%26+EATERY/data=!4m7!3m6!1s0x2dd207004d65cf03:0x75ae42c3541a2010!8m2!3d-8.412038!4d115.589636!16s%2Fg%2F11yx1j73p7!19sChIJA89lTQAH0i0RECAaVMNCrnU?authuser=0&hl=id&rclk=1,-8.412038,115.589636,https://www.tiktok.com/@astaribali/video/7607075535914618132,https://www.tiktok.com/@pullecoffeeandeatery_/video/7629316578449902855,https://www.tiktok.com/@yogi.varella/video/7613354119218089232
629,OREGANO WARUNG,Klungkung,4.6,520,Work from Cafe | Vibrant Nightlife,"['pulau', 'dadar gulung', 'mie goreng', 'indonesian food', 'tempe', 'sate']",Rp 80–200k,Malam jam 7pm+,https://www.google.com/maps/place/OREGANO+WARUNG/data=!4m7!3m6!1s0x2dd273d225541817:0x7bd552a667c0c299!8m2!3d-8.7078994!4d115.4783485!16s%2Fg%2F11h55nt5gw!19sChIJFxhUJdJz0i0RmcLAZ6ZS1Xs?authuser=0&hl=id&rclk=1,-8.7078994,115.4783485,,,
630,Medaran Balinese Cuisine,Klungkung,4.8,293,Work from Cafe | Vibrant Nightlife,"['rempah', 'masakan indonesia', 'pulau', 'cocktail', 'nasi campur', 'lokal']",Rp 50–150k,Malam jam 7pm+,https://www.google.com/maps/place/Medaran+Balinese+Cuisine/data=!4m7!3m6!1s0x2dd2732b0834699b:0x562035cd50b132cd!8m2!3d-8.6760873!4d115.5487032!16s%2Fg%2F11kyvnk5cq!19sChIJm2k0CCtz0i0RzTKxUM01IFY?authuser=0&hl=id&rclk=1,-8.6760873,115.5487032,https://www.tiktok.com/@yogi_hard_work/video/7318242077903490310,,
631,Warung Giyur Baladewa,Klungkung,4.3,136,Work from Cafe | Vibrant Nightlife | Budget Friendly,"['harga', 'rujak', 'pelayanan', 'tipat', 'penjualnya', 'kuliner']",Rp 15–50k,Malam jam 7pm+,https://www.google.com/maps/place/Warung+Giyur+Baladewa/data=!4m7!3m6!1s0x2dd2116a6b7ec89f:0x1d25e034c0d40e6d!8m2!3d-8.5396027!4d115.4034412!16s%2Fg%2F11c2nnsdkk!19sChIJn8h-a2oR0i0RbQ7UwDTgJR0?authuser=0&hl=id&rclk=1,-8.5396027,115.4034412,https://www.tiktok.com/@warunggiyur/video/7613741286306188562,https://www.tiktok.com/@sedang.berupaya/video/7559157597777988920,https://www.tiktok.com/@warunggiyur/video/7614844446252748050
632,Warung Jungle,Klungkung,4.3,858,Work from Cafe | Vibrant Nightlife,"['kakap merah utara', 'pulau', 'nasi goreng', 'cumi', 'bbq', 'ikan bakar']",Rp 50–150k,Malam jam 7pm+,https://www.google.com/maps/place/Warung+Jungle/data=!4m7!3m6!1s0x2dd27274bf6a393b:0xa771c48fdb494afe!8m2!3d-8.6940244!4d115.4893081!16s%2Fg%2F11b86ddzly!19sChIJOzlqv3Ry0i0R_kpJ24_Ecac?authuser=0&hl=id&rclk=1,-8.6940244,115.4893081,https://www.tiktok.com/@dapurlokalsanur/video/7531230179302149384,,
633,Warung Bu Lala,Klungkung,4.5,185,Family Friendly | Work from Cafe | Vibrant Nightlife | Budget Friendly,"['harga', 'sambal', 'lalapan', 'luas', 'soto ayam', 'tempe']",Rp 15–50k,Malam jam 7pm+,https://www.google.com/maps/place/Warung+Bu+Lala/data=!4m7!3m6!1s0x2dd2116bd5009faf:0x3c77b0684bc980e0!8m2!3d-8.5406948!4d115.4054768!16s%2Fg%2F11gcyc9lvw!19sChIJr58A1WsR0i0R4IDJS2iwdzw?authuser=0&hl=id&rclk=1,-8.5406948,115.4054768,https://www.tiktok.com/@kulinerin_klungkung/video/7579799585707658504,https://www.tiktok.com/@gekcantik25/video/7473042186297298231,https://www.tiktok.com/@soezan85/video/7467378089064926469
634,Sibarita bar & resto,Klungkung,4.6,215,Sunset & View | Work from Cafe | Vibrant Nightlife,"['cocktail', 'taco', 'sunset', 'pulau', 'gin dan tonik', 'snorkling']",Rp 50–150k,Sunset jam 5–7pm,https://www.google.com/maps/place/Sibarita+bar+%26+resto/data=!4m7!3m6!1s0x2dd2730cf62fc26b:0x4846c31265e4d886!8m2!3d-8.6733097!4d115.5056024!16s%2Fg%2F11t27b_tds!19sChIJa8Iv9gxz0i0RhtjkZRLDRkg?authuser=0&hl=id&rclk=1,-8.6733097,115.5056024,https://www.tiktok.com/@fajarprasetya29/video/7506890434505870648,https://www.tiktok.com/@k.rest0/video/7611860485666852116,
635,Tempat Makan,Klungkung,4.0,7,Work from Cafe | Vibrant Nightlife,[],Rp 30–100k,Malam jam 7pm+,https://www.google.com/maps/place/Tempat+Makan/data=!4m7!3m6!1s0x2dd211428b2a6987:0x8be85450fca1dc0d!8m2!3d-8.543825!4d115.4008126!16s%2Fg%2F11cjmn_xsz!19sChIJh2kqi0IR0i0RDdyh_FBU6Is?authuser=0&hl=id&rclk=1,-8.543825,115.4008126,https://www.tiktok.com/@abiteofplace/video/7596985018489113864,https://www.tiktok.com/@papaziowowor/video/7568530959969094933,
636,Babi Guling Sarin Paon Klungkung,Klungkung,4.8,25,Work from Cafe | Vibrant Nightlife | Budget Friendly,"['pelayanan', 'harga', 'rumah sakit', 'bumbu']",Rp 15–50k,Malam jam 7pm+,https://www.google.com/maps/place/Babi+Guling+Sarin+Paon+Klungkung/data=!4m7!3m6!1s0x2dd21100029ce4b7:0xf59eaf992347a024!8m2!3d-8.5418183!4d115.4007685!16s%2Fg%2F11vjrlk250!19sChIJt-ScAgAR0i0RJKBHI5mvnvU?authuser=0&hl=id&rclk=1,-8.5418183,115.4007685,https://www.tiktok.com/@wayan.suparta72/video/7602875117714165000,https://www.tiktok.com/@wayan.suparta72/video/7580581363670174984,https://www.tiktok.com/@wayan.suparta72/video/7613944345351195922
637,SeaTara Kitchen Grill & Bar,Klungkung,4.7,173,Work from Cafe | Vibrant Nightlife,"['pork belly', 'rice', 'pulau', 'kari makanan laut', 'ayam madu', 'kuliner']",Rp 50–150k,Malam jam 7pm+,https://www.google.com/maps/place/SeaTara+Kitchen+Grill+%26+Bar/data=!4m7!3m6!1s0x2dd277904566fbed:0x95221da391675fa2!8m2!3d-8.7060251!4d115.5844508!16s%2Fg%2F11svb8n6x7!19sChIJ7ftmRZB30i0Rol9nkaMdIpU?authuser=0&hl=id&rclk=1,-8.7060251,115.5844508,https://www.tiktok.com/@sjrlegal_litigationqueen/video/7541324004158704898,https://www.tiktok.com/@zsoltzsemba/video/7600593864671366420,https://www.tiktok.com/@balitravelfolder/video/7366589876357156102
638,Jus Masa Lalu Klungkung,Klungkung,4.7,170,Work from Cafe | Vibrant Nightlife | Budget Friendly,"['harga', 'gula', 'kasirnya', 'es buah', 'cup', 'strategis']",Rp 15–50k,Malam jam 7pm+,https://www.google.com/maps/place/Jus+Masa+Lalu+Klungkung/data=!4m7!3m6!1s0x2dd2110016bedb27:0x6e9793294a0a4f43!8m2!3d-8.534608!4d115.4039071!16s%2Fg%2F11vrn52g_r!19sChIJJ9u-FgAR0i0RQ08KSimTl24?authuser=0&hl=id&rclk=1,-8.534608,115.4039071,https://www.tiktok.com/@deliciousbalii/video/7510892315737738502,https://www.tiktok.com/@hendyprdn/video/7507856506520489224,https://www.tiktok.com/@jusmasalalu/video/7475154464576507154
639,Warung Nyoman Surgi (Kedai & Cafe Kuta'pang),Klungkung,4.9,856,Work from Cafe | Vibrant Nightlife,"['karoke', 'pulau', 'mie goreng', 'masakan indonesia', 'pepes', 'nasi bakar']",Rp 80–200k,Malam jam 7pm+,https://www.google.com/maps/place/Warung+Nyoman+Surgi+%28Kedai+%26+Cafe+Kuta%27pang%29/data=!4m7!3m6!1s0x2dd2731c49b55c9b:0xb2031bb102e4ddfe!8m2!3d-8.6754325!4d115.5681538!16s%2Fg%2F11pkfkxy7y!19sChIJm1y1SRxz0i0R_t3kArEbA7I?authuser=0&hl=id&rclk=1,-8.6754325,115.5681538,https://www.tiktok.com/@warung.nyomansurgi/video/7451989184807570704,https://www.tiktok.com/@warung.nyomansurgi/video/7450010221465914640,https://www.tiktok.com/@warung.nyomansurgi/video/7502372159906467089
640,The Dungki Bendega Resto,Klungkung,4.8,534,Work from Cafe | Vibrant Nightlife,"['pulau', 'pork ribs', 'warung', 'pad thai', 'nasi goreng', 'bali']",Rp 80–200k,Malam jam 7pm+,https://www.google.com/maps/place/The+Dungki+Bendega+Resto/data=!4m7!3m6!1s0x2dd26ddba298b7bb:0x1e5f34f0c06f4bfd!8m2!3d-8.7078405!4d115.442278!16s%2Fg%2F11c0py47tz!19sChIJu7eYottt0i0R_UtvwPA0Xx4?authuser=0&hl=id&rclk=1,-8.7078405,115.442278,https://www.tiktok.com/@jalanmakanbali/video/7486438078156950789,https://www.tiktok.com/@odikabayu/video/7540249982868278546,https://www.tiktok.com/@makanbarengtika/video/7589245613158583570
641,Bumbu Oma Bali,Klungkung,4.7,631,Sunset & View | Work from Cafe | Vibrant Nightlife,"['smoothie bowls', 'pulau', 'pad thai', 'gadogado', 'sate ayam', 'soto ayam']",Rp 80–200k,Sunset jam 5–7pm,https://www.google.com/maps/place/Bumbu+Oma+Bali/data=!4m7!3m6!1s0x2dd26d9c8aa9c097:0x2f9b1ce51c1bad52!8m2!3d-8.6888982!4d115.4342216!16s%2Fg%2F11j53mnsxf!19sChIJl8Cpipxt0i0RUq0bHOUcmy8?authuser=0&hl=id&rclk=1,-8.6888982,115.4342216,https://www.tiktok.com/@krupukrejekibali/video/7619926275909618964,https://www.tiktok.com/@oemahdekmong/video/7601503485963668743,https://www.tiktok.com/@oemahdekmong/video/7477212709990288646
642,Warung Bambu,Klungkung,4.6,1096,Sunset & View | Work from Cafe | Vibrant Nightlife,"['daun pisang', 'pulau', 'local food', 'ikan sukang', 'sate', 'gunung agung']",Rp 80–200k,Sunset jam 5–7pm,https://www.google.com/maps/place/Warung+Bambu/data=!4m7!3m6!1s0x2dd26d71f92c03e3:0x8e6eed7c87492f0b!8m2!3d-8.6637411!4d115.4559757!16s%2Fg%2F1q64h2vq6!19sChIJ4wMs-XFt0i0RCy9Jh3ztbo4?authuser=0&hl=id&rclk=1,-8.6637411,115.4559757,https://www.tiktok.com/@vibes_bali/video/7607442781329575176,https://www.tiktok.com/@thelinenielsen/video/7551328488314178838,
643,Khamara Nusa Penida,Klungkung,4.8,613,Sunset & View | Work from Cafe | Vibrant Nightlife,"['beach', 'snorkling', 'sunset', 'gunung agung', 'villa', 'shower']",Rp 80–200k,Sunset jam 5–7pm,https://www.google.com/maps/place/Khamara+Nusa+Penida/data=!4m7!3m6!1s0x2dd2738e0e0d8983:0x88781f779e2bef77!8m2!3d-8.6730391!4d115.503302!16s%2Fg%2F11sdqd2xmn!19sChIJg4kNDo5z0i0Rd-8rnncfeIg?authuser=0&hl=id&rclk=1,-8.6730391,115.503302,https://www.tiktok.com/@justmelodylia/video/7277038293705870597,https://www.tiktok.com/@sir_aw/video/7616374359896132885,https://www.tiktok.com/@timetopenida/video/7589455804969880840
644,YUYU RESTO CENINGAN,Klungkung,4.8,494,Work from Cafe | Vibrant Nightlife,"['anjing', 'nasi goreng', 'kakap', 'gado gado', 'tahu', 'steak']",Rp 50–150k,Malam jam 7pm+,https://www.google.com/maps/place/YUYU+RESTO+CENINGAN/data=!4m7!3m6!1s0x2dd26ddad9d15bbb:0x938065792ee0949d!8m2!3d-8.7055993!4d115.4405602!16s%2Fg%2F11g6qfx1d6!19sChIJu1vR2dpt0i0RnZTgLnllgJM?authuser=0&hl=id&rclk=1,-8.7055993,115.4405602,https://www.tiktok.com/@seabreezeceningan/video/7572145669029268757,,
645,Vegan Soul Kitchen,Klungkung,4.8,764,Sunset & View | Work from Cafe | Vibrant Nightlife,"['pulau', 'hutan rimba', 'sunset', 'smoothie bowls', 'lotek', 'es kopi']",Rp 80–200k,Sunset jam 5–7pm,https://www.google.com/maps/place/Vegan+Soul+Kitchen/data=!4m7!3m6!1s0x2dd27226b99164f7:0xad3286f950865121!8m2!3d-8.6769966!4d115.5142695!16s%2Fg%2F11hcd_nwwt!19sChIJ92SRuSZy0i0RIVGGUPmGMq0?authuser=0&hl=id&rclk=1,-8.6769966,115.5142695,https://www.tiktok.com/@soul.kitchen.bali/video/7614308438327217429,https://www.tiktok.com/@soul.kitchen.bali/video/7637772013976718613,https://www.tiktok.com/@kulinerdenpasar/video/7388058935569255686
646,RESTO D'UMA Restaurant & Bar,Klungkung,4.4,1045,Work from Cafe | Vibrant Nightlife,"['pulau', 'masakan indonesia', 'sup ikan', 'lalat', 'smoothie bowl', 'broken beach']",Rp 50–150k,Malam jam 7pm+,https://www.google.com/maps/place/RESTO+D%27UMA+Restaurant+%26+Bar/data=!4m7!3m6!1s0x2dd271e87178240f:0xbe6851d1a1857fb1!8m2!3d-8.7300716!4d115.4952995!16s%2Fg%2F11j2lqh68z!19sChIJDyR4cehx0i0RsX-FodFRaL4?authuser=0&hl=id&rclk=1,-8.7300716,115.4952995,https://www.tiktok.com/@bakhri_keos/video/7600041647568653589,https://www.tiktok.com/@restoduma_nusapenida/video/7434763333632412984,https://www.tiktok.com/@restoduma_nusapenida/video/7497531056648752389
647,Warung Nikmat by Kayuna Villa,Klungkung,5.0,119,Work from Cafe | Vibrant Nightlife,"['masakan indonesia', 'nasi goreng', 'gadogado', 'sate', 'komang', 'pulau']",Rp 50–150k,Malam jam 7pm+,https://www.google.com/maps/place/Warung+Nikmat+by+Kayuna+Villa/data=!4m7!3m6!1s0x2dd273bc83d402f3:0xaceddec441ffaa0b!8m2!3d-8.6731187!4d115.5004951!16s%2Fg%2F11vx1_yj9q!19sChIJ8wLUg7xz0i0RC6r_QcTe7aw?authuser=0&hl=id&rclk=1,-8.6731187,115.5004951,https://www.tiktok.com/@kayunavilla/video/7617346107013745940,https://www.tiktok.com/@elizzz_zha/video/7531225855717100801,
648,Vanbenk Coffee & Eatery,Klungkung,4.9,980,Family Friendly | Work from Cafe | Vibrant Nightlife | Budget Friendly,"['harga', 'karaoke', 'pelayanan', 'keluarga', 'luas', 'music']",Rp 15–50k,Malam jam 7pm+,https://www.google.com/maps/place/Vanbenk+Coffee+%26+Eatery/data=!4m7!3m6!1s0x2dd211dd6cb0570f:0xa056bb9924782e2e!8m2!3d-8.5417965!4d115.3965326!16s%2Fg%2F11rdgfy92n!19sChIJD1ewbN0R0i0RLi54JJm7VqA?authuser=0&hl=id&rclk=1,-8.5417965,115.3965326,,,
649,Lavela Coffee & Eatery,Klungkung,4.6,43,Work from Cafe | Vibrant Nightlife | Budget Friendly,"['harga', 'donat', 'pizza', 'spaghetti carbonara', 'nasi goreng', 'siang']",Rp 15–50k,Malam jam 7pm+,https://www.google.com/maps/place/Lavela+Coffee+%26+Eatery/data=!4m7!3m6!1s0x2dd211004d086333:0x2b07c1fa61171fc1!8m2!3d-8.5317241!4d115.3974197!16s%2Fg%2F11xm_vsbd7!19sChIJM2MITQAR0i0RwR8XYfrBBys?authuser=0&hl=id&rclk=1,-8.5317241,115.3974197,https://www.tiktok.com/@kulinerin_klungkung/video/7577952599220047122,https://www.tiktok.com/@foodbali/video/7580590738178673938,https://www.tiktok.com/@makanan_klungkung/video/7609611691411672328
650,Tjangkir Tua Coffee Spot,Klungkung,4.9,123,Work from Cafe | Vibrant Nightlife | Budget Friendly,"['harga', 'oatmilk', 'brownies', 'pelayanan', 'gula aren', 'kopi susu']",Rp 15–50k,Malam jam 7pm+,https://www.google.com/maps/place/Tjangkir+Tua+Coffee+Spot/data=!4m7!3m6!1s0x2dd21100526c4679:0xd1cabe29b0bae178!8m2!3d-8.5353795!4d115.4060216!16s%2Fg%2F11vryjb624!19sChIJeUZsUgAR0i0ReOG6sCm-ytE?authuser=0&hl=id&rclk=1,-8.5353795,115.4060216,https://www.tiktok.com/@tjangkir.tua.coff/video/7592913791508106503,https://www.tiktok.com/@tjangkir.tua.coff/video/7598118186227125511,https://www.tiktok.com/@tjangkir.tua.coff/video/7596637855254842632
651,Tomoro Coffee - Klungkung,Klungkung,4.3,21,Work from Cafe | Vibrant Nightlife,"['pesan', 'wifi']",Rp 50–150k,Malam jam 7pm+,https://www.google.com/maps/place/Tomoro+Coffee+-+Klungkung/data=!4m7!3m6!1s0x2dd2110006679c93:0x715f3922665d199a!8m2!3d-8.5428453!4d115.4024326!16s%2Fg%2F11mzx7d_4t!19sChIJk5xnBgAR0i0RmhldZiI5X3E?authuser=0&hl=id&rclk=1,-8.5428453,115.4024326,https://www.tiktok.com/@kulinerin_klungkung/video/7603222498808761618,https://www.tiktok.com/@ariessgurls3/video/7612428886126775570,https://www.tiktok.com/@agungayukartika92/video/7604132539023756562
652,Sindikat Coffee,Klungkung,4.8,38,Work from Cafe | Vibrant Nightlife,[],Rp 50–150k,Malam jam 7pm+,https://www.google.com/maps/place/Sindikat+Coffee/data=!4m7!3m6!1s0x2dd2110028d04fcf:0x7a6f115539f81521!8m2!3d-8.5415032!4d115.3975675!16s%2Fg%2F11vm0ztb06!19sChIJz0_QKAAR0i0RIRX4OVURb3o?authuser=0&hl=id&rclk=1,-8.5415032,115.3975675,https://www.tiktok.com/@rikhavoyager/video/7611437909039795464,https://www.tiktok.com/@sindikatcoffee/video/7611959169339378964,https://www.tiktok.com/@sindikatcoffee/video/7415606816513477894
653,BOJA BILLIARD & COFFEE,Klungkung,4.8,86,Work from Cafe | Vibrant Nightlife,"['biliard', 'latte', 'promo', 'mie', 'orang', 'meja']",Rp 50–150k,Malam jam 7pm+,https://www.google.com/maps/place/BOJA+BILLIARD+%26+COFFEE/data=!4m7!3m6!1s0x2dd211630fc75765:0x67cd7f01108dc347!8m2!3d-8.5446572!4d115.4053058!16s%2Fg%2F11w23jmsfh!19sChIJZVfHD2MR0i0RR8ONEAF_zWc?authuser=0&hl=id&rclk=1,-8.5446572,115.4053058,https://www.tiktok.com/@boja.billiard.cof/video/7532455461862362373,https://www.tiktok.com/@boja.billiard.cof/video/7625898119078677781,https://www.tiktok.com/@boja.billiard.cof/video/7399553609576418565
654,Tides Restaurant and Bar,Jembrana,4.8,178,Sunset & View | Work from Cafe | Vibrant Nightlife,"['pantai', 'taman', 'sunset', 'kelapa', 'pemandangan', 'the view']",Rp 50–150k,Sunset jam 5–7pm,https://www.google.com/maps/place/Tides+Restaurant+and+Bar/data=!4m7!3m6!1s0x2dd3d3a6f82083a1:0xadb42351c646527b!8m2!3d-8.434459!4d114.830446!16s%2Fg%2F11q4dlg621!19sChIJoYMg-KbT0y0Re1JGxlEjtK0?authuser=0&hl=id&rclk=1,-8.434459,114.830446,https://www.tiktok.com/@junijuni2481/video/7603779007347297557,https://www.tiktok.com/@kelaparetreatandspa25/video/7536497102445219128,https://www.tiktok.com/@kelaparetreatandspa25/video/7608497145309564168
655,Rasta Cafe,Jembrana,4.9,431,Sunset & View | Work from Cafe | Vibrant Nightlife,"['dumpling', 'nasi campur', 'ayam mentega', 'vegan', 'taco', 'surfing']",Rp 50–150k,Sunset jam 5–7pm,https://www.google.com/maps/place/Rasta+Cafe/data=!4m7!3m6!1s0x2dd3d420e6400d9f:0x9af18231cd2f6aca!8m2!3d-8.4112043!4d114.8115622!16s%2Fg%2F11f1vnzr0x!19sChIJnw1A5iDU0y0RymovzTGC8Zo?authuser=0&hl=id&rclk=1,-8.4112043,114.8115622,https://www.tiktok.com/@yuniar_indo/video/7289268260355198213,,
656,Legenda Kampung,Jembrana,4.5,36,Work from Cafe | Vibrant Nightlife,[],Rp 50–150k,Malam jam 7pm+,https://www.google.com/maps/place/Legenda+Kampung/data=!4m7!3m6!1s0x2dd3d3ced7087f8d:0x304b757c1675e544!8m2!3d-8.4540563!4d114.8947879!16s%2Fg%2F11s7mj1sz0!19sChIJjX8I187T0y0RROV1Fnx1SzA?authuser=0&hl=id&rclk=1,-8.4540563,114.8947879,,,
657,The Galuh Restaurant,Jembrana,4.4,14,Work from Cafe | Vibrant Nightlife,"['kentang goreng', 'nasi goreng', 'makan siang']",Rp 50–150k,Malam jam 7pm+,https://www.google.com/maps/place/The+Galuh+Restaurant/data=!4m7!3m6!1s0x2dd3d408e2bd9047:0xe8a8651fe8d57e3f!8m2!3d-8.4309401!4d114.8240456!16s%2Fg%2F11f4j8cky_!19sChIJR5C94gjU0y0RP37V6B9lqOg?authuser=0&hl=id&rclk=1,-8.4309401,114.8240456,https://www.tiktok.com/@masedi92/video/7322478925379030277,https://www.tiktok.com/@masedi92/video/7323366459772505349,https://www.tiktok.com/@bundaarbychannel/video/7461455091615288582
658,WBJ-Waroeng Batan Jati,Jembrana,4.8,74,Sunset & View | Work from Cafe | Vibrant Nightlife,"['makanan lokal', 'service', 'spring roll', 'atmosphere', 'pantai', 'nasi goreng']",Rp 50–150k,Sunset jam 5–7pm,https://www.google.com/maps/place/WBJ-Waroeng+Batan+Jati/data=!4m7!3m6!1s0x2dd3d478a4c5ac49:0xcf934b73adbf0e10!8m2!3d-8.4380353!4d114.8520891!16s%2Fg%2F11c1xffd9w!19sChIJSazFpHjU0y0REA6_rXNLk88?authuser=0&hl=id&rclk=1,-8.4380353,114.8520891,,,
659,Lesehan Pondok Camplung,Jembrana,4.2,53,Sunset & View | Work from Cafe | Vibrant Nightlife,"['bumbu', 'pantai', 'ikan bakar', 'pelayanan']",Rp 30–100k,Sunset jam 5–7pm,https://www.google.com/maps/place/Lesehan+Pondok+Camplung/data=!4m7!3m6!1s0x2dd3df555bfff5d9:0xc2c6c731b35e1a84!8m2!3d-8.4003773!4d114.6023386!16s%2Fg%2F11s50kbdyk!19sChIJ2fX_W1Xf0y0RhBpeszHHxsI?authuser=0&hl=id&rclk=1,-8.4003773,114.6023386,https://www.tiktok.com/@raka_subawa/video/7509080390674484486,https://www.tiktok.com/@makanhalaldibali/video/7457104158747905285,https://www.tiktok.com/@lesehan.pondok.ca/video/7422906835176377605
660,Ramen Hill ᬭᬫᬾᬦ᭄ᬳᬶᬮ᭄ᬮ᭄᭟,Jembrana,4.3,56,Work from Cafe | Vibrant Nightlife | Budget Friendly,"['pelayanan', 'harga', 'chicken curry', 'panas', 'manis']",Rp 15–50k,Malam jam 7pm+,https://www.google.com/maps/place/Ramen+Hill+%E1%AC%AD%E1%AC%AB%E1%AC%BE%E1%AC%A6%E1%AD%84%E1%AC%B3%E1%AC%B6%E1%AC%AE%E1%AD%84%E1%AC%AE%E1%AD%84%E1%AD%9F/data=!4m7!3m6!1s0x2dd163bf118c85a9:0x40d207ad441eaa44!8m2!3d-8.3607838!4d114.6262358!16s%2Fg%2F11k3_zj71g!19sChIJqYWMEb9j0S0RRKoeRK0H0kA?authuser=0&hl=id&rclk=1,-8.3607838,114.6262358,https://www.tiktok.com/@imel.bsa12/video/7579060361526136085,https://www.tiktok.com/@rahayuswalayannegara/video/7284785286050073862,
661,Elfin House,Jembrana,5.0,34,Work from Cafe | Vibrant Nightlife,"['mangkok', 'jus', 'skateboard', 'kacang']",Rp 50–150k,Malam jam 7pm+,https://www.google.com/maps/place/Elfin+House/data=!4m7!3m6!1s0x2dd3d50cbab86fdb:0xc0129d5afc0ec710!8m2!3d-8.4204866!4d114.8115095!16s%2Fg%2F11wtpng4_r!19sChIJ22-4ugzV0y0REMcO_FqdEsA?authuser=0&hl=id&rclk=1,-8.4204866,114.8115095,,,
662,Griya Coffee - Space & Roastery,Jembrana,4.7,107,Work from Cafe | Vibrant Nightlife | Budget Friendly,"['harga', 'negara', 'bersahabat', 'tempat duduk', 'pelayanan']",Rp 15–50k,Malam jam 7pm+,https://www.google.com/maps/place/Griya+Coffee+-+Space+%26+Roastery/data=!4m7!3m6!1s0x2dd163a0c262fc75:0x92538d4d88be60b9!8m2!3d-8.3612351!4d114.6338189!16s%2Fg%2F11qn1l9xzx!19sChIJdfxiwqBj0S0RuWC-iE2NU5I?authuser=0&hl=id&rclk=1,-8.3612351,114.6338189,https://www.tiktok.com/@karmeliaqueen/video/7417707693059738886,https://www.tiktok.com/@griyacoffee.co/video/7609257936879226119,https://www.tiktok.com/@griyacoffee.co/video/7588497647753841928
663,Wish Coffee,Jembrana,5.0,62,Family Friendly | Work from Cafe | Vibrant Nightlife | Budget Friendly,"['luas', 'harga', 'dingin', 'wifi']",Rp 15–50k,Malam jam 7pm+,https://www.google.com/maps/place/Wish+Coffee/data=!4m7!3m6!1s0x2dd163001ec40953:0x9626fcb5369eb81e!8m2!3d-8.358094!4d114.6294259!16s%2Fg%2F11mkb_fd9f!19sChIJUwnEHgBj0S0RHrieNrX8JpY?authuser=0&hl=id&rclk=1,-8.358094,114.6294259,https://www.tiktok.com/@lanyagustin0/video/7586105773042814229,,
664,Bull's Coffee Negara,Jembrana,4.8,332,Work from Cafe | Vibrant Nightlife,"['barista', 'bagel', 'cheese', 'latte', 'cappucino', 'pelayanan']",Rp 50–150k,Malam jam 7pm+,https://www.google.com/maps/place/Bull%27s+Coffee+Negara/data=!4m7!3m6!1s0x2dd163678c384157:0x61eeeaf4362df164!8m2!3d-8.3613834!4d114.6373907!16s%2Fg%2F11ng71czcm!19sChIJV0E4jGdj0S0RZPEtNvTq7mE?authuser=0&hl=id&rclk=1,-8.3613834,114.6373907,https://www.tiktok.com/@bullscoffee.id/video/7636362783415864583,https://www.tiktok.com/@yessi.nahampun/video/7519134667459661112,https://www.tiktok.com/@kolasekopi/video/7125785973669023003
665,Rompyok Kopi Kertas Budaya,Jembrana,4.6,106,Work from Cafe | Vibrant Nightlife,[],Rp 50–150k,Malam jam 7pm+,https://www.google.com/maps/place/Rompyok+Kopi+Kertas+Budaya/data=!4m7!3m6!1s0x2dd161f78cccf8a9:0xa89ca25b963dca84!8m2!3d-8.3564141!4d114.6180037!16s%2Fg%2F11b8_07ncm!19sChIJqfjMjPdh0S0RhMo9lluinKg?authuser=0&hl=id&rclk=1,-8.3564141,114.6180037,,,
666,Motor Coffee Bali (Outlet Sudirman),Jembrana,5.0,1,Work from Cafe | Vibrant Nightlife,[],Rp 50–150k,Malam jam 7pm+,https://www.google.com/maps/place/Motor+Coffee+Bali+%28Outlet+Sudirman%29/data=!4m7!3m6!1s0x2dd1630054d1f997:0xbed0a35a1bbad551!8m2!3d-8.35756!4d114.6261647!16s%2Fg%2F11mz8ny96l!19sChIJl_nRVABj0S0RUdW6G1qj0L4?authuser=0&hl=id&rclk=1,-8.35756,114.6261647,https://www.tiktok.com/@motorbekasdenpasar/video/7621379727495793928,https://www.tiktok.com/@indoselis.id/video/7535385550539312391,https://www.tiktok.com/@inidiakakakbudi/video/7613572244467518741
667,Q_Coffee Bali,Jembrana,4.5,176,Work from Cafe | Vibrant Nightlife | Budget Friendly,"['harga', 'negara', 'snack', 'latte']",Rp 15–50k,Malam jam 7pm+,https://www.google.com/maps/place/Q_Coffee+Bali/data=!4m7!3m6!1s0x2dd16203c71a3a91:0xe79fb37f3d984669!8m2!3d-8.3605174!4d114.6231901!16s%2Fg%2F11c807n_rj!19sChIJkToaxwNi0S0RaUaYPX-zn-c?authuser=0&hl=id&rclk=1,-8.3605174,114.6231901,,,
668,Kopi Lorong,Jembrana,5.0,19,Work from Cafe | Vibrant Nightlife,[],Rp 50–150k,Malam jam 7pm+,https://www.google.com/maps/place/Kopi+Lorong/data=!4m7!3m6!1s0x2dd163525ce46c07:0xe2c169710a0c4097!8m2!3d-8.3609745!4d114.6286015!16s%2Fg%2F11hrf76s6j!19sChIJB2zkXFJj0S0Rl0AMCnFpweI?authuser=0&hl=id&rclk=1,-8.3609745,114.6286015,https://www.tiktok.com/@b3nwng/video/7631725537152535828,https://www.tiktok.com/@kopilorongmakassar/video/7609659220790742293,
669,Serabi Dulu Lanan,Jembrana,4.2,124,Work from Cafe | Vibrant Nightlife | Budget Friendly,"['harga', 'lama', 'negara', 'nasi goreng']",Rp 15–50k,Malam jam 7pm+,https://www.google.com/maps/place/Serabi+Dulu+Lanan/data=!4m7!3m6!1s0x2dd161344dd7c37d:0x3961c891d42535c9!8m2!3d-8.3610207!4d114.6284378!16s%2Fg%2F11glyc81g7!19sChIJfcPXTTRh0S0RyTUl1JHIYTk?authuser=0&hl=id&rclk=1,-8.3610207,114.6284378,https://www.tiktok.com/@serabidululanan/video/7522713834411347206,https://www.tiktok.com/@serabidululanan/video/7601883492682566920,https://www.tiktok.com/@serabidululanan/video/7429789761163824390
670,Warkop Sejenak,Jembrana,4.6,68,Work from Cafe | Vibrant Nightlife | Budget Friendly,"['pelayanan', 'bapak', 'harga']",Rp 15–50k,Malam jam 7pm+,https://www.google.com/maps/place/Warkop+Sejenak/data=!4m7!3m6!1s0x2dd16384c1dc5859:0xb8e4f7f7f9e1ecf2!8m2!3d-8.3573326!4d114.6225988!16s%2Fg%2F11mq6g5qbw!19sChIJWVjcwYRj0S0R8uzh-ff35Lg?authuser=0&hl=id&rclk=1,-8.3573326,114.6225988,https://www.tiktok.com/@milkiisses__/video/7574821521772907784,,
671,Point Coffe,Jembrana,3.3,24,Work from Cafe | Vibrant Nightlife,"['barista', 'debit', 'cek', 'promo', 'cash']",Rp 30–100k,Malam jam 7pm+,https://www.google.com/maps/place/Point+Coffe/data=!4m7!3m6!1s0x2dd163312dfb0af3:0x4c2f18626d685440!8m2!3d-8.3610994!4d114.6370966!16s%2Fg%2F11fn55jb67!19sChIJ8wr7LTFj0S0RQFRobWIYL0w?authuser=0&hl=id&rclk=1,-8.3610994,114.6370966,https://www.tiktok.com/@telap_telep99/video/7621024230729141525,https://www.tiktok.com/@telap_telep99/video/7621758733885902100,https://www.tiktok.com/@telap_telep99/video/7622089387471375636
672,DUMOGI Home Kitchen,Jembrana,4.7,40,Family Friendly | Work from Cafe | Vibrant Nightlife | Budget Friendly,"['harga', 'negara', 'tempat duduk', 'luas']",Rp 15–50k,Malam jam 7pm+,https://www.google.com/maps/place/DUMOGI+Home+Kitchen/data=!4m7!3m6!1s0x2dd1615b7f97947b:0xe07476d90ae3bf0b!8m2!3d-8.3566713!4d114.5925876!16s%2Fg%2F11sdykc_m2!19sChIJe5SXf1th0S0RC7_jCtl2dOA?authuser=0&hl=id&rclk=1,-8.3566713,114.5925876,https://www.tiktok.com/@dumogihomekitchen/video/7459812996055878919,https://www.tiktok.com/@dumogihomekitchen/video/7539603704299752711,https://www.tiktok.com/@dumogihomekitchen/video/7563488108990270728
673,CafeInn Coffee & Restaurant,Jembrana,4.7,20,Work from Cafe | Vibrant Nightlife | Budget Friendly,"['harga', 'surfing', 'steak']",Rp 15–50k,Malam jam 7pm+,https://www.google.com/maps/place/CafeInn+Coffee+%26+Restaurant/data=!4m7!3m6!1s0x2dd3d7b22f7a87a7:0x1a08884c1eec6010!8m2!3d-8.4186979!4d114.8062642!16s%2Fg%2F11v0tc9337!19sChIJp4d6L7LX0y0REGDsHkyICBo?authuser=0&hl=id&rclk=1,-8.4186979,114.8062642,,,
674,Grace Gold Coffee,Jembrana,4.7,23,Work from Cafe | Vibrant Nightlife,[],Rp 50–150k,Malam jam 7pm+,https://www.google.com/maps/place/Grace+Gold+Coffee/data=!4m7!3m6!1s0x2dd1620baa544d49:0x83f4edca804199b5!8m2!3d-8.3629436!4d114.6398892!16s%2Fg%2F11c1ncphj1!19sChIJSU1Uqgti0S0RtZlBgMrt9IM?authuser=0&hl=id&rclk=1,-8.3629436,114.6398892,,,
675,Post pantao PSTI Jembrana,Jembrana,4.1,17,Work from Cafe | Vibrant Nightlife,[],Rp 30–100k,Malam jam 7pm+,https://www.google.com/maps/place/Post+pantao+PSTI+Jembrana/data=!4m7!3m6!1s0x2dd22d62690dc73d:0xd26abc75db0d4c71!8m2!3d-8.4596422!4d114.9048045!16s%2Fg%2F11rdmtyv2c!19sChIJPccNaWIt0i0RcUwN23W8atI?authuser=0&hl=id&rclk=1,-8.4596422,114.9048045,,,
676,KEDAI KITA SUKA SUKA,Jembrana,4.4,82,Work from Cafe | Vibrant Nightlife,['santai'],Rp 50–150k,Malam jam 7pm+,https://www.google.com/maps/place/KEDAI+KITA+SUKA+SUKA/data=!4m7!3m6!1s0x2dd161fa24be6b0d:0x111a7f367b0b287e!8m2!3d-8.3587758!4d114.6124288!16s%2Fg%2F11c4_x3r40!19sChIJDWu-JPph0S0RfigLezZ_GhE?authuser=0&hl=id&rclk=1,-8.3587758,114.6124288,https://www.tiktok.com/@yustinabali/video/7376172424540245253,https://www.tiktok.com/@sukasukawarkop/video/7612374820637904146,https://www.tiktok.com/@seblaknampol_/video/7549185326351125765
677,Warung Green Umah,Jembrana,4.9,57,Sunset & View | Work from Cafe | Vibrant Nightlife | Budget Friendly,"['pizza', 'harga', 'mie', 'biji cokelat', 'pengalaman', 'atmosphere']",Rp 15–50k,Sunset jam 5–7pm,https://www.google.com/maps/place/Warung+Green+Umah/data=!4m7!3m6!1s0x2dd15d01b2bf03b9:0xab2ce42695c3bd51!8m2!3d-8.2804381!4d114.5167455!16s%2Fg%2F11rrr1jpcf!19sChIJuQO_sgFd0S0RUb3DlSbkLKs?authuser=0&hl=id&rclk=1,-8.2804381,114.5167455,https://www.tiktok.com/@visit.westbali/video/7521565608576584966,https://www.tiktok.com/@kkn.nusasari.unud/video/7541202707089050885,https://www.tiktok.com/@lifeasitis56/video/7592210916003908886
678,Store anyar coffee,Jembrana,5.0,24,General Chill,"['restoran', 'transportasi umum', 'atm']",Rp 50–150k,Lunch atau dinner,https://www.google.com/maps/place/Store+anyar+coffee/data=!4m7!3m6!1s0x2dd22bc0c1bdeed3:0xc042630b97397169!8m2!3d-8.3889037!4d114.9258685!16s%2Fg%2F11hst89qlj!19sChIJ0-69wcAr0i0RaXE5lwtjQsA?authuser=0&hl=id&rclk=1,-8.3889037,114.9258685,https://www.tiktok.com/@takeandbite.id/video/7635998614887599378,https://www.tiktok.com/@jalanmakanbali/video/7635575763953143048,https://www.tiktok.com/@takeandbite.id/video/7635578653430123784
679,Super EAT Canggu,Badung,4.9,49,Work from Cafe | Vibrant Nightlife | Budget Friendly,"['harga', 'pasangan', 'warung', 'vegan', 'cordon blue', 'lokal']",Rp 15–50k,Malam jam 7pm+,https://www.google.com/maps/place/Super+EAT+Canggu/data=!4m7!3m6!1s0x2dd2390393f5a2c7:0xc6a89143709ae1d!8m2!3d-8.6317632!4d115.1610147!16s%2Fg%2F11s7n3cd51!19sChIJx6L1kwM50i0RHa4JNxSJagw?authuser=0&hl=id&rclk=1,-8.6317632,115.1610147,https://www.tiktok.com/@foodbeacon/video/7535462237922692358,https://www.tiktok.com/@marthadunn/video/7615985695299046678,https://www.tiktok.com/@hoointheworld/video/7556984463528398087
680,Warung Makan Jaya Asih,Badung,4.8,337,Sunset & View | Work from Cafe | Vibrant Nightlife,"['sawah', 'pemandangan', 'ayam bakar', 'seafood', 'ikan bakar', 'the view']",Rp 50–150k,Sunset jam 5–7pm,https://www.google.com/maps/place/Warung+Makan+Jaya+Asih/data=!4m7!3m6!1s0x2dd225be1da95475:0x19ca5fe19cb75a3f!8m2!3d-8.4864097!4d115.1841483!16s%2Fg%2F11qqg2hd2b!19sChIJdVSpHb4l0i0RP1q3nOFfyhk?authuser=0&hl=id&rclk=1,-8.4864097,115.1841483,https://www.tiktok.com/@mycakdoell/video/7577038589498936597,https://www.tiktok.com/@mycakdoell/video/7581794376402373909,https://www.tiktok.com/@warung.jaya.asih/video/7595772201299627280
681,WOODS PERERENAN,Badung,4.7,3056,Work from Cafe | Vibrant Nightlife,"['shakshouka', 'jazz', 'laptop', 'rumah pohon', 'interiornya', 'barramundi']",Rp 150–400k,Malam jam 7pm+,https://www.google.com/maps/place/WOODS+PERERENAN/data=!4m7!3m6!1s0x2dd23932c81a38b5:0xcf6a7e485aa66562!8m2!3d-8.645919!4d115.1282361!16s%2Fg%2F11pd2ffx1w!19sChIJtTgayDI50i0RYmWmWkh-as8?authuser=0&hl=id&rclk=1,-8.645919,115.1282361,https://www.tiktok.com/@niaardityaa/video/7528726108926135560,https://www.tiktok.com/@adam.setiadii/video/7559169888498093324,https://www.tiktok.com/@jimafi_here/video/7616106606618627346
682,Warung Bamboo Bali,Badung,4.4,1568,Sunset & View | Work from Cafe | Vibrant Nightlife,"['sawah', 'service', 'tanah lot', 'pork ribs', 'makan malam', 'musik']",Rp 50–150k,Sunset jam 5–7pm,https://www.google.com/maps/place/Warung+Bamboo+Bali/data=!4m7!3m6!1s0x2dd238453c53b885:0xe1484f223e9c6b8f!8m2!3d-8.6275114!4d115.1283669!16s%2Fg%2F11c0rmppz_!19sChIJhbhTPEU40i0Rj2ucPiJPSOE?authuser=0&hl=id&rclk=1,-8.6275114,115.1283669,https://www.tiktok.com/@balitravelfolder/video/7610317714548264200,https://www.tiktok.com/@warungbamboobali/video/7607039947802987783,https://www.tiktok.com/@jevinsoe/video/7589525465145101576
683,Warung Sari Nadi Seafood,Badung,4.4,345,Sunset & View | Family Friendly | Work from Cafe | Vibrant Nightlife,"['sawah', 'luas', 'pemandangan', 'pelayanan', 'bumbu', 'santai']",Rp 50–150k,Sunset jam 5–7pm,https://www.google.com/maps/place/Warung+Sari+Nadi+Seafood/data=!4m7!3m6!1s0x2dd239df5964370b:0x189f8484f6724210!8m2!3d-8.5862671!4d115.1732604!16s%2Fg%2F11h02f9t_g!19sChIJCzdkWd850i0REEJy9oSEnxg?authuser=0&hl=id&rclk=1,-8.5862671,115.1732604,https://www.tiktok.com/@warung.sari.nadi/video/7611121170813078805,https://www.tiktok.com/@kulinerbattle/video/7617098396695923988,https://www.tiktok.com/@warung.sari.nadi/video/7540911151903689990
684,Kuliner Kubu,Badung,4.6,153,Work from Cafe | Vibrant Nightlife | Budget Friendly,"['harga', 'rumah', 'taman', 'warung', 'meeting', 'makan siang']",Rp 15–50k,Malam jam 7pm+,https://www.google.com/maps/place/Kuliner+Kubu/data=!4m7!3m6!1s0x2dd23bf7c41dfb41:0x54e69a18c77b9ce7!8m2!3d-8.5468009!4d115.1776476!16s%2Fg%2F11f1vnz2bm!19sChIJQfsdxPc70i0R55x7xxia5lQ?authuser=0&hl=id&rclk=1,-8.5468009,115.1776476,https://www.tiktok.com/@balihints/video/7637033190225448213,https://www.tiktok.com/@balimaknyus/video/7574283347950652679,https://www.tiktok.com/@mamak.itta/video/7638477551664418066
685,Kamikuno Asian Eatery,Badung,4.5,392,Family Friendly | Work from Cafe | Vibrant Nightlife | Budget Friendly,"['harga', 'nasi goreng', 'playground', 'juara', 'estetik', 'lantai']",Rp 15–50k,Malam jam 7pm+,https://www.google.com/maps/place/Kamikuno+Asian+Eatery/data=!4m7!3m6!1s0x2dd23982b5b89323:0x6d2c377041dde5a6!8m2!3d-8.5768766!4d115.1797754!16s%2Fg%2F11j99hj32j!19sChIJI5O4tYI50i0RpuXdQXA3LG0?authuser=0&hl=id&rclk=1,-8.5768766,115.1797754,https://www.tiktok.com/@mvylight/video/7614815386931957000,https://www.tiktok.com/@nomnombali/video/7626234655293082888,https://www.tiktok.com/@bakacouplechannel/video/7614516322076069140
686,Gidiyon home cooking,Badung,4.6,170,Work from Cafe | Vibrant Nightlife | Budget Friendly,"['harga', 'warung', 'kari', 'kebab', 'taco', 'permata']",Rp 15–50k,Malam jam 7pm+,https://www.google.com/maps/place/Gidiyon+home+cooking/data=!4m7!3m6!1s0x2dd2391a70199a57:0xf958261ad3d5ff1b!8m2!3d-8.6117852!4d115.1580187!16s%2Fg%2F11pxmc1zw8!19sChIJV5oZcBo50i0RG__V0xomWPk?authuser=0&hl=id&rclk=1,-8.6117852,115.1580187,,,
687,Pung Green Sibang Mujair NyatNyat & BAKAR Kintamani,Badung,4.8,707,Family Friendly | Work from Cafe | Vibrant Nightlife,"['bumbu', 'luas', 'ikan bakar', 'tempe', 'plecing kangkung', 'sambal matah']",Rp 80–200k,Malam jam 7pm+,https://www.google.com/maps/place/Pung+Green+Sibang+Mujair+NyatNyat+%26+BAKAR+Kintamani/data=!4m7!3m6!1s0x2dd23f4c75825d67:0x3e98f32ccbf7d0c0!8m2!3d-8.5777578!4d115.2095565!16s%2Fg%2F11pfbgw5sr!19sChIJZ12CdUw_0i0RwND3yyzzmD4?authuser=0&hl=id&rclk=1,-8.5777578,115.2095565,https://www.tiktok.com/@punggreennyatnyat/video/7419669904305032454,https://www.tiktok.com/@punggreennyatnyat/video/7500610438325964037,https://www.tiktok.com/@punggreennyatnyat/video/7397023625867447557
688,Luwih Cafe Dalung,Badung,4.4,377,Family Friendly | Work from Cafe | Vibrant Nightlife,"['playground', 'dumpling', 'ramen', 'estetik', 'santai', 'meeting']",Rp 50–150k,Malam jam 7pm+,https://www.google.com/maps/place/Luwih+Cafe+Dalung/data=!4m7!3m6!1s0x2dd23907084f0b55:0xbb6ba5646fc653df!8m2!3d-8.6350742!4d115.1753899!16s%2Fg%2F11kk8r6b85!19sChIJVQtPCAc50i0R31PGb2Sla7s?authuser=0&hl=id&rclk=1,-8.6350742,115.1753899,https://www.tiktok.com/@luwihcafedalung/video/7470748945669459218,https://www.tiktok.com/@luwihcafedalung/video/7522423226589367570,https://www.tiktok.com/@luwihcafedalung/video/7620338855136202002
689,Sari Laut Bang Yos,Badung,4.4,882,Work from Cafe | Vibrant Nightlife,"['sambalnya', 'manis', 'lalapan', 'bumbu', 'asam pedas', 'pesan']",Rp 50–150k,Malam jam 7pm+,https://www.google.com/maps/place/Sari+Laut+Bang+Yos/data=!4m7!3m6!1s0x2dd239e0af4f140f:0x6f1b3d3761fc307c!8m2!3d-8.5809761!4d115.1869665!16s%2Fg%2F11f61hqzgd!19sChIJDxRPr-A50i0RfDD8YTc9G28?authuser=0&hl=id&rclk=1,-8.5809761,115.1869665,https://www.tiktok.com/@zakykastoyeng/video/7531755671830809912,https://www.tiktok.com/@zakykastoyeng/video/7531353661297921336,https://www.tiktok.com/@ndaanyell7/video/7624313808684584200
690,Warung Penyemeng,Badung,4.7,47,Sunset & View | Work from Cafe | Vibrant Nightlife | Budget Friendly,"['ikannya', 'harga', 'sawah', 'lapar', 'service', 'senyum']",Rp 15–50k,Sunset jam 5–7pm,https://www.google.com/maps/place/Warung+Penyemeng/data=!4m7!3m6!1s0x2dd23df33f2bfd9f:0x48a28da5d37c0bed!8m2!3d-8.547824!4d115.221154!16s%2Fg%2F11f7mt1125!19sChIJn_0rP_M90i0R7Qt806WNokg?authuser=0&hl=id&rclk=1,-8.547824,115.221154,https://www.tiktok.com/@indahmegapratiwi_/video/7581630492642987284,https://www.tiktok.com/@warung_buayuu/video/7518254407637667079,https://www.tiktok.com/@warung_buayuu/video/7536060194481130770
691,Ayam Goreng Prambanan,Badung,4.2,780,Family Friendly | Work from Cafe | Vibrant Nightlife,"['sambalnya', 'luas', 'lalapan', 'pesan', 'ayam bakar', 'ayam kremes']",Rp 30–100k,Malam jam 7pm+,https://www.google.com/maps/place/Ayam+Goreng+Prambanan/data=!4m7!3m6!1s0x2dd2395261cd5de5:0x40032440b3eff0a7!8m2!3d-8.5802203!4d115.1859501!16s%2Fg%2F11c2nj13v9!19sChIJ5V3NYVI50i0Rp_Dvs0AkA0A?authuser=0&hl=id&rclk=1,-8.5802203,115.1859501,https://www.tiktok.com/@kulinerjani/video/7550635737675271442,https://www.tiktok.com/@diyanrokiss_dasterbali/video/7505759668849921285,https://www.tiktok.com/@balishopp88/video/7535802418102045958
692,Warung Alus,Badung,4.6,369,Sunset & View | Work from Cafe | Vibrant Nightlife | Budget Friendly,"['sunset', 'pantai', 'harga', 'service', 'makan malam', 'atmosphere']",Rp 15–50k,Sunset jam 5–7pm,https://www.google.com/maps/place/Warung+Alus/data=!4m7!3m6!1s0x2dd2380d420187e5:0xc32188bcc28c36bb!8m2!3d-8.6477366!4d115.1162917!16s%2Fg%2F11d_2l0d6m!19sChIJ5YcBQg040i0RuzaMwryIIcM?authuser=0&hl=id&rclk=1,-8.6477366,115.1162917,https://www.tiktok.com/@mai.melali01/video/7587757563551272213,,
693,Warung Tegan,Badung,4.2,385,Family Friendly | Work from Cafe | Vibrant Nightlife | Budget Friendly,"['gurame', 'harga', 'luas', 'pelayanan', 'goreng', 'nyamuk']",Rp 15–50k,Malam jam 7pm+,https://www.google.com/maps/place/Warung+Tegan/data=!4m7!3m6!1s0x2dd23951799e8cf1:0x33ceaeb0690610eb!8m2!3d-8.5790723!4d115.184559!16s%2Fg%2F1ptybb1rb!19sChIJ8YyeeVE50i0R6xAGabCuzjM?authuser=0&hl=id&rclk=1,-8.5790723,115.184559,,,
694,"RM Padang Sumbar Hidup, Mengwi, Mengwitani, Kab.Badung, Bali,",Badung,3.9,205,Family Friendly | Work from Cafe | Vibrant Nightlife | Budget Friendly,"['harga', 'luas', 'pelayanan', 'nasi padang', 'rendang', 'masakan padang']",Rp 15–50k,Malam jam 7pm+,"https://www.google.com/maps/place/RM+Padang+Sumbar+Hidup,+Mengwi,+Mengwitani,+Kab.Badung,+Bali,/data=!4m7!3m6!1s0x2dd23b8f588d4b31:0x17f9e20cdbe19d0a!8m2!3d-8.5615185!4d115.1722806!16s%2Fg%2F11pv032c2b!19sChIJMUuNWI870i0RCp3h2wzi-Rc?authuser=0&hl=id&rclk=1",-8.5615185,115.1722806,https://www.tiktok.com/@ujangsdtbiso/video/7607426799777238292,https://www.tiktok.com/@ilham.iaamm/video/7462958939123076357,https://www.tiktok.com/@pitopangjayalatu/video/7507123732629048597
695,Nazu Beach and Grill,Badung,4.5,157,Sunset & View | Work from Cafe | Vibrant Nightlife | Budget Friendly,"['sunset', 'harga', 'menu', 'pizza', 'music', 'duduk']",Rp 15–50k,Sunset jam 5–7pm,https://www.google.com/maps/place/Nazu+Beach+and+Grill/data=!4m7!3m6!1s0x2dd23900499b509b:0x396d544e1555c091!8m2!3d-8.6393322!4d115.1003128!16s%2Fg%2F11y66vzzft!19sChIJm1CbSQA50i0RkcBVFU5UbTk?authuser=0&hl=id&rclk=1,-8.6393322,115.1003128,https://www.tiktok.com/@georgebxckley/video/7459443628591615264,https://www.tiktok.com/@nazubeachandgrill/video/7392790562874690822,https://www.tiktok.com/@odikabayu/video/7470440144873590023
696,Bebek & Ayam Kampung Mas Budi - Mengwi,Badung,4.6,143,Family Friendly | Work from Cafe | Vibrant Nightlife | Budget Friendly,"['sambel', 'nasi', 'lalapan', 'luas', 'harga', 'bebeknya']",Rp 15–50k,Malam jam 7pm+,https://www.google.com/maps/place/Bebek+%26+Ayam+Kampung+Mas+Budi+-+Mengwi/data=!4m7!3m6!1s0x2dd239ffafd385fb:0x5f746a49668a664f!8m2!3d-8.5787287!4d115.184052!16s%2Fg%2F11vd1997p6!19sChIJ-4XTr_850i0RT2aKZklqdF8?authuser=0&hl=id&rclk=1,-8.5787287,115.184052,https://www.tiktok.com/@bebekmasbudi.id/video/7479299261591604485,https://www.tiktok.com/@deliciousbalii/video/7453404549814947077,https://www.tiktok.com/@foodbali/video/7347897492463209733
697,Café del Mar,Badung,4.5,3750,Sunset & View | Vibrant Nightlife,"['restoran', 'transportasi umum', 'atm', 'service', 'daybed', 'foto']",Rp 80–200k,Sunset jam 5–7pm,https://www.google.com/maps/place/Caf%C3%A9+del+Mar/data=!4m7!3m6!1s0x2dd24727109b9a35:0xf6acf8b37dd96962!8m2!3d-8.6707794!4d115.1445364!16s%2Fg%2F11gxs038dg!19sChIJNZqbECdH0i0RYmnZfbP4rPY?authuser=0&hl=id&rclk=1,-8.6707794,115.1445364,https://www.tiktok.com/@sagitarius.babe/video/7599626565923671316,https://www.tiktok.com/@jiddakusnandar/video/7510170141972516104,https://www.tiktok.com/@azysinuhaji2/video/7614469726672129288
698,Pepi To Go Kapal,Badung,4.8,13,Work from Cafe | Vibrant Nightlife,[],Rp 50–150k,Malam jam 7pm+,https://www.google.com/maps/place/Pepi+To+Go+Kapal/data=!4m7!3m6!1s0x2dd2391b26a3c211:0xe0748717932478ce!8m2!3d-8.5777106!4d115.181523!16s%2Fg%2F11sd1qqzml!19sChIJEcKjJhs50i0RzngkkxeHdOA?authuser=0&hl=id&rclk=1,-8.5777106,115.181523,https://www.tiktok.com/@hobimakanbali/video/7280488482357792005,,
699,Mandala Kafe,Badung,4.8,160,Sunset & View | Work from Cafe | Vibrant Nightlife | Budget Friendly,"['harga', 'sawah', 'pelayanan', 'mobil', 'cafe', 'pemandangan']",Rp 15–50k,Sunset jam 5–7pm,https://www.google.com/maps/place/Mandala+Kafe/data=!4m7!3m6!1s0x2dd23b951c054f5b:0x41f285a349a4d6f8!8m2!3d-8.5680581!4d115.1322619!16s%2Fg%2F11krmrpm2t!19sChIJW08FHJU70i0R-NakSaOF8kE?authuser=0&hl=id&rclk=1,-8.5680581,115.1322619,https://www.tiktok.com/@mandalakafe/video/7524904273310764344,https://www.tiktok.com/@mandalakafe/video/7502261459783519494,https://www.tiktok.com/@mandalakafe/video/7482970875214515511
700,Nasi Be Celeng,Badung,4.8,18,Sunset & View | Work from Cafe | Vibrant Nightlife,"['makan malam', 'bumbunya']",Rp 50–150k,Sunset jam 5–7pm,https://www.google.com/maps/place/Nasi+Be+Celeng/data=!4m7!3m6!1s0x2dd2395a29cf91c7:0x178da2e378d710d3!8m2!3d-8.5899103!4d115.1771389!16s%2Fg%2F11sxy985qb!19sChIJx5HPKVo50i0R0xDXeOOijRc?authuser=0&hl=id&rclk=1,-8.5899103,115.1771389,https://www.tiktok.com/@inidiakakakbudi/video/7579506290234428692,https://www.tiktok.com/@putuariawan79/video/7592017889037716744,https://www.tiktok.com/@kuliner_khasbali/video/7623325929246428436
701,Nasi Tempong Indra,Badung,4.5,13198,Work from Cafe | Vibrant Nightlife,"['ikan asin', 'cumi', 'gurame', 'bali', 'bebek goreng', 'ekor']",Rp 80–200k,Malam jam 7pm+,https://www.google.com/maps/place/Nasi+Tempong+Indra/data=!4m7!3m6!1s0x2dd246c550c58d17:0x1bbd1f18d28927b!8m2!3d-8.7037942!4d115.1767561!16s%2Fg%2F11b6nm7qcj!19sChIJF43FUMVG0i0Re5IojfHRuwE?authuser=0&hl=id&rclk=1,-8.7037942,115.1767561,https://www.tiktok.com/@albertaamelia_/video/7593650038480375041,https://www.tiktok.com/@lizachuu/video/7630845564476755220,https://www.tiktok.com/@ric.nat25/video/7591380072431521045
702,Hindu Chinese Food,Badung,4.6,34,Work from Cafe | Vibrant Nightlife | Budget Friendly,['harga'],Rp 15–50k,Malam jam 7pm+,https://www.google.com/maps/place/Hindu+Chinese+Food/data=!4m7!3m6!1s0x2dd23951390059af:0x2905903089dd3663!8m2!3d-8.5776208!4d115.1821473!16s%2Fg%2F11f31xlbx4!19sChIJr1kAOVE50i0RYzbdiTCQBSk?authuser=0&hl=id&rclk=1,-8.5776208,115.1821473,https://www.tiktok.com/@pakde_hanss/video/7585801650984602900,https://www.tiktok.com/@ngurahsuryakusuma/video/7595406569873902856,https://www.tiktok.com/@wenniefooddiary/video/7522881455228194104
703,Warung D'dangin,Badung,4.1,253,Family Friendly | Work from Cafe | Vibrant Nightlife,"['luas', 'mancing', 'gurame', 'kolam', 'goreng', 'sejuk']",Rp 30–100k,Malam jam 7pm+,https://www.google.com/maps/place/Warung+D%27dangin/data=!4m7!3m6!1s0x2dd2394e89002d29:0x4a5553ec12175a5b!8m2!3d-8.5842802!4d115.1820634!16s%2Fg%2F11btxj0h29!19sChIJKS0AiU450i0RW1oXEuxTVUo?authuser=0&hl=id&rclk=1,-8.5842802,115.1820634,,,
704,Gianyar Kuliner,Gianyar,4.5,56,Sunset & View | Work from Cafe | Vibrant Nightlife | Budget Friendly,"['harga', 'tempat sampah', 'makanan tradisional', 'pasar malam', 'es buah', 'dimsum']",Rp 15–50k,Sunset jam 5–7pm,https://www.google.com/maps/place/Gianyar+Kuliner/data=!4m7!3m6!1s0x2dd2170053ff6201:0xf645a8d01ecf4071!8m2!3d-8.5412953!4d115.3285227!16s%2Fg%2F11vy6lpplb!19sChIJAWL_UwAX0i0RcUDPHtCoRfY?authuser=0&hl=id&rclk=1,-8.5412953,115.3285227,https://www.tiktok.com/@roose.daily/video/7552328613450878220,https://www.tiktok.com/@balihints/video/7592122059002547476,https://www.tiktok.com/@balihangoutt/video/7614342337363250440
705,GROOS Kitchen,Gianyar,4.3,616,Family Friendly | Work from Cafe | Vibrant Nightlife,"['luas', 'anak', 'nasi goreng', 'nyamuk', 'enak', 'mujair']",Rp 50–150k,Malam jam 7pm+,https://www.google.com/maps/place/GROOS+Kitchen/data=!4m7!3m6!1s0x2dd2167c5ea21951:0x5d84990fc29eb394!8m2!3d-8.554039!4d115.3268333!16s%2Fg%2F11f1hffk7r!19sChIJURmiXnwW0i0RlLOewg-ZhF0?authuser=0&hl=id&rclk=1,-8.554039,115.3268333,https://www.tiktok.com/@groos.kitchen/video/7614354896258747655,https://www.tiktok.com/@littlefairy063/video/7607107689314880788,https://www.tiktok.com/@groos.kitchen/video/7610741637790141703
706,"AMINO - Early Breakfast, Lunch, Dinner",Gianyar,4.8,1659,Work from Cafe | Vibrant Nightlife,"['healthy food', 'protein', 'syrniki', 'jamu', 'wafel bayam', 'borsch']",Rp 150–400k,Malam jam 7pm+,"https://www.google.com/maps/place/AMINO+-+Early+Breakfast,+Lunch,+Dinner/data=!4m7!3m6!1s0x2dd25ba632c4ea21:0x718f79651d17edb8!8m2!3d-8.816588!4d115.155074!16s%2Fg%2F11tt5f1t90!19sChIJIerEMqZb0i0RuO0XHWV5j3E?authuser=0&hl=id&rclk=1",-8.816588,115.155074,,,
707,Cantina Rooftop Bali,Gianyar,4.7,745,Sunset & View | Work from Cafe | Vibrant Nightlife,"['cocktail', 'sunset', 'the view', 'scallop', 'taco daging sapi', 'rendang']",Rp 80–200k,Sunset jam 5–7pm,https://www.google.com/maps/place/Cantina+Rooftop+Bali/data=!4m7!3m6!1s0x2dd23d38e5105043:0xd70db56e528950d9!8m2!3d-8.504764!4d115.254103!16s%2Fg%2F11s34trk17!19sChIJQ1AQ5Tg90i0R2VCJUm61Ddc?authuser=0&hl=id&rclk=1,-8.504764,115.254103,https://www.tiktok.com/@eleveliving/video/7546591354122456350,https://www.tiktok.com/@trvsum/video/7604183324394818824,https://www.tiktok.com/@goingout.series/video/7387780047861681413
708,Tsavo Lion Restaurant,Gianyar,4.5,950,Sunset & View | Work from Cafe | Vibrant Nightlife,"['singa', 'service', 'makan malam', 'jendela', 'safari', 'kamar kecil']",Rp 80–200k,Sunset jam 5–7pm,https://www.google.com/maps/place/Tsavo+Lion+Restaurant/data=!4m7!3m6!1s0x2dd2143841c364b3:0xcf9dd3f437271bd0!8m2!3d-8.579047!4d115.344758!16s%2Fg%2F1tctc02c!19sChIJs2TDQTgU0i0R0BsnN_TTnc8?authuser=0&hl=id&rclk=1,-8.579047,115.344758,https://www.tiktok.com/@thefoodieandthecamera/video/7623306155976101127,https://www.tiktok.com/@nolarura/video/7609461156092103957,https://www.tiktok.com/@miss_denva/video/7637363404725914910
709,Hanzho Coffee,Gianyar,4.4,347,Work from Cafe | Vibrant Nightlife | Budget Friendly,"['harga', 'musik', 'foto', 'pork belly', 'estetik', 'ayam']",Rp 15–50k,Malam jam 7pm+,https://www.google.com/maps/place/Hanzho+Coffee/data=!4m7!3m6!1s0x2dd21750ca057213:0x5ac72792fc4411d!8m2!3d-8.5346938!4d115.3070487!16s%2Fg%2F11mb0hbm1z!19sChIJE3IFylAX0i0RHUHEL3lyrAU?authuser=0&hl=id&rclk=1,-8.5346938,115.3070487,https://www.tiktok.com/@hanzho.co/video/7632308763906673940,https://www.tiktok.com/@dana.pei/video/7592861418429484295,https://www.tiktok.com/@ade_w/video/7517495806862298386
710,Tis Cafe,Gianyar,4.8,10353,Work from Cafe | Vibrant Nightlife,"['terasering', 'melihat', 'infinity pool', 'bali swing', 'smoothie bowl', 'cretya ubud']",Rp 150–400k,Malam jam 7pm+,https://www.google.com/maps/place/Tis+Cafe/data=!4m7!3m6!1s0x2dd2237fb92427e1:0xa0c73a52235a7df8!8m2!3d-8.4307112!4d115.2785771!16s%2Fg%2F11hzbl7lf4!19sChIJ4SckuX8j0i0R-H1aI1I6x6A?authuser=0&hl=id&rclk=1,-8.4307112,115.2785771,https://www.tiktok.com/@ninaelizabudel/video/7617503404838980886,https://www.tiktok.com/@evaonthemove/video/7584631001020779798,https://www.tiktok.com/@cicilialia85/video/7613817433471700232
711,Novus Coffee & Eatery,Gianyar,4.7,130,Work from Cafe | Vibrant Nightlife | Budget Friendly,"['harga', 'croissant', 'latte', 'service', 'alpukat', 'mangkok']",Rp 15–50k,Malam jam 7pm+,https://www.google.com/maps/place/Novus+Coffee+%26+Eatery/data=!4m7!3m6!1s0x2dd23dac500d33ed:0xccd17c3e6940848e!8m2!3d-8.511084!4d115.2583448!16s%2Fg%2F11kjn9bz9c!19sChIJ7TMNUKw90i0RjoRAaT580cw?authuser=0&hl=id&rclk=1,-8.511084,115.2583448,https://www.tiktok.com/@mirbas.coffee.eat/video/7512684453001563398,https://www.tiktok.com/@namakuputucitra/video/7493069178602016007,
712,Rumalogy Coffee & Kitchen,Gianyar,3.6,354,Work from Cafe | Vibrant Nightlife,"['kasirnya', 'pelayanan', 'pesan', 'ayam', 'nasi', 'orang']",Rp 30–100k,Malam jam 7pm+,https://www.google.com/maps/place/Rumalogy+Coffee+%26+Kitchen/data=!4m7!3m6!1s0x2dd2179d9acf06cf:0xa7f6a0df8c2fd119!8m2!3d-8.5477611!4d115.3173305!16s%2Fg%2F11fr3gzg4w!19sChIJzwbPmp0X0i0RGdEvjN-g9qc?authuser=0&hl=id&rclk=1,-8.5477611,115.3173305,https://www.tiktok.com/@makanmelali.bali/video/7572162449961405714,,
713,Mula Rasa Coffe and Bistro,Gianyar,4.7,374,Family Friendly | Work from Cafe | Vibrant Nightlife | Budget Friendly,"['harga', 'kebun binatang', 'jus', 'service', 'pizza', 'anakanak']",Rp 15–50k,Malam jam 7pm+,https://www.google.com/maps/place/Mula+Rasa+Coffe+and+Bistro/data=!4m7!3m6!1s0x2dd23f078cbbd319:0x67c05184b0be401d!8m2!3d-8.5921845!4d115.2645959!16s%2Fg%2F11nn2_dw4j!19sChIJGdO7jAc_0i0RHUC-sIRRwGc?authuser=0&hl=id&rclk=1,-8.5921845,115.2645959,https://www.tiktok.com/@mularasa/video/7636975595234037010,https://www.tiktok.com/@ladymeraliaa/video/7540976666701516088,https://www.tiktok.com/@putrivalenn._/video/7566089601585024277
714,Bali United Cafe,Gianyar,4.6,768,Family Friendly | Work from Cafe | Vibrant Nightlife | Budget Friendly,"['bola', 'harga', 'stadion', 'luas', 'meeting', 'konsep']",Rp 15–50k,Malam jam 7pm+,https://www.google.com/maps/place/Bali+United+Cafe/data=!4m7!3m6!1s0x2dd21795786d5bf9:0xd52ce9c7f95c3f85!8m2!3d-8.5474549!4d115.3059314!16s%2Fg%2F11f657x2cw!19sChIJ-VtteJUX0i0RhT9c-cfpLNU?authuser=0&hl=id&rclk=1,-8.5474549,115.3059314,https://www.tiktok.com/@wahyunimade88/video/7597792048132984085,https://www.tiktok.com/@syahanyulizar/video/7589966141867543828,https://www.tiktok.com/@indonesia.hooligan/video/7607119439506525461
715,Black Sands Coffee & Eatery,Gianyar,4.5,353,Sunset & View | Family Friendly | Work from Cafe | Vibrant Nightlife | Budget Friendly,"['harga', 'service', 'cafe', 'atmosphere', 'pizza', 'luas']",Rp 15–50k,Sunset jam 5–7pm,https://www.google.com/maps/place/Black+Sands+Coffee+%26+Eatery/data=!4m7!3m6!1s0x2dd23ffd434a788f:0x3bf9f31233aa83b1!8m2!3d-8.6353236!4d115.2833127!16s%2Fg%2F11clsr_9l2!19sChIJj3hKQ_0_0i0RsYOqMxLz-Ts?authuser=0&hl=id&rclk=1,-8.6353236,115.2833127,https://www.tiktok.com/@nilaayu__/video/7618493516733730068,https://www.tiktok.com/@blacksandsbali/video/7617459437468454165,https://www.tiktok.com/@blacksandsbali/video/7609697970409377044
716,Sore coffee & Eatery,Gianyar,4.5,91,Work from Cafe | Vibrant Nightlife | Budget Friendly,"['sungai', 'latte', 'harga', 'orang', 'instagram', 'pancake']",Rp 15–50k,Malam jam 7pm+,https://www.google.com/maps/place/Sore+coffee+%26+Eatery/data=!4m7!3m6!1s0x2dd23f14b5fa3a93:0xa52d6fcd849cae60!8m2!3d-8.6046882!4d115.2504789!16s%2Fg%2F11vxxp1hnd!19sChIJkzr6tRQ_0i0RYK6chM1vLaU?authuser=0&hl=id&rclk=1,-8.6046882,115.2504789,https://www.tiktok.com/@novialnahabiba/video/7636740525982469397,https://www.tiktok.com/@balinextstop/video/7561387515370933511,https://www.tiktok.com/@barucobalagi/video/7562015980537269522
717,Mango Cafe,Gianyar,4.6,427,Sunset & View | Work from Cafe | Vibrant Nightlife,"['atmosphere', 'service', 'persawahan', 'smoothies', 'villa', 'musik']",Rp 50–150k,Sunset jam 5–7pm,https://www.google.com/maps/place/Mango+Cafe/data=!4m7!3m6!1s0x2dd23d49b41e4e37:0x20e85add245ea1cf!8m2!3d-8.4930188!4d115.2813477!16s%2Fg%2F11sgmw_02b!19sChIJN04etEk90i0Rz6FeJN1a6CA?authuser=0&hl=id&rclk=1,-8.4930188,115.2813477,https://www.tiktok.com/@raddyns/video/7574242614443019541,https://www.tiktok.com/@mangomango.bali/video/7525698193531669767,https://www.tiktok.com/@agafomo/video/7638564372754844948
718,Huma Cafe by Goldmine,Gianyar,4.7,2173,Sunset & View | Work from Cafe | Vibrant Nightlife,"['sawah', 'sunset', 'pemandangan', 'the view', 'smoothie bowls', 'teriyaki']",Rp 150–400k,Sunset jam 5–7pm,https://www.google.com/maps/place/Huma+Cafe+by+Goldmine/data=!4m7!3m6!1s0x2dd22349e65ea973:0xadf2e8a4e24cbd5c!8m2!3d-8.4610161!4d115.2721347!16s%2Fg%2F11rq9j2n0j!19sChIJc6le5kkj0i0RXL1M4qTo8q0?authuser=0&hl=id&rclk=1,-8.4610161,115.2721347,https://www.tiktok.com/@hey.chikaa/video/7561629152781143352,https://www.tiktok.com/@agungcalvinreview/video/7497270696146455813,https://www.tiktok.com/@aie.licious/video/7507234784825969928
719,Bee Cafe Bali,Gianyar,4.4,214,Sunset & View | Work from Cafe | Vibrant Nightlife,"['sawah', 'sarapan', 'service', 'permata', 'mangkok', 'mobil']",Rp 50–150k,Sunset jam 5–7pm,https://www.google.com/maps/place/Bee+Cafe+Bali/data=!4m7!3m6!1s0x2dd23d848e39d593:0xdd5a6efde87d473c!8m2!3d-8.5169923!4d115.2741602!16s%2Fg%2F11hzskw1vd!19sChIJk9U5joQ90i0RPEd96P1uWt0?authuser=0&hl=id&rclk=1,-8.5169923,115.2741602,https://www.tiktok.com/@sychevprolive/video/7557255715849653522,https://www.tiktok.com/@beecampbaturitibe/video/7611810995161402645,https://www.tiktok.com/@sugesti.r/video/7532171471192476936
720,Ejji Coffee Dharmagiri Gianyar District 24,Gianyar,4.7,145,Work from Cafe | Vibrant Nightlife,"['matcha', 'barista', 'latte', 'ice', 'pesan', 'standar']",Rp 50–150k,Malam jam 7pm+,https://www.google.com/maps/place/Ejji+Coffee+Dharmagiri+Gianyar+District+24/data=!4m7!3m6!1s0x2dd217e9cdca31dd:0x1195cdf6996fd4d8!8m2!3d-8.5409317!4d115.3195822!16s%2Fg%2F11tp9rlz23!19sChIJ3THKzekX0i0R2NRvmfbNlRE?authuser=0&hl=id&rclk=1,-8.5409317,115.3195822,https://www.tiktok.com/@dharma_one15/video/7608488074812656903,https://www.tiktok.com/@rekomendasiteguh/video/7635661889292324104,https://www.tiktok.com/@aiuoela/video/7581708166069570834
721,Kulidan Kitchen & Space,Gianyar,4.6,357,Sunset & View | Family Friendly | Work from Cafe | Vibrant Nightlife,"['sawah', 'cafe', 'santai', 'pameran seni', 'sore', 'komunitas']",Rp 50–150k,Sunset jam 5–7pm,https://www.google.com/maps/place/Kulidan+Kitchen+%26+Space/data=!4m7!3m6!1s0x2dd2157c08207a11:0x4a0b41d25d381176!8m2!3d-8.6143483!4d115.2956618!16s%2Fg%2F11g5zxgxvx!19sChIJEXogCHwV0i0RdhE4XdJBC0o?authuser=0&hl=id&rclk=1,-8.6143483,115.2956618,https://www.tiktok.com/@pov.nenot/video/7538439770171575570,https://www.tiktok.com/@cahaya.mutiara.ub2/video/7629873559120186632,https://www.tiktok.com/@cisenatbali/video/7631507356756495623
722,TOMORO COFFEE - Gianyar,Gianyar,4.5,301,Work from Cafe | Vibrant Nightlife | Budget Friendly,"['baristanya', 'harga', 'pelayanan', 'lantai', 'latte', 'aplikasi']",Rp 15–50k,Malam jam 7pm+,https://www.google.com/maps/place/TOMORO+COFFEE+-+Gianyar/data=!4m7!3m6!1s0x2dd21797ac1a43cf:0x2179f15036da6f70!8m2!3d-8.54093!4d115.3176454!16s%2Fg%2F11l66zv9_f!19sChIJz0MarJcX0i0RcG_aNlDxeSE?authuser=0&hl=id&rclk=1,-8.54093,115.3176454,https://www.tiktok.com/@cempakariskaa/video/7574805807150288146,https://www.tiktok.com/@jajanmuluu11/video/7634151530702146823,https://www.tiktok.com/@wayansutara2/video/7534126524228701448
723,Warmmeet Gianyar,Gianyar,4.5,140,Work from Cafe | Vibrant Nightlife | Budget Friendly,"['harga', 'wifi', 'ramen', 'atmosphere', 'internet', 'gosong']",Rp 15–50k,Malam jam 7pm+,https://www.google.com/maps/place/Warmmeet+Gianyar/data=!4m7!3m6!1s0x2dd23d4182f616a5:0x42587583efa033ee!8m2!3d-8.5386393!4d115.3228113!16s%2Fg%2F11kk053rl5!19sChIJpRb2gkE90i0R7jOg74N1WEI?authuser=0&hl=id&rclk=1,-8.5386393,115.3228113,https://www.tiktok.com/@warmmeet.bali/video/7495439255343222022,https://www.tiktok.com/@rianajuliawati/video/7542398348515347718,https://www.tiktok.com/@warmmeet.bali/video/7460756893003173125
724,Raditya Cafe,Gianyar,4.7,230,Sunset & View | Work from Cafe | Vibrant Nightlife | Budget Friendly,"['sawah', 'harga', 'sunset', 'mango', 'nasi goreng', 'campuhan ridge walk']",Rp 15–50k,Sunset jam 5–7pm,https://www.google.com/maps/place/Raditya+Cafe/data=!4m7!3m6!1s0x2dd23d35bc94fa5f:0x78b12422ff69ee47!8m2!3d-8.4886763!4d115.2582505!16s%2Fg%2F11f00hxb5n!19sChIJX_qUvDU90i0RR-5p_yIksXg?authuser=0&hl=id&rclk=1,-8.4886763,115.2582505,https://www.tiktok.com/@baliwonderfood/video/7529839577125752072,https://www.tiktok.com/@dapoer.raditya/video/7289075954117283078,https://www.tiktok.com/@rr.mey72/video/7296299563776740613
725,Bono Coffee Shop,Gianyar,4.6,231,Sunset & View | Work from Cafe | Vibrant Nightlife | Budget Friendly,"['harga', 'sawah', 'sunset', 'pemandangan', 'musiknya', 'maps']",Rp 15–50k,Sunset jam 5–7pm,https://www.google.com/maps/place/Bono+Coffee+Shop/data=!4m7!3m6!1s0x2dd215d2e925a5e7:0x8e245cd546e50ed5!8m2!3d-8.5643163!4d115.3195549!16s%2Fg%2F11qq8yr9vs!19sChIJ56Ul6dIV0i0R1Q7lRtVcJI4?authuser=0&hl=id&rclk=1,-8.5643163,115.3195549,https://www.tiktok.com/@hii_hil/video/7605164888465378580,https://www.tiktok.com/@rytha_alfhyanha_28/video/7589565783211052306,https://www.tiktok.com/@anaisrenee/video/7544197130739535126
726,Pandawa Coffee and Eatery,Gianyar,4.8,62,Sunset & View | Work from Cafe | Vibrant Nightlife | Budget Friendly,"['harga', 'sunset', 'gunung', 'the view', 'beer', 'pelayanan']",Rp 15–50k,Sunset jam 5–7pm,https://www.google.com/maps/place/Pandawa+Coffee+and+Eatery/data=!4m7!3m6!1s0x2dd223181cc909f3:0x16607158456ac931!8m2!3d-8.4209469!4d115.2796635!16s%2Fg%2F11x_cdn5zy!19sChIJ8wnJHBgj0i0RMclqRVhxYBY?authuser=0&hl=id&rclk=1,-8.4209469,115.2796635,https://www.tiktok.com/@pandawa.coffee.an/video/7553547191323872520,https://www.tiktok.com/@bumdakutuh/video/7599484287284481288,https://www.tiktok.com/@bumdakutuh/video/7550256212449840389
727,Nusandari Cafe,Gianyar,4.8,298,Sunset & View | Work from Cafe | Vibrant Nightlife,"['sawah', 'dinner', 'sushi', 'cocktail', 'senyum', 'villa']",Rp 50–150k,Sunset jam 5–7pm,https://www.google.com/maps/place/Nusandari+Cafe/data=!4m7!3m6!1s0x2dd2239a6e0ed857:0xd7cd82f30fd5abc0!8m2!3d-8.4560716!4d115.2735516!16s%2Fg%2F11l357dc2l!19sChIJV9gObpoj0i0RwKvVD_OCzdc?authuser=0&hl=id&rclk=1,-8.4560716,115.2735516,https://www.tiktok.com/@tarzana229/video/7552408444150631702,https://www.tiktok.com/@deliciousbalii/video/7325616277052017926,
728,Sudut Kopi,Gianyar,4.1,225,Work from Cafe | Vibrant Nightlife | Budget Friendly,"['harga', 'pelayanan', 'wifi', 'meja', 'masak', 'pesan']",Rp 15–50k,Malam jam 7pm+,https://www.google.com/maps/place/Sudut+Kopi/data=!4m7!3m6!1s0x2dd2177262ad008b:0xc0d1e65abdf7e5a4!8m2!3d-8.5586265!4d115.3093497!16s%2Fg%2F11pckyky4y!19sChIJiwCtYnIX0i0RpOX3vVrm0cA?authuser=0&hl=id&rclk=1,-8.5586265,115.3093497,https://www.tiktok.com/@nugi_97/video/7626355621494787346,https://www.tiktok.com/@balifoodheaven/video/7601366987863805202,https://www.tiktok.com/@jalansamavier/video/7557387425367002380
729,Rumah Makan Kedaton - Gatot Subroto,Denpasar,4.4,637,Family Friendly | Work from Cafe | Vibrant Nightlife | Budget Friendly,"['harga', 'lauk', 'nasi campur', 'halal', 'pilihan', 'dendeng']",Rp 15–50k,Malam jam 7pm+,https://www.google.com/maps/place/Rumah+Makan+Kedaton+-+Gatot+Subroto/data=!4m7!3m6!1s0x2dd23f6eb3055555:0x2520ffc251e1269!8m2!3d-8.6354615!4d115.2186963!16s%2Fg%2F11s7pbkcmb!19sChIJVVUFs24_0i0RaRIeJfwPUgI?authuser=0&hl=id&rclk=1,-8.6354615,115.2186963,https://www.tiktok.com/@deliciousbalii/video/7470400508755217670,https://www.tiktok.com/@baligaskeun/video/7493819505605446967,https://www.tiktok.com/@ybearv/video/7504305781500660999
730,Renoma Resto | Bar | Venue,Denpasar,4.5,563,Family Friendly | Work from Cafe | Vibrant Nightlife,"['luas', 'band', 'taman', 'live music', 'wedding', 'acara']",Rp 80–200k,Malam jam 7pm+,https://www.google.com/maps/place/Renoma+Resto+%7C+Bar+%7C+Venue/data=!4m7!3m6!1s0x2dd24189bf576337:0xea0883478d9b2501!8m2!3d-8.6721134!4d115.2449951!16s%2Fg%2F11n102cm9z!19sChIJN2NXv4lB0i0RASWbjUeDCOo?authuser=0&hl=id&rclk=1,-8.6721134,115.2449951,https://www.tiktok.com/@nomnombali/video/7392513223523601669,https://www.tiktok.com/@omsnip/video/7309068772088859910,https://www.tiktok.com/@nesyaadenisaa/video/7516587286016855314
731,Rooftop Denpasar,Denpasar,4.8,235,Sunset & View | Work from Cafe | Vibrant Nightlife | Budget Friendly,"['sunset', 'pelayanan', 'harga', 'tangga', 'angkringan', 'olahraga']",Rp 15–50k,Sunset jam 5–7pm,https://www.google.com/maps/place/Rooftop+Denpasar/data=!4m7!3m6!1s0x2dd24125024c2067:0x7582e036680af6b7!8m2!3d-8.694053!4d115.190456!16s%2Fg%2F11lkgm__ws!19sChIJZyBMAiVB0i0Rt_YKaDbggnU?authuser=0&hl=id&rclk=1,-8.694053,115.190456,https://www.tiktok.com/@vndmedia/video/7489680983944482066,https://www.tiktok.com/@agitalifia/video/7540530857191427348,https://www.tiktok.com/@desakmadertns/video/7500391382889057541
732,Loh & Co,Denpasar,4.5,1619,Work from Cafe | Vibrant Nightlife,"['meeting', 'taman', 'nasi goreng', 'katedral', 'mie goreng', 'sambal matah']",Rp 80–200k,Malam jam 7pm+,https://www.google.com/maps/place/Loh+%26+Co/data=!4m7!3m6!1s0x2dd2415572a9dafb:0x4d4bc81d4d289499!8m2!3d-8.6735726!4d115.2290407!16s%2Fg%2F11h_d4ftth!19sChIJ-9qpclVB0i0RmZQoTR3IS00?authuser=0&hl=id&rclk=1,-8.6735726,115.2290407,https://www.tiktok.com/@extraj0z/video/7636724560578186503,https://www.tiktok.com/@lohandcobali/video/7609620942070828308,https://www.tiktok.com/@lohandcobali/video/7521578847532305672
733,24 Cafe Bali,Denpasar,4.6,134,Family Friendly | Work from Cafe | Vibrant Nightlife | Budget Friendly,"['harga', 'luas', 'pesan', 'orang', 'anak', 'rum']",Rp 15–50k,Malam jam 7pm+,https://www.google.com/maps/place/24+Cafe+Bali/data=!4m7!3m6!1s0x2dd23fe9be689897:0xc96d735597d079b7!8m2!3d-8.6150462!4d115.2004383!16s%2Fg%2F11hqvb899c!19sChIJl5hovuk_0i0Rt3nQl1Vzbck?authuser=0&hl=id&rclk=1,-8.6150462,115.2004383,https://www.tiktok.com/@rete_balinese/video/7632558980757327124,https://www.tiktok.com/@hangout.seeker/video/7554320092884913424,https://www.tiktok.com/@balihints/video/7608164625334537493
734,ZodiacXII Coffee & Eatery,Denpasar,4.6,875,Work from Cafe | Vibrant Nightlife,"['lantai', 'lawakan tunggal', 'ruang meeting', 'makanan minuman', 'nasi goreng', 'gelato']",Rp 80–200k,Malam jam 7pm+,https://www.google.com/maps/place/ZodiacXII+Coffee+%26+Eatery/data=!4m7!3m6!1s0x2dd241179713a6af:0x184bfcf49f5c6436!8m2!3d-8.6727723!4d115.222072!16s%2Fg%2F11j13hnlh4!19sChIJr6YTlxdB0i0RNmRcn_T8Sxg?authuser=0&hl=id&rclk=1,-8.6727723,115.222072,https://www.tiktok.com/@sukabumihariini.id/video/7509687319927049478,https://www.tiktok.com/@zodiac_xii/video/7609885765685808400,https://www.tiktok.com/@zodiac_xii/video/7605478995429166343
735,Tahoma Cafe & Eatery,Denpasar,4.2,1150,Work from Cafe | Vibrant Nightlife,"['pesan', 'game', 'panas', 'nasi bakar', 'ayam parmigiana', 'chicken wings']",Rp 30–100k,Malam jam 7pm+,https://www.google.com/maps/place/Tahoma+Cafe+%26+Eatery/data=!4m7!3m6!1s0x2dd247900c24606f:0xdf8d613a3f554cfa!8m2!3d-8.699716!4d115.1808475!16s%2Fg%2F11nmrg56x7!19sChIJb2AkDJBH0i0R-kxVPzphjd8?authuser=0&hl=id&rclk=1,-8.699716,115.1808475,https://www.tiktok.com/@rofakuta.hotel/video/7533583052182670648,https://www.tiktok.com/@tahoma.cafe/video/7539448575541955846,https://www.tiktok.com/@deliciousbalii/video/7504571159019605253
736,Veranda Cafe,Denpasar,4.4,595,Work from Cafe | Vibrant Nightlife,"['wifi', 'pizza', 'rasa', 'meeting', 'colokan', 'standar']",Rp 50–150k,Malam jam 7pm+,https://www.google.com/maps/place/Veranda+Cafe/data=!4m7!3m6!1s0x2dd2406163165ca3:0x77d1526b8fb65695!8m2!3d-8.6589994!4d115.2394401!16s%2Fg%2F1pzwdpll6!19sChIJo1wWY2FA0i0RlVa2j2tS0Xc?authuser=0&hl=id&rclk=1,-8.6589994,115.2394401,https://www.tiktok.com/@dynatobingg/video/7516764721828072709,https://www.tiktok.com/@dynatobingg/video/7528266202947407109,https://www.tiktok.com/@lovizta.paradise/video/7321547931604258053
737,Kefee Donut Coffee & Matcha,Denpasar,4.8,855,Family Friendly | Work from Cafe | Vibrant Nightlife,"['aesthetic', 'luas', 'wifi', 'kasir', 'foto', 'donat']",Rp 80–200k,Malam jam 7pm+,https://www.google.com/maps/place/Kefee+Donut+Coffee+%26+Matcha/data=!4m7!3m6!1s0x2dd241083e4baced:0xdd1a2423aeb141c4!8m2!3d-8.6571406!4d115.1915351!16s%2Fg%2F11rsp8nn4j!19sChIJ7axLPghB0i0RxEGxriMkGt0?authuser=0&hl=id&rclk=1,-8.6571406,115.1915351,https://www.tiktok.com/@foodreyy/video/7549270869072219448,https://www.tiktok.com/@odikabayu/video/7587260300399873301,https://www.tiktok.com/@baliwonderfood/video/7551320125274688773
738,Resident Coffee and Tea,Denpasar,4.7,238,Work from Cafe | Vibrant Nightlife,"['atmosphere', 'cookies', 'buku', 'pilihan', 'arsitek', 'angin']",Rp 50–150k,Malam jam 7pm+,https://www.google.com/maps/place/Resident+Coffee+and+Tea/data=!4m7!3m6!1s0x2dd2411f93af80bf:0x103d39c520102a45!8m2!3d-8.6767903!4d115.2388203!16s%2Fg%2F11nm_sst5r!19sChIJv4Cvkx9B0i0RRSoQIMU5PRA?authuser=0&hl=id&rclk=1,-8.6767903,115.2388203,https://www.tiktok.com/@nixentangkere/video/7609638263199943943,https://www.tiktok.com/@intankusumasari1/video/7608437985943637268,https://www.tiktok.com/@wiraabhuana/video/7498154394551192850
739,Mood Coffee Bali,Denpasar,4.1,393,Work from Cafe | Vibrant Nightlife,"['lantai', 'pelayanan', 'pesan', 'interior', 'motor', 'strategis']",Rp 30–100k,Malam jam 7pm+,https://www.google.com/maps/place/Mood+Coffee+Bali/data=!4m7!3m6!1s0x2dd241a7da458b0d:0x5b614f39e97d7b92!8m2!3d-8.6575074!4d115.214535!16s%2Fg%2F11swcx22gk!19sChIJDYtF2qdB0i0Rknt96TlPYVs?authuser=0&hl=id&rclk=1,-8.6575074,115.214535,https://www.tiktok.com/@moodcoffeebali/video/7517565259692002566,https://www.tiktok.com/@moodcoffeebali/video/7527307631485013254,https://www.tiktok.com/@moodcoffeebali/video/7536516161173769477
740,BROWNFOX Waffle & Coffee,Denpasar,4.5,1764,Work from Cafe | Vibrant Nightlife,"['curry', 'souffle', 'lembut', 'savoury', 'spaghetti carbonara', 'wafel karamel asin']",Rp 80–200k,Malam jam 7pm+,https://www.google.com/maps/place/BROWNFOX+Waffle+%26+Coffee/data=!4m7!3m6!1s0x2dd240f2696d51bb:0x8347fd950810c7b1!8m2!3d-8.6730324!4d115.2257082!16s%2Fg%2F11g6xmzyjq!19sChIJu1FtafJA0i0RsccQCJX9R4M?authuser=0&hl=id&rclk=1,-8.6730324,115.2257082,https://www.tiktok.com/@daverichardson42/video/7523539833113808150,https://www.tiktok.com/@intankusumasari1/video/7308247870430350598,https://www.tiktok.com/@fathiaamaliaa/video/7638885552070151442
741,The Magendra,Denpasar,4.7,1176,Work from Cafe | Vibrant Nightlife,"['ruang meeting', 'lantai', 'cafe', 'wifi', 'gym', 'iqos']",Rp 150–400k,Malam jam 7pm+,https://www.google.com/maps/place/The+Magendra/data=!4m7!3m6!1s0x2dd2477490d7756d:0x139a2ce60eadc360!8m2!3d-8.6780045!4d115.1863406!16s%2Fg%2F11hzwfr95c!19sChIJbXXXkHRH0i0RYMOtDuYsmhM?authuser=0&hl=id&rclk=1,-8.6780045,115.1863406,https://www.tiktok.com/@themagendrabali/video/7509809336735091976,https://www.tiktok.com/@themagendrabali/video/7553931983236173074,https://www.tiktok.com/@ajengtriah/video/7423401408902204680
742,HANAKA COFFEE,Denpasar,4.4,437,Work from Cafe | Vibrant Nightlife | Budget Friendly,"['harga', 'latte', 'cappucino', 'baristanya', 'konsep', 'pelayanan']",Rp 15–50k,Malam jam 7pm+,https://www.google.com/maps/place/HANAKA+COFFEE/data=!4m7!3m6!1s0x2dd2413eb28ec99f:0x7bd1f634612704d6!8m2!3d-8.6772962!4d115.2103702!16s%2Fg%2F11h6ddy2_t!19sChIJn8mOsj5B0i0R1gQnYTT20Xs?authuser=0&hl=id&rclk=1,-8.6772962,115.2103702,https://www.tiktok.com/@tesaamalia_/video/7576815346254908690,https://www.tiktok.com/@jeffrihan/video/7588427519934598408,https://www.tiktok.com/@odikabayu/video/7599994961915956488
743,Nilo Coffee & Kitchen,Denpasar,4.3,1239,Sunset & View | Family Friendly | Work from Cafe | Vibrant Nightlife,"['luas', 'pesan', 'foto', 'makan malam', 'tempat parkir', 'kasir']",Rp 50–150k,Sunset jam 5–7pm,https://www.google.com/maps/place/Nilo+Coffee+%26+Kitchen/data=!4m7!3m6!1s0x2dd2408a5adbef79:0xacf267147503d8d0!8m2!3d-8.6658372!4d115.2342851!16s%2Fg%2F11dym98jpn!19sChIJee_bWopA0i0R0NgDdRRn8qw?authuser=0&hl=id&rclk=1,-8.6658372,115.2342851,https://www.tiktok.com/@yoksbridal.id/video/7425044278113471762,https://www.tiktok.com/@balimaknyus/video/7390383538824170758,https://www.tiktok.com/@nilocoffeeandkitchen/video/7564223756428758290
744,Hita Coffee,Denpasar,4.6,249,Family Friendly | Work from Cafe | Vibrant Nightlife | Budget Friendly,"['harga', 'croissant', 'pelayanan', 'luas', 'latte', 'wifi']",Rp 15–50k,Malam jam 7pm+,https://www.google.com/maps/place/Hita+Coffee/data=!4m7!3m6!1s0x2dd23f9d15451573:0xe0e5e379156b29ef!8m2!3d-8.6496857!4d115.2112134!16s%2Fg%2F11hxyd34xs!19sChIJcxVFFZ0_0i0R7ylrFXnj5eA?authuser=0&hl=id&rclk=1,-8.6496857,115.2112134,https://www.tiktok.com/@hitacoffeebali/video/7546117502078569784,https://www.tiktok.com/@hitacoffeebali/video/7534158808302554376,https://www.tiktok.com/@deliciousbalii/video/7113049801901608218
745,Jiwan Coffee & Things Bali,Denpasar,4.7,208,Work from Cafe | Vibrant Nightlife | Budget Friendly,"['harga', 'lantai', 'meeting', 'pilihan', 'pelayanan', 'meja']",Rp 15–50k,Malam jam 7pm+,https://www.google.com/maps/place/Jiwan+Coffee+%26+Things+Bali/data=!4m7!3m6!1s0x2dd241dc5e3a1b11:0x69fe9556db071552!8m2!3d-8.6613125!4d115.2495625!16s%2Fg%2F11v00dqnw3!19sChIJERs6XtxB0i0RUhUH21aV_mk?authuser=0&hl=id&rclk=1,-8.6613125,115.2495625,https://www.tiktok.com/@jiwan.bali/video/7608197444106521876,https://www.tiktok.com/@jiwan.bali/video/7611861753571396884,https://www.tiktok.com/@jiwan.bali/video/7594435170187431176
746,KAWAII ANIME CAFE,Denpasar,4.8,162,Work from Cafe | Vibrant Nightlife | Budget Friendly,"['harga', 'cocktail', 'foto', 'qris', 'makanan minuman', 'fried rice']",Rp 15–50k,Malam jam 7pm+,https://www.google.com/maps/place/KAWAII+ANIME+CAFE/data=!4m7!3m6!1s0x2dd241ef5f21386d:0xad339c267f27f304!8m2!3d-8.6600769!4d115.2092658!16s%2Fg%2F11tg6cndtc!19sChIJbTghX-9B0i0RBPMnfyacM60?authuser=0&hl=id&rclk=1,-8.6600769,115.2092658,https://www.tiktok.com/@animaid_cafe/video/7638629713593896214,,
747,Warung Luggher & Koffie - Denpasar,Denpasar,4.7,156,Sunset & View | Family Friendly | Work from Cafe | Vibrant Nightlife | Budget Friendly,"['harga', 'signature', 'latte', 'luas', 'nasi bakar', 'tempe mendoan']",Rp 15–50k,Sunset jam 5–7pm,https://www.google.com/maps/place/Warung+Luggher+%26+Koffie+-+Denpasar/data=!4m7!3m6!1s0x2dd23f66a65e0c57:0x8033b9e9ce02b04f!8m2!3d-8.6363997!4d115.2251063!16s%2Fg%2F11q7n6_nbf!19sChIJVwxepmY_0i0RT7ACzum5M4A?authuser=0&hl=id&rclk=1,-8.6363997,115.2251063,https://www.tiktok.com/@amoy_foodtravel/video/7495541732314975493,https://www.tiktok.com/@warungluggherbali/video/7508643536078638342,https://www.tiktok.com/@warungluggherbali/video/7627381383123455250
748,Ontario Social Coffee,Denpasar,4.4,358,Family Friendly | Work from Cafe | Vibrant Nightlife,"['motor', 'musik', 'kasir', 'pencucian', 'pesan', 'rice']",Rp 50–150k,Malam jam 7pm+,https://www.google.com/maps/place/Ontario+Social+Coffee/data=!4m7!3m6!1s0x2dd24152f46fcc33:0xf664620cae09b12f!8m2!3d-8.6641315!4d115.2407559!16s%2Fg%2F11r_cnl54b!19sChIJM8xv9FJB0i0RL7EJrgxiZPY?authuser=0&hl=id&rclk=1,-8.6641315,115.2407559,https://www.tiktok.com/@ontario.coffee/video/7541256882585881874,https://www.tiktok.com/@ontario.coffee/video/7498189932092099847,https://www.tiktok.com/@detroitmotowashbali/video/7570943263935433992
749,kyoto country club,Denpasar,4.9,1796,Work from Cafe | Vibrant Nightlife,"['ramen', 'tiramisu', 'sushi', 'butadon', 'yakitori', 'tatami']",Rp 150–400k,Malam jam 7pm+,https://www.google.com/maps/place/kyoto+country+club/data=!4m7!3m6!1s0x2dd2416b761ef68f:0xf517c913a3d9c740!8m2!3d-8.653921!4d115.2151658!16s%2Fg%2F11sc75zptn!19sChIJj_YedmtB0i0RQMfZoxPJF_U?authuser=0&hl=id&rclk=1,-8.653921,115.2151658,https://www.tiktok.com/@kyotocountryclub/video/7624742723848899861,https://www.tiktok.com/@leonadewz/video/7630104039467830536,https://www.tiktok.com/@kyotocountryclub/video/7510583094806727957
750,Guar Coffee,Denpasar,4.9,200,Work from Cafe | Vibrant Nightlife | Budget Friendly,"['harga', 'barista', 'latte', 'cappucino', 'santai', 'dopamin']",Rp 15–50k,Malam jam 7pm+,https://www.google.com/maps/place/Guar+Coffee/data=!4m7!3m6!1s0x2dd23fa4438de885:0xaf04ce0f619e7700!8m2!3d-8.6467951!4d115.2247207!16s%2Fg%2F11qmbj76f9!19sChIJheiNQ6Q_0i0RAHeeYQ_OBK8?authuser=0&hl=id&rclk=1,-8.6467951,115.2247207,https://www.tiktok.com/@putueriksetiawan/video/7517217843897748744,https://www.tiktok.com/@moynovhee/video/7600629008824356104,https://www.tiktok.com/@reiyarvie/video/7610009589395852562
751,DOPA Renon,Denpasar,4.8,1023,Work from Cafe | Vibrant Nightlife,"['barista', 'pastry', 'wifi', 'santai', 'meeting', 'estetik']",Rp 150–400k,Malam jam 7pm+,https://www.google.com/maps/place/DOPA+Renon/data=!4m7!3m6!1s0x2dd241abddbe53eb:0xeeada2344f5b40ff!8m2!3d-8.670305!4d115.228051!16s%2Fg%2F11j4t6rphc!19sChIJ61O-3atB0i0R_0BbTzSire4?authuser=0&hl=id&rclk=1,-8.670305,115.228051,https://www.tiktok.com/@dopa.bali/video/7505284142985268486,https://www.tiktok.com/@novialnahabiba/video/7631916114393500949,https://www.tiktok.com/@cozycups16/video/7558012020201737479
752,Sekala Kopi,Denpasar,4.8,242,Work from Cafe | Vibrant Nightlife | Budget Friendly,"['harga', 'standar', 'wifi', 'lantai', 'pelayanan', 'meja']",Rp 15–50k,Malam jam 7pm+,https://www.google.com/maps/place/Sekala+Kopi/data=!4m7!3m6!1s0x2dd23fae62e4c357:0xb39d41a8bfabb7fb!8m2!3d-8.6392401!4d115.2056127!16s%2Fg%2F11mvh7rs3v!19sChIJV8PkYq4_0i0R-7erv6hBnbM?authuser=0&hl=id&rclk=1,-8.6392401,115.2056127,https://www.tiktok.com/@travelearn/video/6905694780299169026,https://www.tiktok.com/@deliciousbalii/video/7009971850524495130,https://www.tiktok.com/@sipalingopiii/video/7466970867487100166
753,NEXX Café,Denpasar,4.9,458,Family Friendly | Work from Cafe | Vibrant Nightlife | Budget Friendly,"['harga', 'mobil mewah', 'luas', 'ayam betutu', 'dinner', 'showroom']",Rp 15–50k,Malam jam 7pm+,https://www.google.com/maps/place/NEXX+Caf%C3%A9/data=!4m7!3m6!1s0x2dd241f9f5641bc9:0x50666be53a91e0b8!8m2!3d-8.6679105!4d115.2150028!16s%2Fg%2F11vx6z47hb!19sChIJyRtk9flB0i0RuOCROuVrZlA?authuser=0&hl=id&rclk=1,-8.6679105,115.2150028,,,
754,Rumah Makan Sawira,Tabanan,3.9,53,Work from Cafe | Vibrant Nightlife | Budget Friendly,"['harga', 'kucing', 'sejuk']",Rp 15–50k,Malam jam 7pm+,https://www.google.com/maps/place/Rumah+Makan+Sawira/data=!4m7!3m6!1s0x2dd23a543fa7354b:0x87c02335f9427d23!8m2!3d-8.5378818!4d115.1370315!16s%2Fg%2F1hm4whwf0!19sChIJSzWnP1Q60i0RI31C-TUjwIc?authuser=0&hl=id&rclk=1,-8.5378818,115.1370315,https://www.tiktok.com/@ratich.palgunadi/video/7497247262838459666,,
755,Conato Bakery Tabanan,Tabanan,4.1,150,Work from Cafe | Vibrant Nightlife | Budget Friendly,"['harga', 'kualitas', 'kue', 'kasir', 'pilihan', 'kue tart']",Rp 15–50k,Malam jam 7pm+,https://www.google.com/maps/place/Conato+Bakery+Tabanan/data=!4m7!3m6!1s0x2dd23a597b2ce0c1:0x28d525063fd9e6df!8m2!3d-8.5391972!4d115.1250641!16s%2Fg%2F1hm4yt349!19sChIJweAse1k60i0R3-bZPwYl1Sg?authuser=0&hl=id&rclk=1,-8.5391972,115.1250641,https://www.tiktok.com/@chefyongkigunawan/video/7560861392492907797,https://www.tiktok.com/@miskhacollections/video/7577691051540942087,https://www.tiktok.com/@siti_aminah977/video/7634434949185146119
756,DEPOTku,Tabanan,3.5,68,Work from Cafe | Vibrant Nightlife | Budget Friendly,"['lama', 'harga', 'lapar']",Rp 15–50k,Malam jam 7pm+,https://www.google.com/maps/place/DEPOTku/data=!4m7!3m6!1s0x2dd23a440b357c0b:0xc5781908df489351!8m2!3d-8.549064!4d115.1238928!16s%2Fg%2F11f3_pq3v0!19sChIJC3w1C0Q60i0RUZNI3wgZeMU?authuser=0&hl=id&rclk=1,-8.549064,115.1238928,,,
757,Angkringan Tugu Jogja Tabanan,Tabanan,4.6,77,Work from Cafe | Vibrant Nightlife | Budget Friendly,"['nasi', 'ayam', 'harga', 'sate', 'cumi', 'wedang']",Rp 15–50k,Malam jam 7pm+,https://www.google.com/maps/place/Angkringan+Tugu+Jogja+Tabanan/data=!4m7!3m6!1s0x2dd23ba1172bdccb:0x4bfc968cdf983f87!8m2!3d-8.5407496!4d115.135553!16s%2Fg%2F11tg3vhpgr!19sChIJy9wrF6E70i0Rhz-Y34yW_Es?authuser=0&hl=id&rclk=1,-8.5407496,115.135553,https://www.tiktok.com/@chefsukajajan/video/7615843138648788231,https://www.tiktok.com/@spalspilbali/video/7636384405010976008,https://www.tiktok.com/@viviwidianaputri_/video/7624899596543626503
758,SUARGAN Tabanan,Tabanan,3.3,3,Work from Cafe | Vibrant Nightlife,[],Rp 30–100k,Malam jam 7pm+,https://www.google.com/maps/place/SUARGAN+Tabanan/data=!4m7!3m6!1s0x2dd23a505a1b1d55:0x626085a761afc120!8m2!3d-8.5426365!4d115.1316785!16s%2Fg%2F11b6_j263g!19sChIJVR0bWlA60i0RIMGvYaeFYGI?authuser=0&hl=id&rclk=1,-8.5426365,115.1316785,https://www.tiktok.com/@aryagung_bali/video/7311563314675371270,,
759,Duang Dasa Coffee Roasters,Tabanan,4.9,11,Work from Cafe | Vibrant Nightlife,[],Rp 50–150k,Malam jam 7pm+,https://www.google.com/maps/place/Duang+Dasa+Coffee+Roasters/data=!4m7!3m6!1s0x2dd23a510fdbd39f:0x55a076a18ae41f15!8m2!3d-8.5413916!4d115.1335699!16s%2Fg%2F11f4m9x4rw!19sChIJn9PbD1E60i0RFR_kiqF2oFU?authuser=0&hl=id&rclk=1,-8.5413916,115.1335699,https://www.tiktok.com/@iamlibragurl14/video/7616965328983149831,,
760,DINILAKU CAFE,Tabanan,4.4,141,Work from Cafe | Vibrant Nightlife | Budget Friendly,"['harga', 'chicken', 'lantai', 'sushi', 'churros', 'permintaan']",Rp 15–50k,Malam jam 7pm+,https://www.google.com/maps/place/DINILAKU+CAFE/data=!4m7!3m6!1s0x2dd23b6f048580cd:0x57db468b18026f01!8m2!3d-8.5451181!4d115.1421047!16s%2Fg%2F11ftmmhzc2!19sChIJzYCFBG870i0RAW8CGItG21c?authuser=0&hl=id&rclk=1,-8.5451181,115.1421047,https://www.tiktok.com/@balidailynews.com/video/7174303451227131162,,
761,Teras Temu Kopi,Tabanan,4.6,152,Work from Cafe | Vibrant Nightlife | Budget Friendly,"['harga', 'barista']",Rp 15–50k,Malam jam 7pm+,https://www.google.com/maps/place/Teras+Temu+Kopi/data=!4m7!3m6!1s0x2dd23b8678a17c5f:0x22b58c5f744dd5c6!8m2!3d-8.54032!4d115.12503!16s%2Fg%2F11g2xt045m!19sChIJX3yheIY70i0RxtVNdF-MtSI?authuser=0&hl=id&rclk=1,-8.54032,115.12503,https://www.tiktok.com/@terastemukopi/video/7555018664471285003,https://www.tiktok.com/@terastemukopi/video/7552010192720891192,https://www.tiktok.com/@terastemukopi/video/7572904743291358471
762,Samma Coffee & Eatery,Tabanan,4.7,428,Family Friendly | Work from Cafe | Vibrant Nightlife,"['makanan minuman', 'chicken', 'anak', 'luas', 'pelayanan', 'juara']",Rp 50–150k,Malam jam 7pm+,https://www.google.com/maps/place/Samma+Coffee+%26+Eatery/data=!4m7!3m6!1s0x2dd23b860d09b8f9:0x13f012d061e66e8f!8m2!3d-8.5512878!4d115.1244882!16s%2Fg%2F11j2mq3w1_!19sChIJ-bgJDYY70i0Rj27mYdAS8BM?authuser=0&hl=id&rclk=1,-8.5512878,115.1244882,https://www.tiktok.com/@sammacoffee.tabanan/video/7555839980514413835,https://www.tiktok.com/@lindayunanbali/video/7598074752720178440,https://www.tiktok.com/@sammacoffee.tabanan/video/7610702159637761301
763,Qlap Coffee and Eatery Tabanan,Tabanan,4.6,107,Work from Cafe | Vibrant Nightlife | Budget Friendly,"['harga', 'cuci mobil', 'pelayanan', 'strawberry', 'siang', 'panas']",Rp 15–50k,Malam jam 7pm+,https://www.google.com/maps/place/Qlap+Coffee+and+Eatery+Tabanan/data=!4m7!3m6!1s0x2dd23b9ae2ab4133:0xe35a03683c5703f4!8m2!3d-8.5447433!4d115.1420604!16s%2Fg%2F11rxtx0vqj!19sChIJM0Gr4po70i0R9ANXPGgDWuM?authuser=0&hl=id&rclk=1,-8.5447433,115.1420604,https://www.tiktok.com/@tang_kas/video/7510777008180317446,https://www.tiktok.com/@qlap.coffee.eatery/video/7585393704043547922,https://www.tiktok.com/@qlap.coffee.eatery/video/7586290497895894279
764,Paica Coffee,Tabanan,4.9,115,Sunset & View | Work from Cafe | Vibrant Nightlife | Budget Friendly,"['harganya', 'pemandangan', 'snack', 'macha', 'lidah', 'alam']",Rp 15–50k,Sunset jam 5–7pm,https://www.google.com/maps/place/Paica+Coffee/data=!4m7!3m6!1s0x2dd23b0071f9378d:0x4bdbf0995d76a0a3!8m2!3d-8.5376921!4d115.1275981!16s%2Fg%2F11wy4j2jk4!19sChIJjTf5cQA70i0Ro6B2XZnw20s?authuser=0&hl=id&rclk=1,-8.5376921,115.1275981,https://www.tiktok.com/@me_lazuardi/video/7597251045592485127,https://www.tiktok.com/@ajiknuel92/video/7529764075484564742,https://www.tiktok.com/@hai.monik/video/7593205876899450130
765,Linggar space,Tabanan,4.7,140,Work from Cafe | Vibrant Nightlife | Budget Friendly,"['harga', 'corndog', 'estetik', 'pelajar', 'makanan minuman', 'mainan']",Rp 15–50k,Malam jam 7pm+,https://www.google.com/maps/place/Linggar+space/data=!4m7!3m6!1s0x2dd23b004d8d11c9:0xb95cb72a57eb8627!8m2!3d-8.5459624!4d115.126016!16s%2Fg%2F11lw0br6wd!19sChIJyRGNTQA70i0RJ4brVyq3XLk?authuser=0&hl=id&rclk=1,-8.5459624,115.126016,https://www.tiktok.com/@arirtnsr__/video/7628204475743751425,https://www.tiktok.com/@medyanahardantii/video/7583931598551174407,https://www.tiktok.com/@medyanahardantii/video/7514865344775867655
766,Starboost Coffee + Eatery,Tabanan,4.3,321,Family Friendly | Work from Cafe | Vibrant Nightlife | Budget Friendly,"['harga', 'nasi goreng', 'keluarga', 'music', 'money', 'cordon blue']",Rp 15–50k,Malam jam 7pm+,https://www.google.com/maps/place/Starboost+Coffee+%2B+Eatery/data=!4m7!3m6!1s0x2dd23a4a81f0508b:0x42dabc38592ff8fa!8m2!3d-8.554201!4d115.1388541!16s%2Fg%2F1hm5twk40!19sChIJi1DwgUo60i0R-vgvWTi82kI?authuser=0&hl=id&rclk=1,-8.554201,115.1388541,https://www.tiktok.com/@starboostcoffeeeatery/video/7549491240568425784,https://www.tiktok.com/@fy_eonni/video/7375121237133069574,https://www.tiktok.com/@starboostcoffeeeatery/video/7637783024448326932
767,Rintis Coffee,Tabanan,4.8,122,Family Friendly | Work from Cafe | Vibrant Nightlife,"['luas', 'dewi', 'kakak', 'kopi susu', 'nasi', 'windy']",Rp 50–150k,Malam jam 7pm+,https://www.google.com/maps/place/Rintis+Coffee/data=!4m7!3m6!1s0x2dd23b47976a1295:0x3c91bf0ff62af331!8m2!3d-8.5500575!4d115.1216202!16s%2Fg%2F11qq3ycghr!19sChIJlRJql0c70i0RMfMq9g-_kTw?authuser=0&hl=id&rclk=1,-8.5500575,115.1216202,https://www.tiktok.com/@rintiskopi/video/7577000197947985160,https://www.tiktok.com/@rintiskopi/video/7605847718732369160,https://www.tiktok.com/@rintiskopi/video/7576840150320237832
768,TOMORO COFFEE - Tabanan,Tabanan,5.0,14,Work from Cafe | Vibrant Nightlife,[],Rp 50–150k,Malam jam 7pm+,https://www.google.com/maps/place/TOMORO+COFFEE+-+Tabanan/data=!4m7!3m6!1s0x2dd23b0006fac1c9:0xd7de735b43754488!8m2!3d-8.5514792!4d115.1296087!16s%2Fg%2F11n532bykr!19sChIJycH6BgA70i0RiER1Q1tz3tc?authuser=0&hl=id&rclk=1,-8.5514792,115.1296087,https://www.tiktok.com/@ep.review/video/7623675054076726535,https://www.tiktok.com/@rosika.ros/video/7618230803809488135,https://www.tiktok.com/@lenspil/video/7623697714211032328
769,Student Coffee & 10 Districts Eatery,Tabanan,4.7,163,Family Friendly | Work from Cafe | Vibrant Nightlife | Budget Friendly,"['harga', 'anak', 'cafe', 'panas', 'pesan', 'meeting']",Rp 15–50k,Malam jam 7pm+,https://www.google.com/maps/place/Student+Coffee+%26+10+Districts+Eatery/data=!4m7!3m6!1s0x2dd23b3ef538edeb:0x29a6de38d15195e4!8m2!3d-8.5472064!4d115.1207362!16s%2Fg%2F11mgxk573d!19sChIJ6-049T470i0R5JVR0Tjepik?authuser=0&hl=id&rclk=1,-8.5472064,115.1207362,https://www.tiktok.com/@deliciousbalii/video/7493077368387489079,https://www.tiktok.com/@marem.mama.rempon/video/7547367103590944016,https://www.tiktok.com/@hai.monik/video/7599572857475124488
770,Kopi kultura,Tabanan,4.7,142,Work from Cafe | Vibrant Nightlife | Budget Friendly,"['harga', 'standar', 'susu', 'baileys', 'gula aren', 'burger']",Rp 15–50k,Malam jam 7pm+,https://www.google.com/maps/place/Kopi+kultura/data=!4m7!3m6!1s0x2dd23b59b5ba20a1:0xea16783a52d5e15e!8m2!3d-8.5541079!4d115.1405295!16s%2Fg%2F11mwz5b836!19sChIJoSC6tVk70i0RXuHVUjp4Fuo?authuser=0&hl=id&rclk=1,-8.5541079,115.1405295,https://www.tiktok.com/@kopikultura/video/7553047920199666955,https://www.tiktok.com/@kopikultura/video/7550084870349884677,https://www.tiktok.com/@kopikultura/video/7527268666677710086
771,Sugesti Kopi,Tabanan,4.6,463,Family Friendly | Work from Cafe | Vibrant Nightlife | Budget Friendly,"['pelayanan', 'harga', 'kasir', 'chelsea', 'keluarga', 'pacaran']",Rp 15–50k,Malam jam 7pm+,https://www.google.com/maps/place/Sugesti+Kopi/data=!4m7!3m6!1s0x2dd23b540bbf4ba3:0xcd114384bf13d2c7!8m2!3d-8.5350631!4d115.1317835!16s%2Fg%2F11s5ftsjxd!19sChIJo0u_C1Q70i0Rx9ITv4RDEc0?authuser=0&hl=id&rclk=1,-8.5350631,115.1317835,https://www.tiktok.com/@chosenthehusky/video/7529466046835887365,https://www.tiktok.com/@kulinerjani/video/7602896223598546196,https://www.tiktok.com/@congekkkk1/video/7546842832628239621
772,Bucu Creative Coffee,Tabanan,5.0,1,Work from Cafe | Vibrant Nightlife,[],Rp 50–150k,Malam jam 7pm+,https://www.google.com/maps/place/Bucu+Creative+Coffee/data=!4m7!3m6!1s0x2dd23b00555e16d1:0xac36fe0f7ba3f491!8m2!3d-8.5429823!4d115.1316689!16s%2Fg%2F11x143twdx!19sChIJ0RZeVQA70i0RkfSjew_-Nqw?authuser=0&hl=id&rclk=1,-8.5429823,115.1316689,https://www.tiktok.com/@ruangberkaryacreation/video/7488944021495123208,,
773,Kedai Kopi Butter Tabanan,Tabanan,4.4,47,Family Friendly | Work from Cafe | Vibrant Nightlife | Budget Friendly,"['nyemek', 'roti', 'harga', 'kandang anjing', 'kaya toast', 'siomay']",Rp 15–50k,Malam jam 7pm+,https://www.google.com/maps/place/Kedai+Kopi+Butter+Tabanan/data=!4m7!3m6!1s0x2dd23b002077f457:0xcdfcbe26703a3b55!8m2!3d-8.5356324!4d115.1343835!16s%2Fg%2F11y48ptx72!19sChIJV_R3IAA70i0RVTs6cCa-_M0?authuser=0&hl=id&rclk=1,-8.5356324,115.1343835,https://www.tiktok.com/@kedai.butter/video/7614748176439840020,https://www.tiktok.com/@pinguinfmbalii/video/7372395680771460358,https://www.tiktok.com/@kedaikopibutter/video/7370540149274365190
774,Light In Studio & Coffee,Tabanan,4.6,17,Family Friendly | Work from Cafe | Vibrant Nightlife,"['estetik', 'luas']",Rp 50–150k,Malam jam 7pm+,https://www.google.com/maps/place/Light+In+Studio+%26+Coffee/data=!4m7!3m6!1s0x2dd23b6d3185a3fd:0xf7344605a353b3bc!8m2!3d-8.5386507!4d115.1338217!16s%2Fg%2F11yqdv2ybs!19sChIJ_aOFMW070i0RvLNTowVGNPc?authuser=0&hl=id&rclk=1,-8.5386507,115.1338217,https://www.tiktok.com/@mooninlove03/video/7596650094443891986,https://www.tiktok.com/@light.in.coffee/video/7602626843161660692,https://www.tiktok.com/@dewataphotostudio/video/7579870316390878472
775,Klumpu X Coffee Gaya,Tabanan,5.0,8,Work from Cafe | Vibrant Nightlife,[],Rp 50–150k,Malam jam 7pm+,https://www.google.com/maps/place/Klumpu+X+Coffee+Gaya/data=!4m7!3m6!1s0x2dd23b0019ca292b:0xefafe7b3b7df160d!8m2!3d-8.5400215!4d115.1306244!16s%2Fg%2F11yy2gd2f9!19sChIJKynKGQA70i0RDRbft7Pnr-8?authuser=0&hl=id&rclk=1,-8.5400215,115.1306244,https://www.tiktok.com/@wayanmekar/video/7639029833900576018,,
776,Starbucks Tabanan,Tabanan,4.7,428,Family Friendly | Work from Cafe | Vibrant Nightlife,"['luas', 'service', 'wifi', 'perjalanan', 'standar', 'outlet']",Rp 50–150k,Malam jam 7pm+,https://www.google.com/maps/place/Starbucks+Tabanan/data=!4m7!3m6!1s0x2dd23b14e6784991:0x5b3b382b0cf8b573!8m2!3d-8.5521879!4d115.130722!16s%2Fg%2F11j8skx2rc!19sChIJkUl45hQ70i0Rc7X4DCs4O1s?authuser=0&hl=id&rclk=1,-8.5521879,115.130722,https://www.tiktok.com/@putri_ulandari20/video/7593575541077347604,https://www.tiktok.com/@ceriwismakan/video/7601003820373511425,https://www.tiktok.com/@irma_fairuz90/video/7590739453166112021
777,CROWD COFFEE,Tabanan,5.0,1,Work from Cafe | Vibrant Nightlife,[],Rp 50–150k,Malam jam 7pm+,https://www.google.com/maps/place/CROWD+COFFEE/data=!4m7!3m6!1s0x2dd23b1443ec2595:0xd9369a50a986dab7!8m2!3d-8.5410695!4d115.1352695!16s%2Fg%2F11yl8xvvm4!19sChIJlSXsQxQ70i0Rt9qGqVCaNtk?authuser=0&hl=id&rclk=1,-8.5410695,115.1352695,https://www.tiktok.com/@dodol7781/video/7594385505383402753,https://www.tiktok.com/@dodol7781/video/7588221626483838228,https://www.tiktok.com/@dodol7781/video/7588914029951798549
778,Saico Cafe,Tabanan,5.0,5,Work from Cafe | Vibrant Nightlife,[],Rp 50–150k,Malam jam 7pm+,https://www.google.com/maps/place/Saico+Cafe/data=!4m7!3m6!1s0x2dd23b002a8a99c3:0x260e6d9ddbb394d1!8m2!3d-8.5379367!4d115.1359588!16s%2Fg%2F11yttq6xjd!19sChIJw5mKKgA70i0R0ZSz251tDiY?authuser=0&hl=id&rclk=1,-8.5379367,115.1359588,https://www.tiktok.com/@baliwonderfood/video/7533139504551496966,https://www.tiktok.com/@makanmelali.bali/video/7580930168622042375,
779,Cafe Leo,Buleleng,4.7,158,Work from Cafe | Vibrant Nightlife | Budget Friendly,"['croissant', 'tiramisu', 'milkshake', 'pilihan', 'harga', 'mangkok']",Rp 15–50k,Malam jam 7pm+,https://www.google.com/maps/place/Cafe+Leo/data=!4m7!3m6!1s0x2dd19b5d3d2b1499:0x2d4e81b2c97ddf51!8m2!3d-8.1606549!4d115.0295262!16s%2Fg%2F11y5m7q8wp!19sChIJmRQrPV2b0S0RUd99ybKBTi0?authuser=0&hl=id&rclk=1,-8.1606549,115.0295262,https://www.tiktok.com/@jhy534/video/7614366736359394568,https://www.tiktok.com/@arnoldchay/video/7607744452328787220,https://www.tiktok.com/@alyno1221/video/7612108382312516884
780,Tomoro Coffee - Singaraja,Buleleng,4.6,150,Work from Cafe | Vibrant Nightlife | Budget Friendly,"['baristanya', 'matcha', 'pelayanan', 'harga', 'wifi', 'tugas']",Rp 15–50k,Malam jam 7pm+,https://www.google.com/maps/place/Tomoro+Coffee+-+Singaraja/data=!4m7!3m6!1s0x2dd19b00624e84f5:0xa7c8afd65510e927!8m2!3d-8.1164878!4d115.0867015!16s%2Fg%2F11x37437tk!19sChIJ9YROYgCb0S0RJ-kQVdavyKc?authuser=0&hl=id&rclk=1,-8.1164878,115.0867015,https://www.tiktok.com/@singarajafoodie/video/7626234453144161544,https://www.tiktok.com/@wuulan_darie/video/7600596915172003080,https://www.tiktok.com/@ibu_bhadra/video/7594790719089380626
781,Roadside Cafe,Buleleng,4.8,46,Work from Cafe | Vibrant Nightlife,[],Rp 50–150k,Malam jam 7pm+,https://www.google.com/maps/place/Roadside+Cafe/data=!4m7!3m6!1s0x2dd18ee6bef1fb75:0x9ac52aea1ab0748a!8m2!3d-8.2268352!4d115.148217!16s%2Fg%2F11dyml86xm!19sChIJdfvxvuaO0S0RinSwGuoqxZo?authuser=0&hl=id&rclk=1,-8.2268352,115.148217,,,
782,Orte Cafe Bali,Buleleng,4.1,169,Family Friendly | Work from Cafe | Vibrant Nightlife | Budget Friendly,"['harga', 'garam', 'tahu', 'blackpepper', 'steak', 'anak']",Rp 15–50k,Malam jam 7pm+,https://www.google.com/maps/place/Orte+Cafe+Bali/data=!4m7!3m6!1s0x2dd19b337ffb92d1:0xd4a066c64ff8c783!8m2!3d-8.1159856!4d115.0868484!16s%2Fg%2F11wq9868v4!19sChIJ0ZL7fzOb0S0Rg8f4T8ZmoNQ?authuser=0&hl=id&rclk=1,-8.1159856,115.0868484,https://www.tiktok.com/@singarajafoodie/video/7637485669547298066,https://www.tiktok.com/@ortecafebali/video/7615783817864940821,https://www.tiktok.com/@cindy_ocvianty/video/7606742230342143250
783,Cafe-Bistro Sambal&Croissant,Buleleng,4.2,41,Work from Cafe | Vibrant Nightlife | Budget Friendly,"['harga', 'espresso', 'oatmilk', 'cookies', 'cappucino', 'pilihan']",Rp 15–50k,Malam jam 7pm+,https://www.google.com/maps/place/Cafe-Bistro+Sambal%26Croissant/data=!4m7!3m6!1s0x2dd19b6eb748ae91:0xfb503a9533eecc59!8m2!3d-8.1598539!4d115.0271747!16s%2Fg%2F11ssf7lnfw!19sChIJka5It26b0S0RWczuM5U6UPs?authuser=0&hl=id&rclk=1,-8.1598539,115.0271747,,,
784,YÁNG HEADQUARTERS,Buleleng,4.7,134,Work from Cafe | Vibrant Nightlife | Budget Friendly,"['harga', 'wifi', 'mie']",Rp 15–50k,Malam jam 7pm+,https://www.google.com/maps/place/Y%C3%81NG+HEADQUARTERS/data=!4m7!3m6!1s0x2dd1919b85af6441:0xa58c54986d20e50!8m2!3d-8.1265497!4d115.0972186!16s%2Fg%2F11gtzfz7c6!19sChIJQWSvhZuR0S0RUA7ShknFWAo?authuser=0&hl=id&rclk=1,-8.1265497,115.0972186,,,
785,Kejapa Bamboo & Coffee House,Buleleng,4.9,107,Work from Cafe | Vibrant Nightlife,"['taman', 'makan siang', 'penganyaman keranjang', 'belajar', 'pisang goreng', 'perkebunan']",Rp 50–150k,Malam jam 7pm+,https://www.google.com/maps/place/Kejapa+Bamboo+%26+Coffee+House/data=!4m7!3m6!1s0x2dd1851b66ba2d5f:0x590cba6c1eb2d909!8m2!3d-8.2196359!4d115.0449!16s%2Fg%2F11j1s_l7rd!19sChIJXy26ZhuF0S0RCdmyHmy6DFk?authuser=0&hl=id&rclk=1,-8.2196359,115.0449,https://www.tiktok.com/@kejapacoffee/video/7626640582848417031,https://www.tiktok.com/@kejapacoffee/video/7628398509238013202,https://www.tiktok.com/@kejapacoffee/video/7595412548879420679
786,Gelato Corner Cafe,Buleleng,4.5,358,Work from Cafe | Vibrant Nightlife,"['pilihan', 'waffle', 'buah', 'crepes', 'rum', 'sofa']",Rp 50–150k,Malam jam 7pm+,https://www.google.com/maps/place/Gelato+Corner+Cafe/data=!4m7!3m6!1s0x2dd19bc6c3ebd731:0xbe1be47e19edb734!8m2!3d-8.1615094!4d115.0279833!16s%2Fg%2F11hdjvjt21!19sChIJMdfrw8ab0S0RNLftGX7kG74?authuser=0&hl=id&rclk=1,-8.1615094,115.0279833,https://www.tiktok.com/@wuulan_darie/video/7548047468563303686,https://www.tiktok.com/@zsoltzsemba/video/7510913368027450642,https://www.tiktok.com/@singarajafoodie/video/7528052742011620626
787,Coffee Shop Kopling,Buleleng,4.8,29,Work from Cafe | Vibrant Nightlife,[],Rp 50–150k,Malam jam 7pm+,https://www.google.com/maps/place/Coffee+Shop+Kopling/data=!4m7!3m6!1s0x2dd19b281cbcba39:0xa8ed6a93b5e44822!8m2!3d-8.1116836!4d115.0873649!16s%2Fg%2F11j8lntw5z!19sChIJObq8HCib0S0RIkjktZNq7ag?authuser=0&hl=id&rclk=1,-8.1116836,115.0873649,https://www.tiktok.com/@baliwonderfood/video/7412552221298085126,https://www.tiktok.com/@sruuputkopikeliling/video/7477812432405040405,
788,Authentic Éco Cafe 2 (Kopi Luwak Munduk),Buleleng,4.8,568,Sunset & View | Work from Cafe | Vibrant Nightlife,"['penglihatan', 'local food', 'kelestarian', 'the view', 'air terjun', 'kandang']",Rp 80–200k,Sunset jam 5–7pm,https://www.google.com/maps/place/Authentic+%C3%89co+Cafe+2+%28Kopi+Luwak+Munduk%29/data=!4m7!3m6!1s0x2dd1861955555555:0x6f50c98fd333d9d8!8m2!3d-8.2643609!4d115.060814!16s%2Fg%2F11bvt1_d08!19sChIJVVVVVRmG0S0R2Nkz04_JUG8?authuser=0&hl=id&rclk=1,-8.2643609,115.060814,,,
789,Kedai Etnik,Buleleng,4.7,113,Family Friendly | Work from Cafe | Vibrant Nightlife | Budget Friendly,"['harga', 'mahasiswa', 'anak']",Rp 15–50k,Malam jam 7pm+,https://www.google.com/maps/place/Kedai+Etnik/data=!4m7!3m6!1s0x2dd19a73501377e7:0x290fbd48b7de9031!8m2!3d-8.1151228!4d115.0873875!16s%2Fg%2F11g9d_d7z6!19sChIJ53cTUHOa0S0RMZDet0i9Dyk?authuser=0&hl=id&rclk=1,-8.1151228,115.0873875,https://www.tiktok.com/@kedaikopietnik/video/7612350035023367442,https://www.tiktok.com/@kedaikopietnik/video/7625641039193279751,https://www.tiktok.com/@kedaikopietnik/video/7622548878256131336
790,SEKUMPUL RESTAURANT & COFFEE SHOP,Buleleng,4.7,169,Work from Cafe | Vibrant Nightlife | Budget Friendly,"['air terjun', 'harga', 'makan siang', 'steak', 'mencicipi teh', 'urap']",Rp 15–50k,Malam jam 7pm+,https://www.google.com/maps/place/SEKUMPUL+RESTAURANT+%26+COFFEE+SHOP/data=!4m7!3m6!1s0x2dd18f876e2d679d:0x62ae31bcad11c88b!8m2!3d-8.1736135!4d115.1821538!16s%2Fg%2F11t0p7p18y!19sChIJnWctboeP0S0Ri8gRrbwxrmI?authuser=0&hl=id&rclk=1,-8.1736135,115.1821538,https://www.tiktok.com/@balitravelfolder/video/7528621238101527826,https://www.tiktok.com/@mvstraveling/video/7542779214383091000,https://www.tiktok.com/@dejwid_x2/video/7614168324468952327
791,Oombi Cafe by Alamu,Buleleng,4.5,66,Sunset & View | Work from Cafe | Vibrant Nightlife,"['ayam', 'gunung', 'nasi', 'dingin', 'pelayanan', 'jus stroberi']",Rp 50–150k,Sunset jam 5–7pm,https://www.google.com/maps/place/Oombi+Cafe+by+Alamu/data=!4m7!3m6!1s0x2dd18f59739abfe7:0x654dbd769d7816fd!8m2!3d-8.2426293!4d115.1463919!16s%2Fg%2F11ty46xvnc!19sChIJ57-ac1mP0S0R_RZ4nXa9TWU?authuser=0&hl=id&rclk=1,-8.2426293,115.1463919,https://www.tiktok.com/@mrswella/video/7560167733237665036,https://www.tiktok.com/@hi.seekers/video/7631556728768744724,https://www.tiktok.com/@yutaaathappp/video/7562055258051054856
792,midnightcafe singaraja,Buleleng,4.2,30,Work from Cafe | Vibrant Nightlife | Budget Friendly,"['billiard', 'harga', 'nasi goreng', 'ayam']",Rp 15–50k,Malam jam 7pm+,https://www.google.com/maps/place/midnightcafe+singaraja/data=!4m7!3m6!1s0x2dd19b474dcd581b:0x47ee648aa434e289!8m2!3d-8.1190174!4d115.0740067!16s%2Fg%2F11ry0tnpjl!19sChIJG1jNTUeb0S0RieI0pIpk7kc?authuser=0&hl=id&rclk=1,-8.1190174,115.0740067,https://www.tiktok.com/@midnight.cafe.sin/video/7586183398826233109,,
793,Warung Badendang,Buleleng,4.9,44,Work from Cafe | Vibrant Nightlife | Budget Friendly,"['harga', 'bumbu', 'sultan', 'nasi', 'sate lilit', 'mahasiswa']",Rp 15–50k,Malam jam 7pm+,https://www.google.com/maps/place/Warung+Badendang/data=!4m7!3m6!1s0x2dd19b234d180d35:0xbc2dc3b801a7c38d!8m2!3d-8.1158944!4d115.0871867!16s%2Fg%2F11s5m2j_8p!19sChIJNQ0YTSOb0S0RjcOnAbjDLbw?authuser=0&hl=id&rclk=1,-8.1158944,115.0871867,https://www.tiktok.com/@explore.the.bali/video/7559394408492207371,https://www.tiktok.com/@anjaningonten/video/7636303720598342920,https://www.tiktok.com/@singarajafoodie/video/7528787166776986887
794,MISS STEAK SINGARAJA,Buleleng,4.7,124,Family Friendly | Work from Cafe | Vibrant Nightlife | Budget Friendly,"['harga', 'halal', 'anakanak', 'pilihan', 'brown sauce', 'saus tomat']",Rp 15–50k,Malam jam 7pm+,https://www.google.com/maps/place/MISS+STEAK+SINGARAJA/data=!4m7!3m6!1s0x2dd19b4f1fdd2ba5:0xd73dfffec0c307c8!8m2!3d-8.1203298!4d115.0727515!16s%2Fg%2F11rwm6mhh0!19sChIJpSvdH0-b0S0RyAfDwP7_Pdc?authuser=0&hl=id&rclk=1,-8.1203298,115.0727515,https://www.tiktok.com/@wuulan_darie/video/7535859189936164152,https://www.tiktok.com/@wuulan_darie/video/7539744833187908870,https://www.tiktok.com/@cindy_ocvianty/video/7589673782558723336
795,Griya Kepiting Bali,Buleleng,4.2,269,Family Friendly | Work from Cafe | Vibrant Nightlife,"['luas', 'bumbunya', 'kerang', 'lobster', 'pesan', 'cumi']",Rp 30–100k,Malam jam 7pm+,https://www.google.com/maps/place/Griya+Kepiting+Bali/data=!4m7!3m6!1s0x2dd19b6037eb2121:0x277dc9434590c728!8m2!3d-8.1162821!4d115.0854564!16s%2Fg%2F11v5v64t7p!19sChIJISHrN2Cb0S0RKMeQRUPJfSc?authuser=0&hl=id&rclk=1,-8.1162821,115.0854564,https://www.tiktok.com/@pakyoyoyo_makanteman/video/7514916314129943864,https://www.tiktok.com/@wuulan_darie/video/7600246186171305234,https://www.tiktok.com/@inidiakakakbudi/video/7600659596394663189
796,Warung Bik Juk,Buleleng,4.5,766,Work from Cafe | Vibrant Nightlife,"['rawon', 'gang', 'nasi', 'legenda', 'paru', 'rumah']",Rp 80–200k,Malam jam 7pm+,https://www.google.com/maps/place/Warung+Bik+Juk/data=!4m7!3m6!1s0x2dd19a08e897b565:0x1fd659548737d3d2!8m2!3d-8.1061887!4d115.0899612!16s%2Fg%2F11cn5q9yy1!19sChIJZbWX6Aia0S0R0tM3h1RZ1h8?authuser=0&hl=id&rclk=1,-8.1061887,115.0899612,https://www.tiktok.com/@nath_kuliner/video/7592157981437938964,https://www.tiktok.com/@balifoodie/video/7634135254109965588,https://www.tiktok.com/@jangarofficial/video/7608206174961421576
797,Warung Pencar Buleleng Barat,Buleleng,4.4,761,Sunset & View | Work from Cafe | Vibrant Nightlife,"['pantai', 'ikan bakar', 'pemandangan', 'sambalnya', 'pelayanan', 'beras merah']",Rp 50–150k,Sunset jam 5–7pm,https://www.google.com/maps/place/Warung+Pencar+Buleleng+Barat/data=!4m7!3m6!1s0x2dd16e2e51e4d5a5:0xa3012e85b5973430!8m2!3d-8.1520656!4d114.7044034!16s%2Fg%2F11cjj4gbr1!19sChIJpdXkUS5u0S0RMDSXtYUuAaM?authuser=0&hl=id&rclk=1,-8.1520656,114.7044034,https://www.tiktok.com/@bundadirchik/video/7592497677175229703,https://www.tiktok.com/@baby.nitias/video/7587650961846308116,https://www.tiktok.com/@balimaknyus/video/7300944358524669189
798,Warung Pesisi,Buleleng,4.7,572,Sunset & View | Work from Cafe | Vibrant Nightlife,"['services', 'samudra', 'ikan lemadang', 'sunset', 'tuna panggang', 'barakuda']",Rp 80–200k,Sunset jam 5–7pm,https://www.google.com/maps/place/Warung+Pesisi/data=!4m7!3m6!1s0x2dd1947a025f2341:0x38937582f58ac959!8m2!3d-8.0802105!4d115.2249628!16s%2Fg%2F1pzxh20km!19sChIJQSNfAnqU0S0RWcmK9YJ1kzg?authuser=0&hl=id&rclk=1,-8.0802105,115.2249628,https://www.tiktok.com/@pakde_hanss/video/7549835222544551173,https://www.tiktok.com/@happydin_/video/7617402028775460114,https://www.tiktok.com/@jenianaa21/video/7544703562731801862
799,Warung Segara Mas Singaraja,Buleleng,4.5,353,Sunset & View | Work from Cafe | Vibrant Nightlife,"['pantai', 'sunset', 'bumbu', 'pedas', 'music', 'ikan bakar']",Rp 50–150k,Sunset jam 5–7pm,https://www.google.com/maps/place/Warung+Segara+Mas+Singaraja/data=!4m7!3m6!1s0x2dd19b00542d6827:0xe18923b2aba8d2ef!8m2!3d-8.1166621!4d115.0730561!16s%2Fg%2F11xffcf9pm!19sChIJJ2gtVACb0S0R79Koq7IjieE?authuser=0&hl=id&rclk=1,-8.1166621,115.0730561,https://www.tiktok.com/@jajanan.banyuwangi/video/7513413471409573176,https://www.tiktok.com/@wrsegaramas/video/7638177209672305928,https://www.tiktok.com/@blimade_story/video/7620007169399819528
800,warung mamas,Buleleng,4.9,63,Sunset & View | Work from Cafe | Vibrant Nightlife | Budget Friendly,"['harga', 'kompor', 'salad', 'makan malam', 'pilihan', 'permata']",Rp 15–50k,Sunset jam 5–7pm,https://www.google.com/maps/place/warung+mamas/data=!4m7!3m6!1s0x2dd19b0047efadfb:0x938fbb45bc6ab40c!8m2!3d-8.1641177!4d115.0315121!16s%2Fg%2F11y5k394rl!19sChIJ-63vRwCb0S0RDLRqvEW7j5M?authuser=0&hl=id&rclk=1,-8.1641177,115.0315121,,,
801,Restoran Ulam Segara Lesehan Ikan Bakar,Buleleng,3.9,431,Sunset & View | Work from Cafe | Vibrant Nightlife,"['pantai', 'bumbu', 'sup ikan', 'tourist', 'pajak', 'sambal']",Rp 30–100k,Sunset jam 5–7pm,https://www.google.com/maps/place/Restoran+Ulam+Segara+Lesehan+Ikan+Bakar/data=!4m7!3m6!1s0x2dd19a57a9269cbb:0x19e05ac146432043!8m2!3d-8.1289123!4d115.0642274!16s%2Fg%2F11bxfvrb19!19sChIJu5wmqVea0S0RQyBDRsFa4Bk?authuser=0&hl=id&rclk=1,-8.1289123,115.0642274,https://www.tiktok.com/@darmawanbagus/video/7471613063683231031,https://www.tiktok.com/@jroanik_/video/7562822384332459282,https://www.tiktok.com/@ulamsegara/video/7634773650930928903
802,Warung Lina,Buleleng,4.5,183,Work from Cafe | Vibrant Nightlife | Budget Friendly,"['harga', 'sate', 'masakan indonesia', 'baikut', 'dinner', 'nasi goreng']",Rp 15–50k,Malam jam 7pm+,https://www.google.com/maps/place/Warung+Lina/data=!4m7!3m6!1s0x2dd19b3d9bb88371:0x6d40063147e95010!8m2!3d-8.1596825!4d115.0308999!16s%2Fg%2F1vfhkky1!19sChIJcYO4mz2b0S0REFDpRzEGQG0?authuser=0&hl=id&rclk=1,-8.1596825,115.0308999,https://www.tiktok.com/@wuulan_darie/video/7629327719343475986,https://www.tiktok.com/@suartama120978/video/7623432278127037703,https://www.tiktok.com/@uyak_ogen/video/7632200511910841621
803,Rumah Makan Manalagi 2,Buleleng,4.1,239,Work from Cafe | Vibrant Nightlife | Budget Friendly,"['harga', 'pernikahan', 'halal', 'pelayanan', 'sate', 'rapat']",Rp 15–50k,Malam jam 7pm+,https://www.google.com/maps/place/Rumah+Makan+Manalagi+2/data=!4m7!3m6!1s0x2dd19a73226e4ced:0xd4ffa8b745c3e71!8m2!3d-8.1156511!4d115.0855647!16s%2Fg%2F1hm241qbf!19sChIJ7UxuInOa0S0RcT5cdIv6Tw0?authuser=0&hl=id&rclk=1,-8.1156511,115.0855647,https://www.tiktok.com/@elin.hasan8/video/7536511027224055048,https://www.tiktok.com/@by.gama/video/7527231560437812486,https://www.tiktok.com/@banglibucketlist/video/7631525718358330642
804,Rejeng Bali,Bangli,4.6,481,Sunset & View | Work from Cafe | Vibrant Nightlife,"['danau', 'mancing', 'kepemilikan', 'spesies', 'lalat', 'ikan goreng']",Rp 50–150k,Sunset jam 5–7pm,https://www.google.com/maps/place/Rejeng+Bali/data=!4m10!3m9!1s0x2dd1f7d6d56cd375:0xc4f737707741a98f!5m2!4m1!1i2!8m2!3d-8.2527855!4d115.4001248!16s%2Fg%2F11g0w0f4t6!19sChIJddNs1db30S0Rj6lBd3A398Q?authuser=0&hl=id&rclk=1,-8.2527855,115.4001248,https://www.tiktok.com/@riskakusumaadw/video/7309809569289506053,https://www.tiktok.com/@dewaraditya69/video/7477402330632113416,https://www.tiktok.com/@danau.batur_fantasi/video/7584432302978092306
805,Warung Sugiartha Mujair Nyat - Nyat & Bakar,Bangli,4.7,193,Work from Cafe | Vibrant Nightlife | Budget Friendly,"['harga', 'lalat', 'bumbu', 'lilin', 'mujaer', 'rempah']",Rp 15–50k,Malam jam 7pm+,https://www.google.com/maps/place/Warung+Sugiartha+Mujair+Nyat+-+Nyat+%26+Bakar/data=!4m7!3m6!1s0x2dd1f5aaba44b74d:0xfa2873dbb730c390!8m2!3d-8.2887736!4d115.3619041!16s%2Fg%2F11nn4qbb6n!19sChIJTbdEuqr10S0RkMMwt9tzKPo?authuser=0&hl=id&rclk=1,-8.2887736,115.3619041,https://www.tiktok.com/@infobalifoodies/video/7611877054555950343,https://www.tiktok.com/@cegilcerdik/video/7603933060727459092,https://www.tiktok.com/@lemontea20262/video/7492650344686669061
806,Black Lava Camp & Cafe,Bangli,4.7,1481,Work from Cafe | Vibrant Nightlife,['restoran'],Rp 150–400k,Malam jam 7pm+,https://www.google.com/maps/place/Black+Lava+Camp+%26+Cafe/data=!4m10!3m9!1s0x2dd1f5710dd8aae5:0xea80f9655bdbd59e!5m2!4m1!1i2!8m2!3d-8.2687441!4d115.354361!16s%2Fg%2F11trrpm2lz!19sChIJ5arYDXH10S0RntXbW2X5gOo?authuser=0&hl=id&rclk=1,-8.2687441,115.354361,https://www.tiktok.com/@jhosierlinda/video/7604418712795499796,https://www.tiktok.com/@storyofwall/video/7596887981097553170,https://www.tiktok.com/@atik_walidaika/video/7596987106585578759
807,Penglipuran Kedai Jongor,Bangli,4.6,87,Work from Cafe | Vibrant Nightlife | Budget Friendly,"['harga', 'sambel', 'mujair', 'pedes', 'ayam bakar']",Rp 15–50k,Malam jam 7pm+,https://www.google.com/maps/place/Penglipuran+Kedai+Jongor/data=!4m7!3m6!1s0x2dd21968dda3d1cb:0x9a4ce04861926118!8m2!3d-8.4215488!4d115.364289!16s%2Fg%2F11gh00hk4_!19sChIJy9Gj3WgZ0i0RGGGSYUjgTJo?authuser=0&hl=id&rclk=1,-8.4215488,115.364289,https://www.tiktok.com/@kedaibahama/video/7590984180100631816,,
808,WARUNG MUSLIM PAK LALU,Bangli,4.8,88,Sunset & View | Work from Cafe | Vibrant Nightlife | Budget Friendly,"['sate', 'harganya', 'gulai ayam', 'sambel', 'goreng', 'lalapan']",Rp 15–50k,Sunset jam 5–7pm,https://www.google.com/maps/place/WARUNG+MUSLIM+PAK+LALU/data=!4m7!3m6!1s0x2dd1f5e600d1740b:0xb8088468bab6155!8m2!3d-8.2710197!4d115.3451502!16s%2Fg%2F11lgjnpr5q!19sChIJC3TRAOb10S0RVWGri0aIgAs?authuser=0&hl=id&rclk=1,-8.2710197,115.3451502,https://www.tiktok.com/@meilanieyii/video/7629299447050030354,https://www.tiktok.com/@warungsuryamahendradatta/video/7588365967281949959,https://www.tiktok.com/@lalapancaknulmuslim/video/7522408361200028984
809,Bangli Dogen,Bangli,4.7,30,Work from Cafe | Vibrant Nightlife,[],Rp 50–150k,Malam jam 7pm+,https://www.google.com/maps/place/Bangli+Dogen/data=!4m7!3m6!1s0x2dd2199b1dea32d3:0x9906828ddef18659!8m2!3d-8.4437323!4d115.3642052!16s%2Fg%2F11fzj48whz!19sChIJ0zLqHZsZ0i0RWYbx3o2CBpk?authuser=0&hl=id&rclk=1,-8.4437323,115.3642052,,,
810,Smooth Coffee & Tobacco,Bangli,4.8,16,Work from Cafe | Vibrant Nightlife,['makanan ringan'],Rp 50–150k,Malam jam 7pm+,https://www.google.com/maps/place/Smooth+Coffee+%26+Tobacco/data=!4m7!3m6!1s0x2dd219c754751925:0x9928fad89adb8eef!8m2!3d-8.457802!4d115.3558847!16s%2Fg%2F11jk8_1b90!19sChIJJRl1VMcZ0i0R747bmtj6KJk?authuser=0&hl=id&rclk=1,-8.457802,115.3558847,,,
811,Urban pool cafe,Bangli,5.0,3,Work from Cafe | Vibrant Nightlife,[],Rp 50–150k,Malam jam 7pm+,https://www.google.com/maps/place/Urban+pool+cafe/data=!4m7!3m6!1s0x2dd21900018475f1:0xfd2bd9a6197556ef!8m2!3d-8.4474204!4d115.3589543!16s%2Fg%2F11yth776st!19sChIJ8XWEAQAZ0i0R71Z1GabZK_0?authuser=0&hl=id&rclk=1,-8.4474204,115.3589543,https://www.tiktok.com/@urbanbitescafe/video/7637727444908166418,https://www.tiktok.com/@bruce_parmigiana/video/7540910648146808070,
812,Oregano pizza coffe & eatery,Bangli,4.8,47,Family Friendly | Work from Cafe | Vibrant Nightlife | Budget Friendly,"['keluarga', 'harga', 'smoothie bowl', 'taman']",Rp 15–50k,Malam jam 7pm+,https://www.google.com/maps/place/Oregano+pizza+coffe+%26+eatery/data=!4m7!3m6!1s0x2dd21747ab9dc9f9:0x57c2783f00196c74!8m2!3d-8.4776876!4d115.3516381!16s%2Fg%2F11fpkw7nvl!19sChIJ-cmdq0cX0i0RdGwZAD94wlc?authuser=0&hl=id&rclk=1,-8.4776876,115.3516381,https://www.tiktok.com/@yuliantipertiwi5/video/7636375256407575826,https://www.tiktok.com/@kapeni.ungasan/video/7606307777027362068,https://www.tiktok.com/@drabirafdi.spog/video/7523911318206713096
813,Vedzpresso Coffee,Bangli,4.2,80,Sunset & View | Family Friendly | Work from Cafe | Vibrant Nightlife,"['gunung batur', 'pizza', 'foto', 'kaca', 'pelayanan', 'danau']",Rp 30–100k,Sunset jam 5–7pm,https://www.google.com/maps/place/Vedzpresso+Coffee/data=!4m7!3m6!1s0x2dd1f585a4ef4fbb:0x819f8968dc25cd76!8m2!3d-8.2771728!4d115.3510885!16s%2Fg%2F11sydsng4p!19sChIJu0_vpIX10S0Rds0l3GiJn4E?authuser=0&hl=id&rclk=1,-8.2771728,115.3510885,,,
814,Tricon Cafe & Eatery,Bangli,4.6,18,Work from Cafe | Vibrant Nightlife,"['lalat', 'pastry']",Rp 50–150k,Malam jam 7pm+,https://www.google.com/maps/place/Tricon+Cafe+%26+Eatery/data=!4m7!3m6!1s0x2dd1f7477f045a29:0x30c931e92f8edfc8!8m2!3d-8.2502214!4d115.4006585!16s%2Fg%2F11yr3d52f3!19sChIJKVoEf0f30S0RyN-OL-kxyTA?authuser=0&hl=id&rclk=1,-8.2502214,115.4006585,https://www.tiktok.com/@warnathaiwayan/video/7583199586823458055,,
815,Cager 5758 Penglipuran Glamping & Coffee shop,Bangli,5.0,21,Family Friendly | Work from Cafe | Vibrant Nightlife,"['kamar bersih', 'luas', 'strategis', 'perjalanan']",Rp 50–150k,Malam jam 7pm+,https://www.google.com/maps/place/Cager+5758+Penglipuran+Glamping+%26+Coffee+shop/data=!4m10!3m9!1s0x2dd2190027576a51:0xbef3e34e9254072e!5m2!4m1!1i2!8m2!3d-8.4201643!4d115.3580779!16s%2Fg%2F11xkr4f03g!19sChIJUWpXJwAZ0i0RLgdUkk7j874?authuser=0&hl=id&rclk=1,-8.4201643,115.3580779,https://www.tiktok.com/@tusrix/video/7524695706557353234,https://www.tiktok.com/@cagerglamping/video/7576137686394653970,https://www.tiktok.com/@burumi.5758/video/7523423939062713606
816,Pondok Kopi Penglipuran,Bangli,4.9,54,Sunset & View | Family Friendly | Work from Cafe | Vibrant Nightlife | Budget Friendly,"['desa', 'snack', 'harga', 'taman', 'permata di dalam', 'goreng rendam']",Rp 15–50k,Sunset jam 5–7pm,https://www.google.com/maps/place/Pondok+Kopi+Penglipuran/data=!4m7!3m6!1s0x2dd2193795c582d9:0xc5ff72625414e70e!8m2!3d-8.4233717!4d115.3576902!16s%2Fg%2F11fkwf_wmw!19sChIJ2YLFlTcZ0i0RDucUVGJy_8U?authuser=0&hl=id&rclk=1,-8.4233717,115.3576902,https://www.tiktok.com/@k.bayu.9/video/7522131510204435717,https://www.tiktok.com/@pondok.kopi.pengl/video/7373568472862805254,https://www.tiktok.com/@purisumanggenbungbungan/video/7489740864562924818
817,Black Lava Cafe,Bangli,4.8,244,Sunset & View | Work from Cafe | Vibrant Nightlife | Budget Friendly,"['sarapan', 'pemandangan', 'atmosphere', 'gunung batur', 'kamar', 'pelayanan']",Rp 15–50k,Sunset jam 5–7pm,https://www.google.com/maps/place/Black+Lava+Cafe/data=!4m7!3m6!1s0x2dd1f5f4650e7887:0xd64cbae5f5d70906!8m2!3d-8.2687745!4d115.3543394!16s%2Fg%2F11mct37f_y!19sChIJh3gOZfT10S0RBgnX9eW6TNY?authuser=0&hl=id&rclk=1,-8.2687745,115.3543394,https://www.tiktok.com/@storyofwall/video/7596887981097553170,https://www.tiktok.com/@jhosierlinda/video/7604418712795499796,https://www.tiktok.com/@mintarestu041124/video/7617102425333206280
818,kopi.danu,Bangli,4.2,314,Sunset & View | Work from Cafe | Vibrant Nightlife,"['danau', 'lalat', 'gunung batur', 'pisang goreng', 'viral', 'cuaca']",Rp 30–100k,Sunset jam 5–7pm,https://www.google.com/maps/place/kopi.danu/data=!4m7!3m6!1s0x2dd1f7005839b409:0x8c6367fefc026b66!8m2!3d-8.2873072!4d115.394501!16s%2Fg%2F11x0_y80jy!19sChIJCbQ5WAD30S0RZmsC_P5nY4w?authuser=0&hl=id&rclk=1,-8.2873072,115.394501,,,
819,Rich boba tea & food bangli,Bangli,4.6,13,Work from Cafe | Vibrant Nightlife,['pelajar'],Rp 50–150k,Malam jam 7pm+,https://www.google.com/maps/place/Rich+boba+tea+%26+food+bangli/data=!4m7!3m6!1s0x2dd21996489d7ab3:0x69771cab4e41739f!8m2!3d-8.4484923!4d115.3562574!16s%2Fg%2F11vkhqtcdv!19sChIJs3qdSJYZ0i0Rn3NBTqscd2k?authuser=0&hl=id&rclk=1,-8.4484923,115.3562574,https://www.tiktok.com/@richbobateafood.bangli/video/7366125804020894981,https://www.tiktok.com/@richbobateafood.bangli/video/7357254483644304646,https://www.tiktok.com/@richbobateafood.bangli/video/7358030437383408901
820,Warung Dapur 88,Bangli,4.9,220,Work from Cafe | Vibrant Nightlife,"['mujair', 'sambal matah', 'bumbunya', 'ibu', 'rempahnya', 'iga babi']",Rp 50–150k,Malam jam 7pm+,https://www.google.com/maps/place/Warung+Dapur+88/data=!4m7!3m6!1s0x2dd1f45db70cfa93:0xc9ef4d3f92908bf3!8m2!3d-8.2603768!4d115.3388666!16s%2Fg%2F11c7p70h40!19sChIJk_oMt1300S0R84uQkj9N78k?authuser=0&hl=id&rclk=1,-8.2603768,115.3388666,https://www.tiktok.com/@warung_dapur_bang_ali/video/7566637069703974160,https://www.tiktok.com/@warungdapur22/video/7600060237982272785,
821,Warung Makan Soka,Bangli,4.5,54,Work from Cafe | Vibrant Nightlife | Budget Friendly,"['mujair', 'pedas', 'harga']",Rp 15–50k,Malam jam 7pm+,https://www.google.com/maps/place/Warung+Makan+Soka/data=!4m7!3m6!1s0x2dd21998bf026bdd:0x862e2b73baec93d0!8m2!3d-8.4444965!4d115.3561722!16s%2Fg%2F11cjlx09_w!19sChIJ3WsCv5gZ0i0R0JPsunMrLoY?authuser=0&hl=id&rclk=1,-8.4444965,115.3561722,https://www.tiktok.com/@kulinerbali/video/7582190637160697095,https://www.tiktok.com/@novitaa_h/video/7531016519942360328,https://www.tiktok.com/@kulinerbali/video/7632683609027038472
822,Warung Makan Gareng,Bangli,4.4,89,Work from Cafe | Vibrant Nightlife | Budget Friendly,"['mujair', 'harga']",Rp 15–50k,Malam jam 7pm+,https://www.google.com/maps/place/Warung+Makan+Gareng/data=!4m7!3m6!1s0x2dd219c165b91937:0x3eef1e6c1243a2e9!8m2!3d-8.4632157!4d115.3507697!16s%2Fg%2F11f5dfqm4n!19sChIJNxm5ZcEZ0i0R6aJDEmwe7z4?authuser=0&hl=id&rclk=1,-8.4632157,115.3507697,https://www.tiktok.com/@ayundah24/video/7326831871365500165,https://www.tiktok.com/@garengseafood/video/7569400520587169032,https://www.tiktok.com/@aagthaaaaa/video/7492065943099624709
823,Warung CINTA RASA Mujair Khas Songan,Bangli,4.4,181,Work from Cafe | Vibrant Nightlife | Budget Friendly,"['ikan', 'harga', 'lalapan', 'santai', 'sambal', 'rempah']",Rp 15–50k,Malam jam 7pm+,https://www.google.com/maps/place/Warung+CINTA+RASA+Mujair+Khas+Songan/data=!4m7!3m6!1s0x2dd2199771e764c1:0x7e0449252a7fec9!8m2!3d-8.4491612!4d115.3585353!16s%2Fg%2F11b8t9jm1x!19sChIJwWTncZcZ0i0Ryf6nUpJE4Ac?authuser=0&hl=id&rclk=1,-8.4491612,115.3585353,https://www.tiktok.com/@cintarasa.resto/video/7615582759678938388,https://www.tiktok.com/@kocikocii/video/7593732796934294802,https://www.tiktok.com/@suroso.pontianak/video/7564414674523983125
824,Warung D'PONDOK (Warung makan mujair nyatnyat),Bangli,4.5,418,Sunset & View | Work from Cafe | Vibrant Nightlife,"['danau', 'ikan', 'lalat', 'pemandangan', 'nasi goreng', 'rempahnya']",Rp 50–150k,Sunset jam 5–7pm,https://www.google.com/maps/place/Warung+D%27PONDOK+%28Warung+makan+mujair+nyatnyat%29/data=!4m7!3m6!1s0x2dd1f1f268f7ab59:0x2e118a6470b25e8!8m2!3d-8.2276636!4d115.4108186!16s%2Fg%2F11fl47zqq4!19sChIJWav3aPLx0S0R6CULR6YY4QI?authuser=0&hl=id&rclk=1,-8.2276636,115.4108186,https://www.tiktok.com/@serikadek/video/7620448727773351189,https://www.tiktok.com/@widekasmara/video/7581461363231378696,https://www.tiktok.com/@meeldee_/video/7502381658767674679
825,Warung Bangli,Bangli,4.7,7,Work from Cafe | Vibrant Nightlife,[],Rp 50–150k,Malam jam 7pm+,https://www.google.com/maps/place/Warung+Bangli/data=!4m7!3m6!1s0x2dd21938126db61b:0x79c61b5753783e34!8m2!3d-8.4548815!4d115.3533326!16s%2Fg%2F11hdffzzh_!19sChIJG7ZtEjgZ0i0RND54U1cbxnk?authuser=0&hl=id&rclk=1,-8.4548815,115.3533326,https://www.tiktok.com/@banglibucketlist/video/7615382546985094418,https://www.tiktok.com/@wr.matsyakencana/video/7524588337169042694,https://www.tiktok.com/@la.bali.island/video/7613615518557244680
826,Warung @ Pondok,Bangli,4.7,76,Sunset & View | Family Friendly | Work from Cafe | Vibrant Nightlife | Budget Friendly,"['harga', 'pisang', 'luas', 'bali', 'tempe', 'grill']",Rp 15–50k,Sunset jam 5–7pm,https://www.google.com/maps/place/Warung+@+Pondok/data=!4m7!3m6!1s0x2dd1f1ac855b9047:0xb45e0292cbf3c98e!8m2!3d-8.2226028!4d115.3982727!16s%2Fg%2F11k3kl8mc8!19sChIJR5Bbhazx0S0Rjsnzy5ICXrQ?authuser=0&hl=id&rclk=1,-8.2226028,115.3982727,https://www.tiktok.com/@srikandicib/video/7525767852012408072,https://www.tiktok.com/@dchiby.ikan.bakar/video/7598435804117077255,https://www.tiktok.com/@ecepwg/video/7630386425325686034
827,"Warung Makan Sari Ayu - Pak Ateng (Sate,Gulai Kambing)",Bangli,4.6,52,Work from Cafe | Vibrant Nightlife,['empuk'],Rp 50–150k,Malam jam 7pm+,"https://www.google.com/maps/place/Warung+Makan+Sari+Ayu+-+Pak+Ateng+%28Sate,Gulai+Kambing%29/data=!4m7!3m6!1s0x2dd219c3a0f0d593:0xac1335a41091494e!8m2!3d-8.4662844!4d115.3505205!16s%2Fg%2F11cjkvnbl4!19sChIJk9XwoMMZ0i0RTkmREKQ1E6w?authuser=0&hl=id&rclk=1",-8.4662844,115.3505205,https://www.tiktok.com/@trsnwdintrii_/video/7526500771618229510,https://www.tiktok.com/@demensepil/video/7578018713492851975,https://www.tiktok.com/@erwinkurniawn/video/7488667034637700359
828,Warung Resto Kintamani,Bangli,4.9,187,Sunset & View | Work from Cafe | Vibrant Nightlife | Budget Friendly,"['harga', 'bahasa inggris', 'makanan lokal', 'gunung', 'bakso', 'kepemilikan']",Rp 15–50k,Sunset jam 5–7pm,https://www.google.com/maps/place/Warung+Resto+Kintamani/data=!4m7!3m6!1s0x2dd1f3710bec7529:0x903bb27667c41df7!8m2!3d-8.2236121!4d115.324266!16s%2Fg%2F11fwx3dqp5!19sChIJKXXsC3Hz0S0R9x3EZ3ayO5A?authuser=0&hl=id&rclk=1,-8.2236121,115.324266,https://www.tiktok.com/@suroso.pontianak/video/7564414674523983125,https://www.tiktok.com/@justciciii/video/7611377254999837972,https://www.tiktok.com/@banglibucketlist/video/7615382546985094418
829,Warung Chic,Karangasem,4.6,531,Sunset & View | Work from Cafe | Vibrant Nightlife,"['pizza', 'samudra', 'glamping', 'cocktail', 'infinity pool', 'sunset']",Rp 80–200k,Sunset jam 5–7pm,https://www.google.com/maps/place/Warung+Chic/data=!4m7!3m6!1s0x2dd2070fcf93e509:0x7e1cf3d577b4aa58!8m2!3d-8.4563872!4d115.6441503!16s%2Fg%2F11k3kk0t48!19sChIJCeWTzw8H0i0RWKq0d9XzHH4?authuser=0&hl=id&rclk=1,-8.4563872,115.6441503,https://www.tiktok.com/@yutaaathappp/video/7534949695949458693,https://www.tiktok.com/@djufrisusanto/video/7552847553587318027,https://www.tiktok.com/@lalu.anhar/video/7531768907443621128
830,Dewata Agung Restaurant TirtaGangga,Karangasem,3.9,842,Sunset & View | Work from Cafe | Vibrant Nightlife,"['sawah', 'service charge', 'pajak', 'nasi goreng', 'bali', 'kuliner']",Rp 30–100k,Sunset jam 5–7pm,https://www.google.com/maps/place/Dewata+Agung+Restaurant+TirtaGangga/data=!4m7!3m6!1s0x2dd2068d9c6daf3f:0x1bab09316ee3a1ce!8m2!3d-8.4110184!4d115.5876982!16s%2Fg%2F11cr_8xvjq!19sChIJP69tnI0G0i0RzqHjbjEJqxs?authuser=0&hl=id&rclk=1,-8.4110184,115.5876982,https://www.tiktok.com/@nyomansuryani9/video/7635608588014095636,https://www.tiktok.com/@jayjay_airline/video/7498600124050984214,https://www.tiktok.com/@iwayanagungpratam/video/7591814004369100052
831,Warung Deva,Karangasem,4.8,454,Work from Cafe | Vibrant Nightlife,"['sidemen', 'kelas memasak', 'beruk', 'sate', 'bali', 'taman']",Rp 50–150k,Malam jam 7pm+,https://www.google.com/maps/place/Warung+Deva/data=!4m7!3m6!1s0x2dd2107615f522dd:0x3aa4002f4b0327f1!8m2!3d-8.4739144!4d115.4427549!16s%2Fg%2F11d_z8g54f!19sChIJ3SL1FXYQ0i0R8ScDSy8ApDo?authuser=0&hl=id&rclk=1,-8.4739144,115.4427549,https://www.tiktok.com/@matapoppy/video/7534272921745902855,https://www.tiktok.com/@babigenyol_deva/video/7589105376465849618,
832,Chic'nCozy,Karangasem,4.6,99,Sunset & View | Work from Cafe | Vibrant Nightlife | Budget Friendly,"['harga', 'cafe', 'sawah', 'pizza', 'pad thai', 'kuliner']",Rp 15–50k,Sunset jam 5–7pm,https://www.google.com/maps/place/Chic%27nCozy/data=!4m7!3m6!1s0x2dd207c031450f5b:0x1cf565f8e14a2407!8m2!3d-8.4517578!4d115.6099741!16s%2Fg%2F11s80979jb!19sChIJWw9FMcAH0i0RByRK4fhl9Rw?authuser=0&hl=id&rclk=1,-8.4517578,115.6099741,,,
833,Zodiac Coffee & Co Karangasem,Karangasem,4.5,423,Family Friendly | Work from Cafe | Vibrant Nightlife,"['cake', 'wifi', 'meja', 'pilihan', 'pesan', 'smoking area']",Rp 50–150k,Malam jam 7pm+,https://www.google.com/maps/place/Zodiac+Coffee+%26+Co+Karangasem/data=!4m7!3m6!1s0x2dd20922f35a28bf:0xe2fd73b82822a7d1!8m2!3d-8.4605562!4d115.6061513!16s%2Fg%2F11p5lg164_!19sChIJvyha8yIJ0i0R0aciKLhz_eI?authuser=0&hl=id&rclk=1,-8.4605562,115.6061513,https://www.tiktok.com/search/video,,
834,Jelantik Coffee & Space,Karangasem,4.3,72,Family Friendly | Work from Cafe | Vibrant Nightlife | Budget Friendly,"['musik', 'harga', 'ayam', 'pelayanan', 'seasoning', 'rice bowl']",Rp 15–50k,Malam jam 7pm+,https://www.google.com/maps/place/Jelantik+Coffee+%26+Space/data=!4m7!3m6!1s0x2dd207003655c279:0xd5784d90495d744d!8m2!3d-8.4444572!4d115.6128018!16s%2Fg%2F11vm5z8yyg!19sChIJecJVNgAH0i0RTXRdSZBNeNU?authuser=0&hl=id&rclk=1,-8.4444572,115.6128018,https://www.tiktok.com/search/video,,
835,Paborito Coffee,Karangasem,4.6,320,Sunset & View | Work from Cafe | Vibrant Nightlife,"['gunung agung', 'persawahan', 'pemandangan', 'matcha', 'santai', 'the view']",Rp 50–150k,Sunset jam 5–7pm,https://www.google.com/maps/place/Paborito+Coffee/data=!4m7!3m6!1s0x2dd20709ecc7f8c1:0x7899aac34584c71e!8m2!3d-8.4264621!4d115.6076428!16s%2Fg%2F11lyp85xg6!19sChIJwfjH7AkH0i0RHseERcOqmXg?authuser=0&hl=id&rclk=1,-8.4264621,115.6076428,https://www.tiktok.com/search/video,,
836,Uma Luwih Coffee and Eatery,Karangasem,4.9,106,Sunset & View | Work from Cafe | Vibrant Nightlife | Budget Friendly,"['sawah', 'gunung agung', 'harga', 'the view', 'laklak', 'pemandangan']",Rp 15–50k,Sunset jam 5–7pm,https://www.google.com/maps/place/Uma+Luwih+Coffee+and+Eatery/data=!4m7!3m6!1s0x2dd207001e38dd9b:0xd8c9407ed0d64ca9!8m2!3d-8.4008581!4d115.6169036!16s%2Fg%2F11y01vsfs_!19sChIJm904HgAH0i0RqUzW0H5Aydg?authuser=0&hl=id&rclk=1,-8.4008581,115.6169036,https://www.tiktok.com/search/video,,
837,Tea Point,Karangasem,4.4,165,Work from Cafe | Vibrant Nightlife | Budget Friendly,"['harga', 'lantai', 'pizza', 'nasi', 'kulit', 'plastik']",Rp 15–50k,Malam jam 7pm+,https://www.google.com/maps/place/Tea+Point/data=!4m7!3m6!1s0x2dd2071791890df7:0x6eb067f8507d44d6!8m2!3d-8.4424484!4d115.599324!16s%2Fg%2F11h4pcdsjr!19sChIJ9w2JkRcH0i0R1kR9UPhnsG4?authuser=0&hl=id&rclk=1,-8.4424484,115.599324,https://www.tiktok.com/search/video,,
838,Oketo Cafe & Restaurant,Karangasem,4.9,480,Work from Cafe | Vibrant Nightlife,"['smoothie bowls', 'jus', 'cinnamon roll', 'makan siang', 'milkshake', 'granola']",Rp 50–150k,Malam jam 7pm+,https://www.google.com/maps/place/Oketo+Cafe+%26+Restaurant/data=!4m7!3m6!1s0x2dd20f2766263edf:0x46beb1f22bbdce24!8m2!3d-8.5034128!4d115.5517457!16s%2Fg%2F11nxrjt1zp!19sChIJ3z4mZicP0i0RJM69K_KxvkY?authuser=0&hl=id&rclk=1,-8.5034128,115.5517457,https://www.tiktok.com/search/video,,
839,Surf Point Cafe and Restaurant - Jasri Beach,Karangasem,4.9,90,Sunset & View | Work from Cafe | Vibrant Nightlife | Budget Friendly,"['laut', 'warung', 'atmosphere', 'makan malam', 'harga', 'saus']",Rp 15–50k,Sunset jam 5–7pm,https://www.google.com/maps/place/Surf+Point+Cafe+and+Restaurant+-+Jasri+Beach/data=!4m7!3m6!1s0x2dd209db1c99a247:0x85b8a76447fff387!8m2!3d-8.4804115!4d115.6206021!16s%2Fg%2F11t1fyvh18!19sChIJR6KZHNsJ0i0Rh_P_R2SnuIU?authuser=0&hl=id&rclk=1,-8.4804115,115.6206021,https://www.tiktok.com/search/video,,
840,Ounix Coffee,Karangasem,4.5,193,Sunset & View | Work from Cafe | Vibrant Nightlife,"['sawah', 'pizza', 'lalat', 'the view', 'gunung', 'flat white']",Rp 50–150k,Sunset jam 5–7pm,https://www.google.com/maps/place/Ounix+Coffee/data=!4m7!3m6!1s0x2dd20f000ce3d7e3:0xb1ad72884dceaea!8m2!3d-8.5055309!4d115.5625017!16s%2Fg%2F11y5myjpsl!19sChIJ49fjDAAP0i0R6urchCjXGgs?authuser=0&hl=id&rclk=1,-8.5055309,115.5625017,https://www.tiktok.com/@dyystories/video/7565339242038119698,https://www.tiktok.com/@yugeksan/video/7526501715495996679,https://www.tiktok.com/search/video
841,La Montagne Coffee,Karangasem,4.4,336,Sunset & View | Work from Cafe | Vibrant Nightlife,"['gunung agung', 'sawah', 'prasmanan', 'pemandangan', 'service charge', 'makan siang']",Rp 50–150k,Sunset jam 5–7pm,https://www.google.com/maps/place/La+Montagne+Coffee/data=!4m7!3m6!1s0x2dd21bc3216abbfb:0xe39f5b19724614e1!8m2!3d-8.4230472!4d115.4280938!16s%2Fg%2F11jr59jvq_!19sChIJ-7tqIcMb0i0R4RRGchlbn-M?authuser=0&hl=id&rclk=1,-8.4230472,115.4280938,https://www.tiktok.com/@blimade_story/video/7604451408435318036,https://www.tiktok.com/@rahmafebiyusi/video/7522785202104487175,https://www.tiktok.com/@moynovhee/video/7590752374281604360
842,Cafe autotama,Karangasem,5.0,47,Sunset & View | Work from Cafe | Vibrant Nightlife,"['wifi', 'makan malam', 'pelayanan', 'karaoke']",Rp 50–150k,Sunset jam 5–7pm,https://www.google.com/maps/place/Cafe+autotama/data=!4m7!3m6!1s0x2dd20988fe206659:0x5d657c2dd6d205a6!8m2!3d-8.4754958!4d115.6167327!16s%2Fg%2F11ry7y1xhq!19sChIJWWYg_ogJ0i0RpgXS1i18ZV0?authuser=0&hl=id&rclk=1,-8.4754958,115.6167327,,,
843,09.00AM Coffee and Resto,Karangasem,4.8,252,Sunset & View | Work from Cafe | Vibrant Nightlife,"['cappucino', 'sidemen', 'gunung agung', 'susu gandum', 'sawah', 'pancake']",Rp 50–150k,Sunset jam 5–7pm,https://www.google.com/maps/place/09.00AM+Coffee+and+Resto/data=!4m7!3m6!1s0x2dd21131fc2200d1:0x117f1a5e3d5171b9!8m2!3d-8.47353!4d115.4416997!16s%2Fg%2F11h51hxq4r!19sChIJ0QAi_DER0i0RuXFRPV4afxE?authuser=0&hl=id&rclk=1,-8.47353,115.4416997,https://www.tiktok.com/@richill.bali/video/7632502329756896520,https://www.tiktok.com/@trip.eatzzz/video/7638196685860097301,https://www.tiktok.com/@megameggy_/video/7630016098922024213
844,Tropical sunset cafe,Karangasem,4.7,270,Sunset & View | Work from Cafe | Vibrant Nightlife,"['ikan', 'makan malam', 'cocktail', 'snorkling', 'gunung agung', 'pandangan']",Rp 50–150k,Sunset jam 5–7pm,https://www.google.com/maps/place/Tropical+sunset+cafe/data=!4m7!3m6!1s0x2dd201f8b4763b2d:0x190113934d1b3abc!8m2!3d-8.3382112!4d115.6626879!16s%2Fg%2F11h1hvr04s!19sChIJLTt2tPgB0i0RvDobTZMTARk?authuser=0&hl=id&rclk=1,-8.3382112,115.6626879,https://www.tiktok.com/@miketical1010/video/7635534505821900046,https://www.tiktok.com/@cup.el_official/video/7621396995705474312,https://www.tiktok.com/@petualanganhari/video/7568110614946549010
845,ant. Coffe Shop,Karangasem,4.8,18,Work from Cafe | Vibrant Nightlife | Budget Friendly,"['coffee shop', 'santai', 'harga']",Rp 15–50k,Malam jam 7pm+,https://www.google.com/maps/place/ant.+Coffe+Shop/data=!4m7!3m6!1s0x2dd2079904385e97:0xf4b6af7c4eda3b88!8m2!3d-8.4422349!4d115.5993994!16s%2Fg%2F11rqlfyr46!19sChIJl144BJkH0i0RiDvaTnyvtvQ?authuser=0&hl=id&rclk=1,-8.4422349,115.5993994,https://www.tiktok.com/@balihints/video/7495674892856151351,,
846,Citrus & Vine,Karangasem,5.0,1029,Work from Cafe | Vibrant Nightlife,"['sidemen', 'gelato', 'roti lapis leleh keju', 'sambal ayam', 'kue keju markisa', 'croque monsieur']",Rp 150–400k,Malam jam 7pm+,https://www.google.com/maps/place/Citrus+%26+Vine/data=!4m7!3m6!1s0x2dd2110bdc9b057d:0x6f38b0f2b13c4acc!8m2!3d-8.4752347!4d115.4406158!16s%2Fg%2F11w200tckg!19sChIJfQWb3AsR0i0RzEo8sfKwOG8?authuser=0&hl=id&rclk=1,-8.4752347,115.4406158,https://www.tiktok.com/@balifoodandtravels/video/7570929597152349448,https://www.tiktok.com/@eats.travels/video/7597814787849899286,https://www.tiktok.com/@ariskaapratiwi/video/7575473354132475154
847,Little Bay Coffee & Eatery,Karangasem,4.6,286,Work from Cafe | Vibrant Nightlife,"['feri', 'smoothie bowl', 'baget', 'pizza', 'perjalanan', 'croissant']",Rp 50–150k,Malam jam 7pm+,https://www.google.com/maps/place/Little+Bay+Coffee+%26+Eatery/data=!4m7!3m6!1s0x2dd20fc9d61c1743:0xf291ca83354307ee!8m2!3d-8.5303072!4d115.5080677!16s%2Fg%2F11s3vrqcgn!19sChIJQxcc1skP0i0R7gdDNYPKkfI?authuser=0&hl=id&rclk=1,-8.5303072,115.5080677,https://www.tiktok.com/@ini.inn/video/7601394735982447890,https://www.tiktok.com/@gallery_made_ar/video/7536942171056786694,
848,Casa Coffee,Karangasem,4.6,122,Work from Cafe | Vibrant Nightlife,"['taman', 'cappucino', 'roti panggang alpukat', 'atm', 'telur', 'kopi alpukat']",Rp 50–150k,Malam jam 7pm+,https://www.google.com/maps/place/Casa+Coffee/data=!4m7!3m6!1s0x2dd20989f5b82993:0x795f2c762320952b!8m2!3d-8.5104503!4d115.571533!16s%2Fg%2F11lgl83r3d!19sChIJkym49YkJ0i0RK5UgI3YsX3k?authuser=0&hl=id&rclk=1,-8.5104503,115.571533,https://www.tiktok.com/@jhullyyy_/video/7579904632516791559,https://www.tiktok.com/@rezaayup/video/7634529988540157204,https://www.tiktok.com/@casacoffeebali/video/7582511326375742738
849,Melon Café,Karangasem,4.8,198,Work from Cafe | Vibrant Nightlife,"['pancake', 'smoothie bowls', 'dinner', 'service', 'sarapan lengkap', 'wifi']",Rp 50–150k,Malam jam 7pm+,https://www.google.com/maps/place/Melon+Caf%C3%A9/data=!4m7!3m6!1s0x2dd2018103d99145:0xecd288e1539d89c7!8m2!3d-8.3343811!4d115.6381074!16s%2Fg%2F11smt12m_c!19sChIJRZHZA4EB0i0Rx4mdU-GI0uw?authuser=0&hl=id&rclk=1,-8.3343811,115.6381074,,,
850,Blue Paradise Coffee Bakery and Eatery,Karangasem,4.8,217,Sunset & View | Work from Cafe | Vibrant Nightlife,"['sawah', 'jus', 'kue cokelat cair', 'mie goreng', 'cordon blue', 'nasi goreng']",Rp 50–150k,Sunset jam 5–7pm,https://www.google.com/maps/place/Blue+Paradise+Coffee+Bakery+and+Eatery/data=!4m7!3m6!1s0x2dd21b0a206822b3:0x3aab68dd18fc7c63!8m2!3d-8.4678609!4d115.4456171!16s%2Fg%2F11vbcyhm44!19sChIJsyJoIAob0i0RY3z8GN1oqzo?authuser=0&hl=id&rclk=1,-8.4678609,115.4456171,https://www.tiktok.com/@takaseaterycoffee/video/7601020062698425621,https://www.tiktok.com/@yukjalanjalaan/video/7626653393376791816,https://www.tiktok.com/@honeyandbreadcafe/video/7633710063865154837
851,D'Steel coffee kitchen,Karangasem,4.6,421,Sunset & View | Work from Cafe | Vibrant Nightlife,"['snorkling', 'perahu', 'baget', 'pizza', 'makan malam', 'mie goreng']",Rp 50–150k,Sunset jam 5–7pm,https://www.google.com/maps/place/D%27Steel+coffee+kitchen/data=!4m7!3m6!1s0x2dd20f2618b52f2f:0xf830c3337ec0317a!8m2!3d-8.5301292!4d115.5091288!16s%2Fg%2F11pd0f_b0c!19sChIJLy-1GCYP0i0RejHAfjPDMPg?authuser=0&hl=id&rclk=1,-8.5301292,115.5091288,https://www.tiktok.com/@dsteelcoffeekitchen_/video/7581591998084304135,https://www.tiktok.com/@dsteelcoffeekitchen_/video/7582718404801350932,https://www.tiktok.com/@dsteelcoffeekitchen_/video/7602385066580348181
852,Green kitchen kafe,Karangasem,4.6,72,Sunset & View | Work from Cafe | Vibrant Nightlife,"['mudi', 'taman', 'pengalaman', 'sidemen', 'kari', 'sawah']",Rp 50–150k,Sunset jam 5–7pm,https://www.google.com/maps/place/Green+kitchen+kafe/data=!4m7!3m6!1s0x2dd211002778d84d:0x5477d3bf500dd52e!8m2!3d-8.4939653!4d115.4187074!16s%2Fg%2F11kj9kd_8y!19sChIJTdh4JwAR0i0RLtUNUL_Td1Q?authuser=0&hl=id&rclk=1,-8.4939653,115.4187074,https://www.tiktok.com/@jerosukaratha/video/7525059754855550216,https://www.tiktok.com/@aaronevans1997/video/7598146897626402070,
853,Meeting Point,Karangasem,4.6,312,Work from Cafe | Vibrant Nightlife,"['jus', 'salad', 'service', 'atmosphere', 'eggs benedict', 'healthy food']",Rp 50–150k,Malam jam 7pm+,https://www.google.com/maps/place/Meeting+Point/data=!4m7!3m6!1s0x2dd20060e7bba831:0x1e610305549b1566!8m2!3d-8.3347088!4d115.6415241!16s%2Fg%2F11cp8sk_pt!19sChIJMai752AA0i0RZhWbVAUDYR4?authuser=0&hl=id&rclk=1,-8.3347088,115.6415241,https://www.tiktok.com/@asatours.id/video/7472252625421880581,https://www.tiktok.com/@exoticbali.island/video/7442609424977497400,https://www.tiktok.com/@kusukatrip.id/video/7523373785853054215
854,KŌWHAI Restaurant - Nusa Penida,Klungkung,4.6,132,Sunset & View | Work from Cafe | Vibrant Nightlife | Budget Friendly,"['atmosphere', 'makan malam', 'kolam renang', 'cocktail', 'keramahan', 'pilihan']",Rp 15–50k,Sunset jam 5–7pm,https://www.google.com/maps/place/K%C5%8CWHAI+Restaurant+-+Nusa+Penida/data=!4m7!3m6!1s0x2dd2730fc79577d3:0xd425c8a38046515a!8m2!3d-8.7025508!4d115.4752531!16s%2Fg%2F11tjdv0zg6!19sChIJ03eVxw9z0i0RWlFGgKPIJdQ?authuser=0&hl=id&rclk=1,-8.7025508,115.4752531,https://www.tiktok.com/@baliloveaffair/video/7548057390785121554,https://www.tiktok.com/@gallery_made_ar/video/7493811906856127750,https://www.tiktok.com/@mf80500/video/7558231249899293974
855,Sea Breeze Cafe Ceningan,Klungkung,4.5,2018,Sunset & View | Work from Cafe | Vibrant Nightlife,"['kolam renang', 'sunset', 'hammock', 'surut', 'samudra', 'budi daya rumput laut']",Rp 80–200k,Sunset jam 5–7pm,https://www.google.com/maps/place/Sea+Breeze+Cafe+Ceningan/data=!4m7!3m6!1s0x2dd26dc183bdde1d:0xdc3b80ed09288c6d!8m2!3d-8.6985371!4d115.4474201!16s%2Fg%2F11bc7s2d98!19sChIJHd69g8Ft0i0RbYwoCe2AO9w?authuser=0&hl=id&rclk=1,-8.6985371,115.4474201,https://www.tiktok.com/@cheszzzzz07/video/7610572598711307540,https://www.tiktok.com/@story.jolie/video/7597403555921808661,https://www.tiktok.com/@ceritadibali_/video/7594706225225272596
856,SAMASTRA KEDAI,Klungkung,4.4,42,Work from Cafe | Vibrant Nightlife,['kasir'],Rp 50–150k,Malam jam 7pm+,https://www.google.com/maps/place/SAMASTRA+KEDAI/data=!4m7!3m6!1s0x2dd211b7d714cc4b:0xa5f5c7b1b21cbf8e!8m2!3d-8.5437655!4d115.4039645!16s%2Fg%2F11m9zwx7tn!19sChIJS8wU17cR0i0Rjr8csrHH9aU?authuser=0&hl=id&rclk=1,-8.5437655,115.4039645,https://www.tiktok.com/@samastrakedai/video/7357542941994388742,,
857,Drop Out Coffee,Klungkung,4.7,11,Work from Cafe | Vibrant Nightlife,[],Rp 50–150k,Malam jam 7pm+,https://www.google.com/maps/place/Drop+Out+Coffee/data=!4m7!3m6!1s0x2dd21188450abdc1:0x175cd453175dfc8c!8m2!3d-8.5505143!4d115.4112617!16s%2Fg%2F11nxvhztdd!19sChIJwb0KRYgR0i0RjPxdF1PUXBc?authuser=0&hl=id&rclk=1,-8.5505143,115.4112617,https://www.tiktok.com/@hangout.seeker/video/7554320092884913424,,
858,Selera Coffee,Klungkung,4.5,6,Work from Cafe | Vibrant Nightlife,[],Rp 50–150k,Malam jam 7pm+,https://www.google.com/maps/place/Selera+Coffee/data=!4m7!3m6!1s0x2dd21140d044f053:0xad19f953130f397!8m2!3d-8.535147!4d115.4048082!16s%2Fg%2F11mv647x9g!19sChIJU_BE0EAR0i0Rl_MwMZWf0Qo?authuser=0&hl=id&rclk=1,-8.535147,115.4048082,https://www.tiktok.com/@kulinerbali_an/video/7520863339560439045,,
859,Kedai Sawah Klungkung,Klungkung,4.7,25,Sunset & View | Budget Friendly,"['restoran', 'transportasi umum', 'atm', 'minuman', 'harga', 'pemandangan']",Rp 15–50k,Sunset jam 5–7pm,https://www.google.com/maps/place/Kedai+Sawah+Klungkung/data=!4m7!3m6!1s0x2dd2130bbedbb089:0xf5722bdfec15cab6!8m2!3d-8.5573157!4d115.4046138!16s%2Fg%2F11yjgvzkqw!19sChIJibDbvgsT0i0RtsoV7N8rcvU?authuser=0&hl=id&rclk=1,-8.5573157,115.4046138,https://www.tiktok.com/@infobali.viral/video/7625562810931580181,https://www.tiktok.com/@infoklungkung/video/7608396758200208660,https://www.tiktok.com/@gianyardaily/video/7608082661994679570
860,Kopi Kote Klungkung,Klungkung,4.4,62,Work from Cafe | Vibrant Nightlife,[],Rp 50–150k,Malam jam 7pm+,https://www.google.com/maps/place/Kopi+Kote+Klungkung/data=!4m7!3m6!1s0x2dd211280627c219:0x2587ada1971f7aa9!8m2!3d-8.5346186!4d115.3990329!16s%2Fg%2F11hz6mm2_j!19sChIJGcInBigR0i0RqXofl6GthyU?authuser=0&hl=id&rclk=1,-8.5346186,115.3990329,https://www.tiktok.com/@dewa.gede.agustia/video/7598733629392522513,https://www.tiktok.com/@daewo1988/video/7598734030334332176,https://www.tiktok.com/@kopi.kote.klungkung/video/7612139074081541392
861,Melt Kitchen Coffee,Klungkung,4.7,1077,Sunset & View | Work from Cafe | Vibrant Nightlife,"['pulau', 'pantai kelingking', 'chicken teriyaki', 'hotplate', 'spring roll', 'carbonara']",Rp 150–400k,Sunset jam 5–7pm,https://www.google.com/maps/place/Melt+Kitchen+Coffee/data=!4m7!3m6!1s0x2dd2714a586fe835:0xb4b5f720b57b93da!8m2!3d-8.7457832!4d115.4866937!16s%2Fg%2F11w3hx1r93!19sChIJNehvWEpx0i0R2pN7tSD3tbQ?authuser=0&hl=id&rclk=1,-8.7457832,115.4866937,https://www.tiktok.com/@ilove_l4tte/video/7495763948935875845,,
862,BELIKOPI. KLUNGKUNG,Klungkung,2.4,97,Work from Cafe | Vibrant Nightlife,"['kasir', 'niat', 'pelayanan', 'pembeli', 'antrean', 'cek']",Rp 30–100k,Malam jam 7pm+,https://www.google.com/maps/place/BELIKOPI.+KLUNGKUNG/data=!4m7!3m6!1s0x2dd2117ee7d80d9d:0xeed2da274c2d7dd8!8m2!3d-8.5354174!4d115.4040876!16s%2Fg%2F11x5jftp6w!19sChIJnQ3Y534R0i0R2H0tTCfa0u4?authuser=0&hl=id&rclk=1,-8.5354174,115.4040876,,,
863,Kedai Kopi nAu Klungkung,Klungkung,3.8,94,Work from Cafe | Vibrant Nightlife | Budget Friendly,"['harga', 'ramen', 'pesan', 'manis', 'sama sama enak', 'chicken katsu']",Rp 15–50k,Malam jam 7pm+,https://www.google.com/maps/place/Kedai+Kopi+nAu+Klungkung/data=!4m7!3m6!1s0x2dd211fbb8d3349d:0xbd6d109dde3eb976!8m2!3d-8.5336646!4d115.4003172!16s%2Fg%2F11j489gm4m!19sChIJnTTTuPsR0i0Rdrk-3p0Qbb0?authuser=0&hl=id&rclk=1,-8.5336646,115.4003172,https://www.tiktok.com/@rikhavoyager/video/7602165111201074453,https://www.tiktok.com/@kulinerin_klungkung/video/7598360919525149970,https://www.tiktok.com/@makanan_klungkung/video/7598125684027870472
864,Penida Bakery Coffeeshop,Klungkung,4.7,222,Work from Cafe | Vibrant Nightlife,"['brownies', 'pulau', 'vegan', 'cappucino', 'senyum', 'dessert']",Rp 50–150k,Malam jam 7pm+,https://www.google.com/maps/place/Penida+Bakery+Coffeeshop/data=!4m7!3m6!1s0x2dd2754aaf029fd5:0x58fe5d27f418ef26!8m2!3d-8.6780521!4d115.5718857!16s%2Fg%2F11g07rx6tn!19sChIJ1Z8Cr0p10i0RJu8Y9Cdd_lg?authuser=0&hl=id&rclk=1,-8.6780521,115.5718857,https://www.tiktok.com/@hollyhaith/video/7353607237513923872,https://www.tiktok.com/@layterally/video/7581709165685476625,https://www.tiktok.com/@nusapenida.bakery/video/7607337338317982997
865,Cookies Coffee Shop and Warung,Klungkung,4.7,1514,Work from Cafe | Vibrant Nightlife,"['smoothie bowl', 'pulau', 'cappucino', 'puding chia', 'roti panggang alpukat', 'puppy']",Rp 150–400k,Malam jam 7pm+,https://www.google.com/maps/place/Cookies+Coffee+Shop+and+Warung/data=!4m7!3m6!1s0x2dd26db0de8abc1f:0xb005144a89347c28!8m2!3d-8.6890273!4d115.4351886!16s%2Fg%2F11cnb2p2n1!19sChIJH7yK3rBt0i0RKHw0iUoUBbA?authuser=0&hl=id&rclk=1,-8.6890273,115.4351886,https://www.tiktok.com/@westsecret/video/7607997054798826760,https://www.tiktok.com/@takaseaterycoffee/video/7613381921774619925,https://www.tiktok.com/@baliwonderfood/video/7448904206188072200
866,Moringa cafe & restaurant,Klungkung,4.9,80,Work from Cafe | Vibrant Nightlife | Budget Friendly,"['pengiriman', 'harga', 'smoothie bowl', 'jus', 'local food', 'pemilik']",Rp 15–50k,Malam jam 7pm+,https://www.google.com/maps/place/Moringa+cafe+%26+restaurant/data=!4m7!3m6!1s0x2dd27348cd48404b:0x22312c5d83946a03!8m2!3d-8.7087086!4d115.4933658!16s%2Fg%2F11vc8fzsmq!19sChIJS0BIzUhz0i0RA2qUg10sMSI?authuser=0&hl=id&rclk=1,-8.7087086,115.4933658,https://www.tiktok.com/@dairasaenz_/video/7520180922977668370,https://www.tiktok.com/@jodok196/video/7569741572015688978,https://www.tiktok.com/@simpledanunique/video/7328273131464936710
867,Kedai kopling,Klungkung,4.7,19,Work from Cafe | Vibrant Nightlife,[],Rp 50–150k,Malam jam 7pm+,https://www.google.com/maps/place/Kedai+kopling/data=!4m7!3m6!1s0x2dd211725670ce4b:0xb47b1b1dcab66c9d!8m2!3d-8.5478759!4d115.393184!16s%2Fg%2F11pq0xctbz!19sChIJS85wVnIR0i0RnWy2yh0be7Q?authuser=0&hl=id&rclk=1,-8.5478759,115.393184,,,
868,KENDI CAFE,Klungkung,4.8,76,Work from Cafe | Vibrant Nightlife | Budget Friendly,"['smoothie bowl', 'harga', 'granola', 'jus', 'latte', 'service']",Rp 15–50k,Malam jam 7pm+,https://www.google.com/maps/place/KENDI+CAFE/data=!4m7!3m6!1s0x2dd2730075f3eb25:0xdb9f67dcd6f3275f!8m2!3d-8.6788322!4d115.4898503!16s%2Fg%2F11y2lpjyvv!19sChIJJevzdQBz0i0RXyfz1txnn9s?authuser=0&hl=id&rclk=1,-8.6788322,115.4898503,https://www.tiktok.com/@ambar1marino/video/7588828004910910738,,
869,Joglo Penida,Klungkung,4.7,1100,Work from Cafe | Vibrant Nightlife,"['cocktail', 'pulau', 'nasi goreng', 'smoothie bowl', 'latte', 'caesar salad']",Rp 150–400k,Malam jam 7pm+,https://www.google.com/maps/place/Joglo+Penida/data=!4m7!3m6!1s0x2dd273652ce8947f:0xb25a9772dee4b112!8m2!3d-8.6754044!4d115.4919602!16s%2Fg%2F11s7kqhtzq!19sChIJf5ToLGVz0i0RErHk3nKXWrI?authuser=0&hl=id&rclk=1,-8.6754044,115.4919602,https://www.tiktok.com/@gallery_made_ar/video/7493811906856127750,https://www.tiktok.com/@ayuuunya2/video/7598917832969129224,https://www.tiktok.com/@mahalucky_villa/video/7513812244786908434
870,PITCH,Klungkung,4.3,60,Work from Cafe | Vibrant Nightlife | Budget Friendly,['harga'],Rp 15–50k,Malam jam 7pm+,https://www.google.com/maps/place/PITCH/data=!4m7!3m6!1s0x2dd2114759e66bcf:0x94702f9f7501794b!8m2!3d-8.5367638!4d115.3956284!16s%2Fg%2F11fy4nwshr!19sChIJz2vmWUcR0i0RS3kBdZ8vcJQ?authuser=0&hl=id&rclk=1,-8.5367638,115.3956284,https://www.tiktok.com/@globalfootballnetworkuk/video/7629898729499233554,https://www.tiktok.com/@sunnywheels/video/7507991479239888133,https://www.tiktok.com/@mdadiwiguna/video/7595869275101941010
871,Lunak Café by The Sea,Klungkung,4.9,571,Sunset & View | Work from Cafe | Vibrant Nightlife,"['sunset', 'cocktail', 'samudra', 'cafe', 'penglihatan', 'the view']",Rp 80–200k,Sunset jam 5–7pm,https://www.google.com/maps/place/Lunak+Caf%C3%A9+by+The+Sea/data=!4m7!3m6!1s0x2dd273f1de2a4a53:0x6f258cf5c2da5df6!8m2!3d-8.6772841!4d115.5301902!16s%2Fg%2F11s8ksdxwq!19sChIJU0oq3vFz0i0R9l3awvWMJW8?authuser=0&hl=id&rclk=1,-8.6772841,115.5301902,https://www.tiktok.com/@marioncze097/video/7395529072396274976,https://www.tiktok.com/@by_thesea30/video/7419631514331204870,https://www.tiktok.com/@deliciousbalii/video/7562076821307641095
872,Jivva Beach Club,Klungkung,4.4,316,Sunset & View | Family Friendly | Work from Cafe | Vibrant Nightlife | Budget Friendly,"['kolam', 'harga', 'luas', 'atmosphere', 'keindahan', 'service']",Rp 15–50k,Sunset jam 5–7pm,https://www.google.com/maps/place/Jivva+Beach+Club/data=!4m7!3m6!1s0x2dd213f4724132d5:0x8127f5bdd8e7b69b!8m2!3d-8.5738132!4d115.3841478!16s%2Fg%2F11c1qb64rw!19sChIJ1TJBcvQT0i0Rm7bn2L31J4E?authuser=0&hl=id&rclk=1,-8.5738132,115.3841478,https://www.tiktok.com/@xaverianindita/video/7562568994566196498,https://www.tiktok.com/@apriliapuutt/video/7613278914814741761,https://www.tiktok.com/@gekrara18/video/7577622814023322888
873,Sunny cafe penida,Klungkung,4.5,1114,Work from Cafe | Vibrant Nightlife,"['smoothie bowl', 'pancake', 'pulau', 'pad thai', 'anjing', 'roti panggang alpukat']",Rp 80–200k,Malam jam 7pm+,https://www.google.com/maps/place/Sunny+cafe+penida/data=!4m7!3m6!1s0x2dd27348dc709743:0x75cc38f0e783a437!8m2!3d-8.6790725!4d115.4896031!16s%2Fg%2F11fkvp38kv!19sChIJQ5dw3Ehz0i0RN6SD5_A4zHU?authuser=0&hl=id&rclk=1,-8.6790725,115.4896031,https://www.tiktok.com/@sunny.penida/video/7611524936854752532,https://www.tiktok.com/@teainparadise/video/7393407430199119137,https://www.tiktok.com/@sunnycafepenida/video/7080519503137869082
874,robado Bakery & Cafe - Nusa Penida,Klungkung,5.0,100,Work from Cafe | Vibrant Nightlife | Budget Friendly,"['harga', 'roti panggang alpukat', 'pisang', 'croissant', 'naga', 'pulau']",Rp 15–50k,Malam jam 7pm+,https://www.google.com/maps/place/robado+Bakery+%26+Cafe+-+Nusa+Penida/data=!4m7!3m6!1s0x2dd273f74a51d23f:0x8f5f00bd4a31ec8b!8m2!3d-8.7041442!4d115.4901759!16s%2Fg%2F11ygz774r_!19sChIJP9JRSvdz0i0Ri-wxSr0AX48?authuser=0&hl=id&rclk=1,-8.7041442,115.4901759,https://www.tiktok.com/@niamini8/video/7619667717884415252,https://www.tiktok.com/@nusapenida.bakery/video/7607337338317982997,https://www.tiktok.com/@chill_luvie/video/7541393414546394375
875,Penggilingan Kopi Panca Perkasa ( Coffee Bean Roasting ) Klungkung Bali,Klungkung,5.0,24,General Chill,"['restoran', 'transportasi umum', 'atm', 'ilmu', 'filosofi']",Rp 50–150k,Lunch atau dinner,https://www.google.com/maps/place/Penggilingan+Kopi+Panca+Perkasa+%28+Coffee+Bean+Roasting+%29+Klungkung+Bali/data=!4m7!3m6!1s0x2dd211847c48e3cf:0x116edf9e9992af8f!8m2!3d-8.5381413!4d115.4076293!16s%2Fg%2F11rcskgzsc!19sChIJz-NIfIQR0i0Rj6-SmZ7fbhE?authuser=0&hl=id&rclk=1,-8.5381413,115.4076293,https://www.tiktok.com/@amirfaisal168/video/7586486271351000340,https://www.tiktok.com/@kopiidijene/video/7382857299875974405,https://www.tiktok.com/@tokoafung_/video/7507536006397300024
876,Sunny street cafe,Klungkung,4.8,305,Sunset & View | Work from Cafe | Vibrant Nightlife,"['sunset', 'pulau', 'dadar gulung', 'rendang daging sapi', 'warung', 'local food']",Rp 50–150k,Sunset jam 5–7pm,https://www.google.com/maps/place/Sunny+street+cafe/data=!4m7!3m6!1s0x2dd26d005e1d8faf:0xbe1648c74ce3ac2e!8m2!3d-8.7047449!4d115.4413345!16s%2Fg%2F11w4rl0l_b!19sChIJr48dXgBt0i0RLqzjTMdIFr4?authuser=0&hl=id&rclk=1,-8.7047449,115.4413345,https://www.tiktok.com/@wherekaniawent/video/7518641065419721990,https://www.tiktok.com/@brewinglikeit/video/7629540534398274823,https://www.tiktok.com/@spillbyrahma/video/7539537264431385874
877,Clasico coffee & Warungs,Klungkung,4.6,439,Work from Cafe | Vibrant Nightlife,"['pulau', 'taman', 'smoothie bowls', 'tempe', 'cappucino', 'es kopi']",Rp 50–150k,Malam jam 7pm+,https://www.google.com/maps/place/Clasico+coffee+%26+Warungs/data=!4m7!3m6!1s0x2dd26d8e93caa311:0xe7bbd60beee21eb0!8m2!3d-8.6883359!4d115.43384!16s%2Fg%2F11h22hpth9!19sChIJEaPKk45t0i0RsB7i7gvWu-c?authuser=0&hl=id&rclk=1,-8.6883359,115.43384,https://www.tiktok.com/@clasicocoffee/video/7605437905514827029,https://www.tiktok.com/@clasicocoffee/video/7297453571954445573,https://www.tiktok.com/@clasicocoffee/video/7581279662265978132
878,Ayu Cafe,Klungkung,4.8,4,Work from Cafe | Vibrant Nightlife,[],Rp 50–150k,Malam jam 7pm+,https://www.google.com/maps/place/Ayu+Cafe/data=!4m7!3m6!1s0x2dd21146dc3a1d4f:0x752d04b11ef674ed!8m2!3d-8.5393818!4d115.3951417!16s%2Fg%2F11bc7rpsr5!19sChIJTx063EYR0i0R7XT2HrEELXU?authuser=0&hl=id&rclk=1,-8.5393818,115.3951417,https://www.tiktok.com/@nixentangkere/video/7608184468183977234,https://www.tiktok.com/@travelswithrobbiemick/video/7626603808122064136,https://www.tiktok.com/@dailyfoodlens/video/7531273268024626438
879,Camplung Mekar,Jembrana,4.7,146,Sunset & View | Family Friendly | Work from Cafe | Vibrant Nightlife | Budget Friendly,"['pantai', 'harga', 'luas', 'pizza', 'ikan bakar', 'rekreasi']",Rp 15–50k,Sunset jam 5–7pm,https://www.google.com/maps/place/Camplung+Mekar/data=!4m7!3m6!1s0x2dd3d9c556ac1fab:0xc5c0c7c0c0673f02!8m2!3d-8.4002477!4d114.6566157!16s%2Fg%2F11n17sd4mm!19sChIJqx-sVsXZ0y0RAj9nwMDHwMU?authuser=0&hl=id&rclk=1,-8.4002477,114.6566157,https://www.tiktok.com/@camplungmekar/video/7548367055926480133,https://www.tiktok.com/@visit.westbali/video/7635612081307340053,https://www.tiktok.com/@ranidwiidaayu/video/7563496595413585173
880,WOOWBGT CAFE,Jembrana,4.9,15,Work from Cafe | Vibrant Nightlife,[],Rp 50–150k,Malam jam 7pm+,https://www.google.com/maps/place/WOOWBGT+CAFE/data=!4m7!3m6!1s0x2dd163b603357ecb:0xc9d2d821a41a7b54!8m2!3d-8.3599281!4d114.6205058!16s%2Fg%2F11j4hg930z!19sChIJy341A7Zj0S0RVHsapCHY0sk?authuser=0&hl=id&rclk=1,-8.3599281,114.6205058,,,
881,HAPPY CAFE & STEAK,Jembrana,4.6,36,Work from Cafe | Vibrant Nightlife | Budget Friendly,"['harga', 'aglio olio', 'caramel']",Rp 15–50k,Malam jam 7pm+,https://www.google.com/maps/place/HAPPY+CAFE+%26+STEAK/data=!4m7!3m6!1s0x2dd3d9b5023c421b:0x94ccc047ad8358df!8m2!3d-8.3681179!4d114.6286928!16s%2Fg%2F11xdx5sf6n!19sChIJG0I8ArXZ0y0R31iDrUfAzJQ?authuser=0&hl=id&rclk=1,-8.3681179,114.6286928,https://www.tiktok.com/@happy.cafe25/video/7587808341624147208,https://www.tiktok.com/@happy.cafe25/video/7623075805723217170,https://www.tiktok.com/@cafe.happy97/video/7535292420121021702
882,Wakey Wakey Coffee Bar,Jembrana,4.8,86,Sunset & View | Work from Cafe | Vibrant Nightlife,"['roti pisang', 'surfing', 'smoothies', 'taman', 'samudra', 'teras']",Rp 50–150k,Sunset jam 5–7pm,https://www.google.com/maps/place/Wakey+Wakey+Coffee+Bar/data=!4m7!3m6!1s0x2dd3d7af2d7db72b:0x810a2cb4919ec43e!8m2!3d-8.4092572!4d114.7973615!16s%2Fg%2F11rn7l4b_d!19sChIJK7d9La_X0y0RPsSekbQsCoE?authuser=0&hl=id&rclk=1,-8.4092572,114.7973615,https://www.tiktok.com/@vinyl.bali/video/7579888736444370197,https://www.tiktok.com/@dennisnelix/video/7581472100704193810,https://www.tiktok.com/@jalanmakanbali/video/7596172469354958098
883,Kayun Ngopi,Jembrana,4.4,48,Work from Cafe | Vibrant Nightlife | Budget Friendly,"['chicken katsu', 'harga', 'nasi goreng', 'asam manis', 'terlalu manis', 'matcha']",Rp 15–50k,Malam jam 7pm+,https://www.google.com/maps/place/Kayun+Ngopi/data=!4m7!3m6!1s0x2dd161f5d6770b0d:0xa6211dd653334451!8m2!3d-8.3656288!4d114.6192357!16s%2Fg%2F11x04cjfr2!19sChIJDQt31vVh0S0RUUQzU9YdIaY?authuser=0&hl=id&rclk=1,-8.3656288,114.6192357,https://www.tiktok.com/@kayun.ngopi/video/7580331343129726216,https://www.tiktok.com/@gallery_made_ar/video/7524240698250399032,https://www.tiktok.com/@kayun.ngopi/video/7528004239394917640
884,CB stret Coffee,Jembrana,4.7,25,Work from Cafe | Vibrant Nightlife,[],Rp 50–150k,Malam jam 7pm+,https://www.google.com/maps/place/CB+stret+Coffee/data=!4m7!3m6!1s0x2dd3d40e0502f785:0xe26413eea9dcbd58!8m2!3d-8.4242159!4d114.826349!16s%2Fg%2F11dxcwt780!19sChIJhfcCBQ7U0y0RWL3cqe4TZOI?authuser=0&hl=id&rclk=1,-8.4242159,114.826349,https://www.tiktok.com/@coffeetour13/video/7567176631270280468,,
885,Hotel Medewi Beach Inn Cafe,Jembrana,4.5,21,Work from Cafe | Vibrant Nightlife,"['surfing', 'atmosphere', 'rental', 'barista']",Rp 50–150k,Malam jam 7pm+,https://www.google.com/maps/place/Hotel+Medewi+Beach+Inn+Cafe/data=!4m7!3m6!1s0x2dd3d74dc4ff6fdb:0x5e0ec49a7b264a61!8m2!3d-8.4187091!4d114.8062115!16s%2Fg%2F11ghp65pml!19sChIJ22__xE3X0y0RYUome5rEDl4?authuser=0&hl=id&rclk=1,-8.4187091,114.8062115,https://www.tiktok.com/@louie.aldip/video/7407667854247562514,https://www.tiktok.com/@goes2bali/video/7561012825976622356,https://www.tiktok.com/@medewibeachinn/video/7633664131706391829
886,Rumah Makan Sari Asih,Jembrana,4.0,1769,Work from Cafe | Vibrant Nightlife,"['sambal', 'ayam goreng', 'lalapan', 'rawon', 'ayam kampung', 'nasi campur']",Rp 30–100k,Malam jam 7pm+,https://www.google.com/maps/place/Rumah+Makan+Sari+Asih/data=!4m7!3m6!1s0x2dd3d6f6bbf367dd:0xd761beac1ac81b06!8m2!3d-8.4009504!4d114.7785949!16s%2Fg%2F1hm4kf958!19sChIJ3Wfzu_bW0y0RBhvIGqy-Ydc?authuser=0&hl=id&rclk=1,-8.4009504,114.7785949,https://www.tiktok.com/@sariasih291/video/7598291290027019527,https://www.tiktok.com/@imeldajayadi1985/video/7531218212990553400,https://www.tiktok.com/@sariasih291/video/7598937196934204690
887,Warung Ni&ni,Jembrana,4.6,203,Work from Cafe | Vibrant Nightlife | Budget Friendly,"['nasi campur', 'sayur', 'perjalanan', 'harga', 'ayam goreng', 'tempat istirahat']",Rp 15–50k,Malam jam 7pm+,https://www.google.com/maps/place/Warung+Ni%26ni/data=!4m7!3m6!1s0x2dd3d6f94bba1e95:0xac7e1e2468ad3139!8m2!3d-8.4001884!4d114.7678375!16s%2Fg%2F11b70bw6y9!19sChIJlR66S_nW0y0ROTGtaCQefqw?authuser=0&hl=id&rclk=1,-8.4001884,114.7678375,,,
888,SEBLAK PRASMANAN KAK NOR,Jembrana,4.6,293,Family Friendly | Work from Cafe | Vibrant Nightlife | Budget Friendly,"['kuah', 'harga', 'pedes', 'asin', 'pilihan', 'luas']",Rp 15–50k,Malam jam 7pm+,https://www.google.com/maps/place/SEBLAK+PRASMANAN+KAK+NOR/data=!4m7!3m6!1s0x2dd3d9ca331648a7:0xd121b6f55561dc3a!8m2!3d-8.3683629!4d114.6305814!16s%2Fg%2F11vxhkkvkt!19sChIJp0gWM8rZ0y0ROtxhVfW2IdE?authuser=0&hl=id&rclk=1,-8.3683629,114.6305814,https://www.tiktok.com/@seblak_kak_nor/video/7636612948877675794,https://www.tiktok.com/@seblak_kak_nor/video/7575758669497797909,https://www.tiktok.com/@seblak_kak_nor/video/7562203436448582932
889,Warung Ikan Bakar Mama Andien,Jembrana,4.6,92,Family Friendly | Work from Cafe | Vibrant Nightlife,"['kepiting', 'muara', 'luas']",Rp 50–150k,Malam jam 7pm+,https://www.google.com/maps/place/Warung+Ikan+Bakar+Mama+Andien/data=!4m7!3m6!1s0x2dd3df93cff2fbe1:0xdb062cfd0228e99!8m2!3d-8.400821!4d114.6117424!16s%2Fg%2F11h23lk9r2!19sChIJ4fvyz5Pf0y0RmY4i0M9isA0?authuser=0&hl=id&rclk=1,-8.400821,114.6117424,https://www.tiktok.com/@wmaperancak/video/7569156435997740309,https://www.tiktok.com/@apeng8559/video/7588003707267108103,https://www.tiktok.com/@apeng8559/video/7629111886075809032
890,WARUNG MANGROVE BUDENG,Jembrana,4.8,92,Work from Cafe | Vibrant Nightlife | Budget Friendly,"['kepiting', 'harga', 'suasana', 'urap', 'cumi', 'prawn']",Rp 15–50k,Malam jam 7pm+,https://www.google.com/maps/place/WARUNG+MANGROVE+BUDENG/data=!4m7!3m6!1s0x2dd3d8b6f4ca3967:0xc0d16cf104987c4!8m2!3d-8.3838861!4d114.6267315!16s%2Fg%2F11p5frkh9p!19sChIJZznK9LbY0y0RxIdJEM8WDQw?authuser=0&hl=id&rclk=1,-8.3838861,114.6267315,https://www.tiktok.com/@warung_mangrove0/video/7637783779955838226,https://www.tiktok.com/@riantidewi8872/video/7631474784219712789,https://www.tiktok.com/@warungmangrove_jrw/video/7505993092097379590
891,Warung Babi Guling Astri Ebler,Jembrana,4.4,239,Work from Cafe | Vibrant Nightlife | Budget Friendly,"['harga', 'kulit', 'perjalanan', 'pelayanan', 'negara', 'lantai']",Rp 15–50k,Malam jam 7pm+,https://www.google.com/maps/place/Warung+Babi+Guling+Astri+Ebler/data=!4m7!3m6!1s0x2dd161ebeab40103:0x2a0e58c41b18ee99!8m2!3d-8.3518216!4d114.6000057!16s%2Fg%2F1hm4j672f!19sChIJAwG06uth0S0Rme4YG8RYDio?authuser=0&hl=id&rclk=1,-8.3518216,114.6000057,https://www.tiktok.com/@gluttonwanderers/video/7619927249977953543,https://www.tiktok.com/@rahartakuliner/video/7593702861171739911,https://www.tiktok.com/@laven_suckle7/video/7529023892845874438
892,Warung Bu Endang,Jembrana,4.5,123,Work from Cafe | Vibrant Nightlife | Budget Friendly,"['harga', 'lauk', 'pilihan', 'pagi', 'penjualnya', 'lidah']",Rp 15–50k,Malam jam 7pm+,https://www.google.com/maps/place/Warung+Bu+Endang/data=!4m7!3m6!1s0x2dd162072e4918f3:0x52c83cbd7fa3c669!8m2!3d-8.3606233!4d114.6238132!16s%2Fg%2F11fx8cq2hr!19sChIJ8xhJLgdi0S0Racajf708yFI?authuser=0&hl=id&rclk=1,-8.3606233,114.6238132,https://www.tiktok.com/@mommienya/video/7594688599355034888,https://www.tiktok.com/@mang_pull/video/7536580619703274770,https://www.tiktok.com/@ahmad_taufik12/video/7527519443551800581
893,Warung Makan Jabal Nur,Jembrana,4.8,41,Sunset & View | Family Friendly | Work from Cafe | Vibrant Nightlife | Budget Friendly,"['bakso', 'harga', 'pemandangan', 'kepemilikan', 'anak', 'nasi campur']",Rp 15–50k,Sunset jam 5–7pm,https://www.google.com/maps/place/Warung+Makan+Jabal+Nur/data=!4m7!3m6!1s0x2dd3d7eab8a6d327:0xc8454bf657124038!8m2!3d-8.4052953!4d114.7957078!16s%2Fg%2F11j_d052f9!19sChIJJ9OmuOrX0y0ROEASV_ZLRcg?authuser=0&hl=id&rclk=1,-8.4052953,114.7957078,https://www.tiktok.com/@lemina204/video/7559876332260314380,https://www.tiktok.com/@kulinerbali.halal/video/7638842936070835476,https://www.tiktok.com/@deaputriskandar/video/7617368940850760981
894,Warung Makan Sederhana Bu Briyan,Jembrana,4.3,103,Sunset & View | Work from Cafe | Vibrant Nightlife,"['rest area', 'pantai', 'perjalanan', 'pemandangan', 'kelapa', 'bakso']",Rp 50–150k,Sunset jam 5–7pm,https://www.google.com/maps/place/Warung+Makan+Sederhana+Bu+Briyan/data=!4m7!3m6!1s0x2dd22d133c15efeb:0x8ffdb2020c78b3b4!8m2!3d-8.4636646!4d114.9112485!16s%2Fg%2F11g0g3ljdz!19sChIJ6-8VPBMt0i0RtLN4DAKy_Y8?authuser=0&hl=id&rclk=1,-8.4636646,114.9112485,https://www.tiktok.com/@kedaimanalagi.jpr/video/7602857570629422356,https://www.tiktok.com/@samsiyahmus/video/7631872603690454293,https://www.tiktok.com/@keket909/video/7483759241795210551
895,Rumah Makan Arema Barokah 1,Jembrana,4.4,139,Work from Cafe | Vibrant Nightlife,"['pelayanan', 'kebersihan', 'bakso', 'travel']",Rp 50–150k,Malam jam 7pm+,https://www.google.com/maps/place/Rumah+Makan+Arema+Barokah+1/data=!4m7!3m6!1s0x2dd3d7cb0c24ad61:0x4f85beed6ccbb815!8m2!3d-8.4020907!4d114.773326!16s%2Fg%2F11g0hlyn77!19sChIJYa0kDMvX0y0RFbjLbO2-hU8?authuser=0&hl=id&rclk=1,-8.4020907,114.773326,https://www.tiktok.com/@kristinafebrianti4/video/7486089383599262981,https://www.tiktok.com/@rm.aremabarokah/video/7631562422737915157,https://www.tiktok.com/@sriewhatie/video/7630959216538176788
896,Avocado Resto,Jembrana,4.8,351,Sunset & View | Work from Cafe | Vibrant Nightlife,"['pilihan', 'atmosphere', 'cafe', 'pancake', 'the menu', 'surfing']",Rp 50–150k,Sunset jam 5–7pm,https://www.google.com/maps/place/Avocado+Resto/data=!4m7!3m6!1s0x2dd3d5abc7f684c5:0xd285c147f0180b9f!8m2!3d-8.4116415!4d114.8119216!16s%2Fg%2F11tb_xb0bv!19sChIJxYT2x6vV0y0RnwsY8EfBhdI?authuser=0&hl=id&rclk=1,-8.4116415,114.8119216,https://www.tiktok.com/@edgar.wijayaa/video/7515303581969321272,,
897,KULINER KHAS JEMBRANA,Jembrana,5.0,2,Work from Cafe | Vibrant Nightlife,[],Rp 50–150k,Malam jam 7pm+,https://www.google.com/maps/place/KULINER+KHAS+JEMBRANA/data=!4m7!3m6!1s0x2dd1620b60471879:0x3b7e85ff10a9a445!8m2!3d-8.3604773!4d114.6414364!16s%2Fg%2F11tfhbnt80!19sChIJeRhHYAti0S0RRaSpEP-Ffjs?authuser=0&hl=id&rclk=1,-8.3604773,114.6414364,https://www.tiktok.com/@masak_story/video/7521332562883595527,https://www.tiktok.com/@riri_rari/video/7616187992595549460,https://www.tiktok.com/@visit.westbali/video/7627269965271551253
898,Bak Mie Jowo Pak Adi Semarang,Jembrana,4.6,151,Work from Cafe | Vibrant Nightlife,"['bakmi', 'nasi goreng', 'capcay', 'pedas', 'kwetiau', 'pesan']",Rp 50–150k,Malam jam 7pm+,https://www.google.com/maps/place/Bak+Mie+Jowo+Pak+Adi+Semarang/data=!4m7!3m6!1s0x2dd163a53ac13d2f:0x1506b2a11bacb64f!8m2!3d-8.3621534!4d114.6346764!16s%2Fg%2F11gjmbmllp!19sChIJLz3BOqVj0S0RT7asG6GyBhU?authuser=0&hl=id&rclk=1,-8.3621534,114.6346764,https://www.tiktok.com/@chiputri_putri/video/7626319001727126805,https://www.tiktok.com/@riasefita/video/7597800953579900180,https://www.tiktok.com/@bagus.syahputra60/video/7504762299110968631
899,Gili Seafood,Jembrana,4.7,146,Family Friendly | Work from Cafe | Vibrant Nightlife | Budget Friendly,"['harga', 'lobster', 'cumi', 'bumbu', 'anak', 'kolam ikan']",Rp 15–50k,Malam jam 7pm+,https://www.google.com/maps/place/Gili+Seafood/data=!4m7!3m6!1s0x2dd143e8d798e1a3:0xb66d98a99481cc0!8m2!3d-8.1806548!4d114.4362421!16s%2Fg%2F11fj2wdbx1!19sChIJo-GY1-hD0S0RwBxImYrZZgs?authuser=0&hl=id&rclk=1,-8.1806548,114.4362421,https://www.tiktok.com/@chiaraserenaa/video/7531389609004272898,https://www.tiktok.com/@konviktedtravellers/video/7599217420259069217,https://www.tiktok.com/@arif_dsgnr/video/7592775915889872148
900,Juragan Seafood Jembrana,Jembrana,4.9,9,General Chill,"['restoran', 'transportasi umum', 'atm', 'halal', 'rumah']",Rp 50–150k,Lunch atau dinner,https://www.google.com/maps/place/Juragan+Seafood+Jembrana/data=!4m7!3m6!1s0x2dd1637991592eb1:0xc7e0397715c2660!8m2!3d-8.365129!4d114.6266407!16s%2Fg%2F11s58mbk18!19sChIJsS5ZkXlj0S0RYCZccZcDfgw?authuser=0&hl=id&rclk=1,-8.365129,114.6266407,https://www.tiktok.com/@juragane_seafood/video/7614993676015652116,https://www.tiktok.com/@juragane_seafood/video/7630084640664997138,https://www.tiktok.com/@juragane_seafood/video/7630843326664609044
901,Warung Seafood 99,Jembrana,4.4,58,Work from Cafe | Vibrant Nightlife,"['sambalnya', 'rice']",Rp 50–150k,Malam jam 7pm+,https://www.google.com/maps/place/Warung+Seafood+99/data=!4m7!3m6!1s0x2dd3d383ffb21cdf:0x87589239cd7ef20b!8m2!3d-8.4375049!4d114.850982!16s%2Fg%2F11c2d54x2l!19sChIJ3xyy_4PT0y0RC_J-zTmSWIc?authuser=0&hl=id&rclk=1,-8.4375049,114.850982,https://www.tiktok.com/@nilaayu__/video/7626609496072162567,https://www.tiktok.com/@kulinerbattle/video/7617098396695923988,https://www.tiktok.com/@warung.nadi99/video/7626753883129318676
902,Pareidolia Garden,Jembrana,5.0,2,Work from Cafe | Vibrant Nightlife,[],Rp 50–150k,Malam jam 7pm+,https://www.google.com/maps/place/Pareidolia+Garden/data=!4m7!3m6!1s0x2dd1436c810d9893:0xf01e818e59a21101!8m2!3d-8.5224758!4d115.0168963!16s%2Fg%2F11v9vcl9hb!19sChIJk5gNgWxD0S0RARGiWY6BHvA?authuser=0&hl=id&rclk=1,-8.5224758,115.0168963,,,
903,Lesehan ikan bakar Biru laut ibu wati 2,Jembrana,4.2,90,Family Friendly | Work from Cafe | Vibrant Nightlife | Budget Friendly,"['luas', 'sambalnya', 'pelayanan', 'cumi', 'harganya', 'pesan']",Rp 15–50k,Malam jam 7pm+,https://www.google.com/maps/place/Lesehan+ikan+bakar+Biru+laut+ibu+wati+2/data=!4m7!3m6!1s0x2dd161ded35a17c5:0xf7b907cf298e8f25!8m2!3d-8.335902!4d114.5492258!16s%2Fg%2F11h2m1hcrj!19sChIJxRda095h0S0RJY-OKc8Hufc?authuser=0&hl=id&rclk=1,-8.335902,114.5492258,https://www.tiktok.com/@wiwik27076/video/7510093818302041400,https://www.tiktok.com/@rm.batumandi/video/7636949598111632658,https://www.tiktok.com/@wuulan_darie/video/7558682811167771916
904,Pho Mo Berawa,Badung,4.6,46,Work from Cafe | Vibrant Nightlife,"['kaldunya', 'pho daging sapi', 'meatball', 'brisket', 'penciuman', 'herbal']",Rp 50–150k,Malam jam 7pm+,https://www.google.com/maps/place/Pho+Mo+Berawa/data=!4m7!3m6!1s0x2dd2473ddfe87631:0x6dab5441103e427!8m2!3d-8.6589254!4d115.138121!16s%2Fg%2F11jyj0rbt5!19sChIJMXbo3z1H0i0RJ-QDEUS12gY?authuser=0&hl=id&rclk=1,-8.6589254,115.138121,https://www.tiktok.com/@stefanysuryani/video/7620067654723783956,https://www.tiktok.com/@aznaatika/video/7633671260781710612,https://www.tiktok.com/@dav_bakee/video/7566285240293920007
905,Dulang Kafe Kuta Square,Badung,4.6,1458,Work from Cafe | Vibrant Nightlife,"['nasi goreng', 'sop buntut', 'indonesia', 'pad thai', 'mie goreng', 'tumbuhan']",Rp 80–200k,Malam jam 7pm+,https://www.google.com/maps/place/Dulang+Kafe+Kuta+Square/data=!4m7!3m6!1s0x2dd246bb50c25a4b:0xde809104599f5bba!8m2!3d-8.7233699!4d115.1714518!16s%2Fg%2F11gzkhhmw!19sChIJS1rCULtG0i0RulufWQSRgN4?authuser=0&hl=id&rclk=1,-8.7233699,115.1714518,https://www.tiktok.com/@baliinsidertravel/video/7555503441225714946,https://www.tiktok.com/@blueberr.lieee/video/7528654908942191880,https://www.tiktok.com/@dulangkafe/video/7361339088856812806
906,Doddy's Joint Cafe,Badung,4.8,998,Family Friendly | Work from Cafe | Vibrant Nightlife | Budget Friendly,"['harga', 'keluarga', 'pizza', 'service', 'anak', 'standart']",Rp 15–50k,Malam jam 7pm+,https://www.google.com/maps/place/Doddy%27s+Joint+Cafe/data=!4m7!3m6!1s0x2dd238c6a1e56cdf:0x912d7a45e390bcda!8m2!3d-8.6310159!4d115.1780258!16s%2Fg%2F11bwqqd_wh!19sChIJ32zlocY40i0R2ryQ40V6LZE?authuser=0&hl=id&rclk=1,-8.6310159,115.1780258,https://www.tiktok.com/@doddysjointcafe/video/7637172176419949844,https://www.tiktok.com/@doddywirawanbali/video/7633794636783340808,https://www.tiktok.com/@muthia.azhari/video/7556641514621816076
907,Setia Resto,Badung,4.3,43,Work from Cafe | Vibrant Nightlife,[],Rp 50–150k,Malam jam 7pm+,https://www.google.com/maps/place/Setia+Resto/data=!4m7!3m6!1s0x2dd2395107dc6027:0x88269c3cafd891d1!8m2!3d-8.5786734!4d115.1815515!16s%2Fg%2F11d_7r1471!19sChIJJ2DcB1E50i0R0ZHYrzycJog?authuser=0&hl=id&rclk=1,-8.5786734,115.1815515,https://www.tiktok.com/@setia.resto/video/7609999804042661141,,
908,Warung Yess,Badung,4.5,45,Work from Cafe | Vibrant Nightlife,"['indonesian food', 'nasi campur', 'makanan lokal', 'taman', 'service', 'bali']",Rp 50–150k,Malam jam 7pm+,https://www.google.com/maps/place/Warung+Yess/data=!4m7!3m6!1s0x2dd2386f7acfb69f:0x8fefd0a0f0eb3107!8m2!3d-8.6421349!4d115.1294979!16s%2Fg%2F11cjhkqx4_!19sChIJn7bPem840i0RBzHr8KDQ748?authuser=0&hl=id&rclk=1,-8.6421349,115.1294979,,,
909,Point Cafe SPBU Kapal Badung,Badung,3.8,153,Work from Cafe | Vibrant Nightlife | Budget Friendly,"['barista', 'pelayanan', 'senyum', 'harga', 'orang', 'pom bensin']",Rp 15–50k,Malam jam 7pm+,https://www.google.com/maps/place/Point+Cafe+SPBU+Kapal+Badung/data=!4m7!3m6!1s0x2dd2393166572741:0x50c47b7b25f801df!8m2!3d-8.5776423!4d115.1803643!16s%2Fg%2F11fjx_d8_6!19sChIJQSdXZjE50i0R3wH4JXt7xFA?authuser=0&hl=id&rclk=1,-8.5776423,115.1803643,https://www.tiktok.com/@telap_telep99/video/7621745821784001812,https://www.tiktok.com/@jufrisidabutar316/video/7621717822367943943,https://www.tiktok.com/@taurusboy0585/video/7588968380846198034
910,Ayam Guling Enakko Mengwi Dps Bali,Badung,4.7,194,Work from Cafe | Vibrant Nightlife | Budget Friendly,"['harga', 'nasi kebuli', 'sambalnya', 'kasir', 'aroma', 'juara']",Rp 15–50k,Malam jam 7pm+,https://www.google.com/maps/place/Ayam+Guling+Enakko+Mengwi+Dps+Bali/data=!4m7!3m6!1s0x2dd2390017e5912f:0xc170e4cf163457c1!8m2!3d-8.5767156!4d115.1785163!16s%2Fg%2F11xzrvms61!19sChIJL5HlFwA50i0RwVc0Fs_kcME?authuser=0&hl=id&rclk=1,-8.5767156,115.1785163,https://www.tiktok.com/@unbox.themoods/video/7537676050252188933,https://www.tiktok.com/@imrealisticallytired/video/7574307120812707093,https://www.tiktok.com/@jalanmakanbali/video/7408496551552765190
911,"Gogo Fried Chicken, Kapal",Badung,4.4,148,Work from Cafe | Vibrant Nightlife | Budget Friendly,"['harga', 'nasi', 'kasir', 'es teh', 'pelayanan', 'sambal']",Rp 15–50k,Malam jam 7pm+,"https://www.google.com/maps/place/Gogo+Fried+Chicken,+Kapal/data=!4m7!3m6!1s0x2dd23900496db7cb:0x5b0402c9d641c7d5!8m2!3d-8.5771095!4d115.1803993!16s%2Fg%2F11wqj4xqgy!19sChIJy7dtSQA50i0R1cdB1skCBFs?authuser=0&hl=id&rclk=1",-8.5771095,115.1803993,https://www.tiktok.com/@gogofriedchicken.kapal/video/7557642404862414087,https://www.tiktok.com/@gogofriedchicken.kapal/video/7492085481832844550,https://www.tiktok.com/@gogofriedchicken.kapal/video/7577307967482006804
912,The Coffee Club,Badung,4.9,10943,Work from Cafe | Vibrant Nightlife,"['flight', 'adi', 'tikka', 'check in', 'indah', 'desi']",Rp 150–400k,Malam jam 7pm+,https://www.google.com/maps/place/The+Coffee+Club/data=!4m7!3m6!1s0x2dd2441869a37d35:0x81861c6d215913e0!8m2!3d-8.7428816!4d115.1663389!16s%2Fg%2F11bx45wl1q!19sChIJNX2jaRhE0i0R4BNZIW0choE?authuser=0&hl=id&rclk=1,-8.7428816,115.1663389,https://www.tiktok.com/@balitravelfolder/video/7524635929747672328,https://www.tiktok.com/@thecoffeeclublegian/video/7553220343872195896,https://www.tiktok.com/@thecoffeeclublegian/video/7525692064961498424
913,Warung lalapan buk intan,Badung,3.9,47,Work from Cafe | Vibrant Nightlife,['sambal'],Rp 30–100k,Malam jam 7pm+,https://www.google.com/maps/place/Warung+lalapan+buk+intan/data=!4m7!3m6!1s0x2dd2399f55c23639:0xc02d0474e5bd2ccd!8m2!3d-8.5770452!4d115.179502!16s%2Fg%2F11kr8vbxnn!19sChIJOTbCVZ850i0RzSy95XQELcA?authuser=0&hl=id&rclk=1,-8.5770452,115.179502,https://www.tiktok.com/@ikbs95/video/7615469057076120840,https://www.tiktok.com/@kulinerdenpasar/video/7377654997418315013,https://www.tiktok.com/@widawikusss/video/7607160734794910994
914,Warung Carik Aban,Badung,4.0,751,Sunset & View | Work from Cafe | Vibrant Nightlife,"['sawah', 'pelayanan', 'nasi', 'gurami', 'ayam bakar', 'kerang']",Rp 30–100k,Sunset jam 5–7pm,https://www.google.com/maps/place/Warung+Carik+Aban/data=!4m7!3m6!1s0x2dd23eaf6a49d55d:0x78ec07d83432cb34!8m2!3d-8.5763279!4d115.1991023!16s%2Fg%2F11bzvc4dlm!19sChIJXdVJaq8-0i0RNMsyNNgH7Hg?authuser=0&hl=id&rclk=1,-8.5763279,115.1991023,https://www.tiktok.com/@warungcarikaban/video/7513116762812976391,https://www.tiktok.com/@ackfriedchicken/video/7566489653751057671,https://www.tiktok.com/@miracleteen/video/7556099483092684043
915,Warung Makan Nikmat halal,Badung,4.5,4323,Work from Cafe | Vibrant Nightlife,"['masakan indonesia', 'masakan jawa', 'nasi campur', 'rawon', 'sop buntut', 'bali']",Rp 80–200k,Malam jam 7pm+,https://www.google.com/maps/place/Warung+Makan+Nikmat+halal/data=!4m7!3m6!1s0x2dd246b219518625:0x5c69e8e6a84d4348!8m2!3d-8.7258097!4d115.174564!16s%2Fg%2F1hm2hntdt!19sChIJJYZRGbJG0i0RSENNqOboaVw?authuser=0&hl=id&rclk=1,-8.7258097,115.174564,https://www.tiktok.com/@sukareviewdimanaaja/video/7582067926031764754,https://www.tiktok.com/@kulinerbali/video/7582190637160697095,https://www.tiktok.com/@nath_kuliner/video/7605812632351690005
916,MissBar,Badung,5.0,1,Work from Cafe | Vibrant Nightlife,[],Rp 50–150k,Malam jam 7pm+,https://www.google.com/maps/place/MissBar/data=!4m7!3m6!1s0x2dd23939fe5708cb:0xe1359b8c05b4ab5f!8m2!3d-8.5832322!4d115.1730371!16s%2Fg%2F11h64h4qz9!19sChIJywhX_jk50i0RX6u0BYybNeE?authuser=0&hl=id&rclk=1,-8.5832322,115.1730371,,,
917,De Daun Restaurant Indonesian Fusion,Badung,4.5,127,Sunset & View | Work from Cafe | Vibrant Nightlife | Budget Friendly,"['sawah', 'harga', 'jamu', 'pancake', 'service', 'healthy food']",Rp 15–50k,Sunset jam 5–7pm,https://www.google.com/maps/place/De+Daun+Restaurant+Indonesian+Fusion/data=!4m7!3m6!1s0x2dd2474344feb96b:0x1ee499806d27696b!8m2!3d-8.6642045!4d115.1702112!16s%2Fg%2F1pzqvlwp7!19sChIJa7n-RENH0i0Ra2knbYCZ5B4?authuser=0&hl=id&rclk=1,-8.6642045,115.1702112,,,
918,Steak Ajik,Badung,4.8,41,Work from Cafe | Vibrant Nightlife | Budget Friendly,"['harga', 'bumbu', 'lada', 'lalat']",Rp 15–50k,Malam jam 7pm+,https://www.google.com/maps/place/Steak+Ajik/data=!4m7!3m6!1s0x2dd2390076a9e4cb:0xc92c4d530ad3972!8m2!3d-8.5814607!4d115.1747875!16s%2Fg%2F11x13hymjw!19sChIJy-SpdgA50i0RcjmtMNXEkgw?authuser=0&hl=id&rclk=1,-8.5814607,115.1747875,https://www.tiktok.com/@steak.ajik/video/7538658476642356486,https://www.tiktok.com/@steak.ajik/video/7510114732842569016,https://www.tiktok.com/@steak.ajik/video/7518262323316870456
919,Warung Geben,Badung,4.4,66,Work from Cafe | Vibrant Nightlife | Budget Friendly,"['harga', 'chinese food', 'babinya', 'pelayanan']",Rp 15–50k,Malam jam 7pm+,https://www.google.com/maps/place/Warung+Geben/data=!4m7!3m6!1s0x2dd2392d76636363:0xd472046107c7ad7a!8m2!3d-8.6024085!4d115.185954!16s%2Fg%2F11df81538g!19sChIJY2Njdi050i0Req3HB2EEctQ?authuser=0&hl=id&rclk=1,-8.6024085,115.185954,,,
920,Gula Bali The Joglo,Badung,4.6,2802,Work from Cafe | Vibrant Nightlife,"['tipat', 'salju', 'rujak kuah pindang', 'jajanan', 'singkong', 'es teler']",Rp 80–200k,Malam jam 7pm+,https://www.google.com/maps/place/Gula+Bali+The+Joglo/data=!4m7!3m6!1s0x2dd246ca69514b13:0x1e4cbaf9556254dc!8m2!3d-8.7120571!4d115.1849614!16s%2Fg%2F11cjmcppft!19sChIJE0tRacpG0i0R3FRiVfm6TB4?authuser=0&hl=id&rclk=1,-8.7120571,115.1849614,https://www.tiktok.com/@balimaknyus/video/7584053776110210312,https://www.tiktok.com/@balihints/video/7554710683515096331,https://www.tiktok.com/@hi.seekers/video/7582449005695831316
921,Warung The Ulam,Badung,4.1,345,Sunset & View | Work from Cafe | Vibrant Nightlife | Budget Friendly,"['harga', 'kerang', 'sawah', 'seafood', 'sambal', 'service']",Rp 15–50k,Sunset jam 5–7pm,https://www.google.com/maps/place/Warung+The+Ulam/data=!4m7!3m6!1s0x2dd2384a1b099a2d:0x37f72a9e48f35920!8m2!3d-8.6207031!4d115.118354!16s%2Fg%2F11f2rxhdjx!19sChIJLZoJG0o40i0RIFnzSJ4q9zc?authuser=0&hl=id&rclk=1,-8.6207031,115.118354,https://www.tiktok.com/@baliwonderfood/video/7525705969930669330,https://www.tiktok.com/@warungulamulam/video/7625931915270376722,https://www.tiktok.com/@warungulamulam/video/7627757481107770631
922,Pasar Badung,Badung,4.5,18229,General Chill,"['restoran', 'transportasi umum', 'atm', 'eskalator', 'tawar menawar', 'souvenir']",Rp 80–200k,Lunch atau dinner,https://www.google.com/maps/place/Pasar+Badung/data=!4m7!3m6!1s0x2dd240a20b08cb11:0xc0600ec21e227e5e!8m2!3d-8.6564332!4d115.2124899!16s%2Fg%2F11bbrg28hl!19sChIJEcsIC6JA0i0RXn4iHsIOYMA?authuser=0&hl=id&rclk=1,-8.6564332,115.2124899,https://www.tiktok.com/@homenyaumie/video/7631462413392416020,https://www.tiktok.com/@andrianto_9525/video/7606645718681505031,https://www.tiktok.com/@desakmadertns/video/7612889448505789717
923,Dapur Setia,Badung,4.3,56,Work from Cafe | Vibrant Nightlife,['nasi goreng'],Rp 50–150k,Malam jam 7pm+,https://www.google.com/maps/place/Dapur+Setia/data=!4m7!3m6!1s0x2dd2391b98c51639:0xd6fb8ad461bf0347!8m2!3d-8.6211819!4d115.1393345!16s%2Fg%2F11h749zkl5!19sChIJORbFmBs50i0RRwO_YdSK-9Y?authuser=0&hl=id&rclk=1,-8.6211819,115.1393345,https://www.tiktok.com/@naniksdeyang/video/7627351032334388487,,
924,Pondok Capcay Lukluk,Badung,4.3,414,Work from Cafe | Vibrant Nightlife | Budget Friendly,"['harga', 'chinese food', 'jamur', 'babi', 'pelayanan', 'enak']",Rp 15–50k,Malam jam 7pm+,https://www.google.com/maps/place/Pondok+Capcay+Lukluk/data=!4m7!3m6!1s0x2dd2394a8e06e9ad:0x3b3a9d74161d6ac3!8m2!3d-8.5902576!4d115.1869646!16s%2Fg%2F11gdrdtq3d!19sChIJrekGjko50i0Rw2odFnSdOjs?authuser=0&hl=id&rclk=1,-8.5902576,115.1869646,,,
925,Kaemon Bali (Munggu),Badung,4.4,301,Sunset & View | Work from Cafe | Vibrant Nightlife | Budget Friendly,"['harga', 'sunset', 'pantai', 'makizushi', 'gyoza', 'alpukat']",Rp 15–50k,Sunset jam 5–7pm,https://www.google.com/maps/place/Kaemon+Bali+%28Munggu%29/data=!4m7!3m6!1s0x2dd238767dabd52d:0x7749b1af78758092!8m2!3d-8.6350679!4d115.1214543!16s%2Fg%2F11cjh_bn62!19sChIJLdWrfXY40i0RkoB1eK-xSXc?authuser=0&hl=id&rclk=1,-8.6350679,115.1214543,https://www.tiktok.com/@kaemonbali/video/7510445938603904312,https://www.tiktok.com/@kaemonbali/video/7520120471015230725,https://www.tiktok.com/@kaemonbali/video/7539757280707792133
926,Sunny16 Cafe - Fontana Hotel,Badung,4.3,764,Work from Cafe | Vibrant Nightlife | Budget Friendly,"['harga', 'service', 'meeting', 'donatnya', 'nyamuk', 'santai']",Rp 15–50k,Malam jam 7pm+,https://www.google.com/maps/place/Sunny16+Cafe+-+Fontana+Hotel/data=!4m7!3m6!1s0x2dd246cff4c3cb63:0x3fa4636bf5d607c7!8m2!3d-8.7044649!4d115.1772928!16s%2Fg%2F1ptx0kd6f!19sChIJY8vD9M9G0i0RxwfW9WtjpD8?authuser=0&hl=id&rclk=1,-8.7044649,115.1772928,https://www.tiktok.com/@erik_samosir/video/7630841523692702997,https://www.tiktok.com/@spillbyrahma/video/7539537264431385874,https://www.tiktok.com/@mbtech_indonesia/video/7348731097175543046
927,Lalah manis kapal,Badung,5.0,15,Work from Cafe | Vibrant Nightlife,[],Rp 50–150k,Malam jam 7pm+,https://www.google.com/maps/place/Lalah+manis+kapal/data=!4m7!3m6!1s0x2dd2390fed605769:0xc608bdde3577a979!8m2!3d-8.5777876!4d115.1774285!16s%2Fg%2F11rn_hq1zr!19sChIJaVdg7Q850i0Real3Nd69CMY?authuser=0&hl=id&rclk=1,-8.5777876,115.1774285,https://www.tiktok.com/@wayanardika376/video/7630753197631606024,https://www.tiktok.com/@kaajeee/video/7417100016688352518,https://www.tiktok.com/@dekyong28/video/7028444386555956506
928,Warung Sawah Sawah,Badung,4.1,418,Sunset & View | Family Friendly | Work from Cafe | Vibrant Nightlife | Budget Friendly,"['harga', 'gurami', 'sejuk', 'persawahan', 'pemandangan', 'goreng']",Rp 15–50k,Sunset jam 5–7pm,https://www.google.com/maps/place/Warung+Sawah+Sawah/data=!4m7!3m6!1s0x2dd223466a307357:0x2ae872e0c2ff6c4c!8m2!3d-8.4945353!4d115.2098996!16s%2Fg%2F11c58l6svn!19sChIJV3MwakYj0i0RTGz_wuBy6Co?authuser=0&hl=id&rclk=1,-8.4945353,115.2098996,https://www.tiktok.com/@warungsawahsawahsangeh/video/7556939615395925304,https://www.tiktok.com/@creativejr/video/7597440004230515988,https://www.tiktok.com/@visit.westbali/video/7627269965271551253
929,Dijon Bali | Shop | Cafe | Catering,Badung,4.6,1652,Work from Cafe | Vibrant Nightlife,"['healthy food', 'dinner', 'delikatesen', 'lamb', 'tiramisu', 'bandara']",Rp 80–200k,Malam jam 7pm+,https://www.google.com/maps/place/Dijon+Bali+%7C+Shop+%7C+Cafe+%7C+Catering/data=!4m7!3m6!1s0x2dd246b173f891fb:0xdadceafb6cedb00d!8m2!3d-8.72055!4d115.182632!16s%2Fg%2F11h0kpd7_!19sChIJ-5H4c7FG0i0RDbDtbPvq3No?authuser=0&hl=id&rclk=1,-8.72055,115.182632,https://www.tiktok.com/@balicoffeehunting/video/7277758719235050757,https://www.tiktok.com/@pocutnadiva/video/7501633232266349830,https://www.tiktok.com/@ayik.kepalasukuku/video/7478516765492841733
930,Lalapan b'ten bingin,Badung,5.0,3,Work from Cafe | Vibrant Nightlife,[],Rp 50–150k,Malam jam 7pm+,https://www.google.com/maps/place/Lalapan+b%27ten+bingin/data=!4m7!3m6!1s0x2dd2390d1171d11b:0xe3f7d9b1024af687!8m2!3d-8.5866483!4d115.1795836!16s%2Fg%2F11t30hpkqm!19sChIJG9FxEQ050i0Rh_ZKArHZ9-M?authuser=0&hl=id&rclk=1,-8.5866483,115.1795836,,,
931,Bamboo Coffee,Badung,4.5,111,Family Friendly | Work from Cafe | Vibrant Nightlife,"['playground', 'rice', 'pelayanan', 'pork ribs', 'gurame', 'rindang']",Rp 50–150k,Malam jam 7pm+,https://www.google.com/maps/place/Bamboo+Coffee/data=!4m7!3m6!1s0x2dd239b5718beb27:0x658998d97773bde5!8m2!3d-8.6077157!4d115.1723125!16s%2Fg%2F11nmspdw9w!19sChIJJ-uLcbU50i0R5b1zd9mYiWU?authuser=0&hl=id&rclk=1,-8.6077157,115.1723125,https://www.tiktok.com/@baliwonderfood/video/7602534817044991252,https://www.tiktok.com/@fannyfacely/video/7576471097131011349,
932,Lalah Manis Babi Guling,Badung,4.6,8,Work from Cafe | Vibrant Nightlife,[],Rp 50–150k,Malam jam 7pm+,https://www.google.com/maps/place/Lalah+Manis+Babi+Guling/data=!4m7!3m6!1s0x2dd239a0507f008f:0xca894f0db20ac7e3!8m2!3d-8.578927!4d115.1762504!16s%2Fg%2F11f65hwr73!19sChIJjwB_UKA50i0R48cKsg1Pico?authuser=0&hl=id&rclk=1,-8.578927,115.1762504,https://www.tiktok.com/@kadeksuardika75/video/7606318673988504839,https://www.tiktok.com/@wayan.suparta72/video/7614707397205986568,https://www.tiktok.com/@agunggongs/video/7621113663482514708
933,Surya rasa,Badung,4.0,4,Work from Cafe | Vibrant Nightlife,[],Rp 30–100k,Malam jam 7pm+,https://www.google.com/maps/place/Surya+rasa/data=!4m7!3m6!1s0x2dd2395092b8fb3b:0xcac3e39b3c79e5bc!8m2!3d-8.5802558!4d115.181056!16s%2Fg%2F11pv2_1y0f!19sChIJO_u4klA50i0RvOV5PJvjw8o?authuser=0&hl=id&rclk=1,-8.5802558,115.181056,,,
934,Wr. Nasi Lukluk (WNL),Badung,4.4,1207,Work from Cafe | Vibrant Nightlife,"['babi', 'lawar', 'warung', 'kuah', 'lauk', 'sapi']",Rp 50–150k,Malam jam 7pm+,https://www.google.com/maps/place/Wr.+Nasi+Lukluk+%28WNL%29/data=!4m7!3m6!1s0x2dd2393318aff1d5:0x47c7f91a84640fda!8m2!3d-8.5817277!4d115.1878247!16s%2Fg%2F1pzw8hgzl!19sChIJ1fGvGDM50i0R2g9khBr5x0c?authuser=0&hl=id&rclk=1,-8.5817277,115.1878247,https://www.tiktok.com/@alithermawan7/video/7392912847870774534,https://www.tiktok.com/@biancagoenawan/video/7300903450097831173,https://www.tiktok.com/@kulinerbattle/video/7025357181738355994
935,Nasi Pecel Bu Tinuk,Badung,4.2,7365,Work from Cafe | Vibrant Nightlife,"['halal', 'music', 'peyek', 'bumbu pecel', 'sate lilit', 'sayur']",Rp 30–100k,Malam jam 7pm+,https://www.google.com/maps/place/Nasi+Pecel+Bu+Tinuk/data=!4m7!3m6!1s0x2dd24404ecad42a5:0x436f48b9fb500583!8m2!3d-8.7332138!4d115.1777662!16s%2Fg%2F1jkz4nn35!19sChIJpUKt7ARE0i0RgwVQ-7lIb0M?authuser=0&hl=id&rclk=1,-8.7332138,115.1777662,https://www.tiktok.com/@melrose_beauty/video/7536426880153472261,https://www.tiktok.com/@ade_jihan83/video/7532394837081902341,https://www.tiktok.com/@coba.makan_/video/7558405704885882120
936,Rumah Makan Taliwang Bersaudara,Badung,4.2,1746,Work from Cafe | Vibrant Nightlife,"['ayam taliwang', 'plecing', 'masjid', 'ayam bakar', 'pelayanan', 'ekor']",Rp 30–100k,Malam jam 7pm+,https://www.google.com/maps/place/Rumah+Makan+Taliwang+Bersaudara/data=!4m7!3m6!1s0x2dd246b643078cf3:0x90fb3bd85debe30!8m2!3d-8.71506!4d115.181295!16s%2Fg%2F1hm4qypnz!19sChIJ84wHQ7ZG0i0RML7ehb2zDwk?authuser=0&hl=id&rclk=1,-8.71506,115.181295,https://www.tiktok.com/@kulikmakanan/video/7563939348362644754,https://www.tiktok.com/@deprianthony/video/7627318395318439188,https://www.tiktok.com/@sengkunblackdog_channel/video/7577272466695933200
937,Warung A3,Badung,5.0,2,Work from Cafe | Vibrant Nightlife,[],Rp 50–150k,Malam jam 7pm+,https://www.google.com/maps/place/Warung+A3/data=!4m7!3m6!1s0x2dd239b760c8831f:0x2c520a1a161e992!8m2!3d-8.5762937!4d115.178067!16s%2Fg%2F11fn8fb732!19sChIJH4PIYLc50i0RkulhoaEgxQI?authuser=0&hl=id&rclk=1,-8.5762937,115.178067,https://www.tiktok.com/@andims37/video/7567548515941993746,https://www.tiktok.com/@indahmegapratiwi_/video/7561297626293996812,https://www.tiktok.com/@kulinerdenpasar/video/7593621483914644757
938,New Gopal-dev,Badung,4.8,47,Work from Cafe | Vibrant Nightlife,['vegan'],Rp 50–150k,Malam jam 7pm+,https://www.google.com/maps/place/New+Gopal-dev/data=!4m7!3m6!1s0x2dd23c1fd584d6c5:0xc1c50e2659912d3!8m2!3d-8.5695214!4d115.209924!16s%2Fg%2F11c6ygvt6z!19sChIJxdaE1R880i0R0xKZZeJQHAw?authuser=0&hl=id&rclk=1,-8.5695214,115.209924,,,
939,Livingstone Seminyak,Badung,4.8,13446,Work from Cafe | Vibrant Nightlife,"['nasi goreng kampung', 'salmon benedict', 'klepon', 'alpukat mengapung', 'tiramisu frappé', 'nasi goreng babi']",Rp 150–400k,Malam jam 7pm+,https://www.google.com/maps/place/Livingstone+Seminyak/data=!4m7!3m6!1s0x2dd2476b0442eabf:0xe817ee4f920738b6!8m2!3d-8.6717861!4d115.1614222!16s%2Fg%2F1ptw9jd64!19sChIJv-pCBGtH0i0RtjgHkk_uF-g?authuser=0&hl=id&rclk=1,-8.6717861,115.1614222,https://www.tiktok.com/@thebaliguideline/video/7509427875553070342,https://www.tiktok.com/@imrealisticallytired/video/7627450049835846933,https://www.tiktok.com/@upperroom.bali/video/7619251930870697223
940,Warung Bu Badung,Badung,4.2,306,Work from Cafe | Vibrant Nightlife,"['kare', 'tipat', 'salak', 'rujak', 'sabar', 'manis']",Rp 30–100k,Malam jam 7pm+,https://www.google.com/maps/place/Warung+Bu+Badung/data=!4m7!3m6!1s0x2dd23fd5893e87f3:0xb517194f87463f65!8m2!3d-8.606771!4d115.2832572!16s%2Fg%2F11f3sm1h66!19sChIJ84c-idU_0i0RZT9Gh08ZF7U?authuser=0&hl=id&rclk=1,-8.606771,115.2832572,https://www.tiktok.com/@maderujak21/video/7498912100862086406,https://www.tiktok.com/@safrudinfamily/video/7528679699581750546,https://www.tiktok.com/@sisusahkenyang/video/7293831465341652230
941,BlackRock Reserve,Badung,4.9,370,Sunset & View | Work from Cafe | Vibrant Nightlife,"['croissant', 'cafe', 'minuman', 'sawah', 'nasi goreng', 'atmosphere']",Rp 50–150k,Sunset jam 5–7pm,https://www.google.com/maps/place/BlackRock+Reserve/data=!4m7!3m6!1s0x2dd24727ba2923b9:0x1954833b1de042f1!8m2!3d-8.6632925!4d115.1683252!16s%2Fg%2F11v3fz8hvb!19sChIJuSMpuidH0i0R8ULgHTuDVBk?authuser=0&hl=id&rclk=1,-8.6632925,115.1683252,https://www.tiktok.com/@blackrock.indonesia/video/7609236024580967687,https://www.tiktok.com/@blackrock.indonesia/video/7611072686055345416,https://www.tiktok.com/@blackrock.indonesia/video/7615842125938281746
942,Bread Yard - Seminyak,Badung,4.8,5175,Work from Cafe | Vibrant Nightlife,"['desi', 'awan', 'adi', 'salmon asap rosti', 'croissant almond', 'roti lapis focaccia']",Rp 150–400k,Malam jam 7pm+,https://www.google.com/maps/place/Bread+Yard+-+Seminyak/data=!4m7!3m6!1s0x2dd247524f5e984b:0xa9a7a4316e698b34!8m2!3d-8.6831013!4d115.1645853!16s%2Fg%2F11vww5rds9!19sChIJS5heT1JH0i0RNItpbjGkp6k?authuser=0&hl=id&rclk=1,-8.6831013,115.1645853,https://www.tiktok.com/@afnipurnamaa/video/7635863116978539783,https://www.tiktok.com/@duaperut/video/7572186071249816850,https://www.tiktok.com/@alexeatsglobal/video/7588052844817730836
943,Warung Senja Bali,Badung,4.9,37,Work from Cafe | Vibrant Nightlife,[],Rp 50–150k,Malam jam 7pm+,https://www.google.com/maps/place/Warung+Senja+Bali/data=!4m7!3m6!1s0x2dd239d2c6a6e1c5:0x23876349ec9f1b38!8m2!3d-8.5851887!4d115.1739789!16s%2Fg%2F11j8gh5m4h!19sChIJxeGmxtI50i0ROBuf7EljhyM?authuser=0&hl=id&rclk=1,-8.5851887,115.1739789,https://www.tiktok.com/@visit.westbali/video/7529008050011720965,https://www.tiktok.com/@galihdwipayanaaaa/video/7622970573106220306,https://www.tiktok.com/@billlsday/video/7616234932922436884
944,Sakti Dining Room,Badung,4.5,62,Sunset & View | Work from Cafe | Vibrant Nightlife,"['vegan', 'tanaman', 'salad', 'bahan', 'sungai', 'makan malam']",Rp 50–150k,Sunset jam 5–7pm,https://www.google.com/maps/place/Sakti+Dining+Room/data=!4m7!3m6!1s0x2dd23c43b81af8ef:0x84a86db53bf95e28!8m2!3d-8.5429778!4d115.2169484!16s%2Fg%2F1pzsd9c_j!19sChIJ7_gauEM80i0RKF75O7VtqIQ?authuser=0&hl=id&rclk=1,-8.5429778,115.2169484,,,
945,Warung Nasi Be Genyol 'Bu Edik',Badung,4.6,217,Family Friendly | Work from Cafe | Vibrant Nightlife | Budget Friendly,"['soto', 'harga', 'kuah', 'telur dadar', 'lawar', 'babi']",Rp 15–50k,Malam jam 7pm+,https://www.google.com/maps/place/Warung+Nasi+Be+Genyol+%27Bu+Edik%27/data=!4m7!3m6!1s0x2dd23ec18beb891b:0x7f272a40fc7bfb7b!8m2!3d-8.5943385!4d115.2108316!16s%2Fg%2F11fy97mhpr!19sChIJG4nri8E-0i0Re_t7_EAqJ38?authuser=0&hl=id&rclk=1,-8.5943385,115.2108316,https://www.tiktok.com/@gunturiwayan/video/7633207315876809991,https://www.tiktok.com/@infobalifoodies/video/7599909098791996690,https://www.tiktok.com/@whoiisthisp/video/7593004944786083092
946,warung temusari,Badung,4.4,39,Sunset & View | Work from Cafe | Vibrant Nightlife | Budget Friendly,"['pelayanan', 'sawah', 'harga']",Rp 15–50k,Sunset jam 5–7pm,https://www.google.com/maps/place/warung+temusari/data=!4m7!3m6!1s0x2dd239451bb81057:0x1c973dd2262ab12!8m2!3d-8.5863193!4d115.1732037!16s%2Fg%2F11gbxby7rh!19sChIJVxC4G0U50i0REqtiIt1zyQE?authuser=0&hl=id&rclk=1,-8.5863193,115.1732037,,,
947,Pison Coffee - Petitenget,Badung,4.6,4985,Work from Cafe | Vibrant Nightlife,"['fried rice', 'valet', 'pork belly', 'band', 'tinta cumi', 'buntut']",Rp 80–200k,Malam jam 7pm+,https://www.google.com/maps/place/Pison+Coffee+-+Petitenget/data=!4m7!3m6!1s0x2dd2476b68a1e08f:0xba15c1642f13d144!8m2!3d-8.6726601!4d115.160101!16s%2Fg%2F11b70khnwh!19sChIJj-ChaGtH0i0RRNETL2TBFbo?authuser=0&hl=id&rclk=1,-8.6726601,115.160101,https://www.tiktok.com/@kokokevvv/video/7562168172795792661,https://www.tiktok.com/@pison.id/video/7636997280804982024,https://www.tiktok.com/@pison.id/video/7621758972374043912
948,Masakan Padang asli tiga putri satu putra,Badung,5.0,1,Work from Cafe | Vibrant Nightlife,[],Rp 50–150k,Malam jam 7pm+,https://www.google.com/maps/place/Masakan+Padang+asli+tiga+putri+satu+putra/data=!4m7!3m6!1s0x2dd23900079adcff:0xad9b2f6c84b3f9a9!8m2!3d-8.5768145!4d115.1794074!16s%2Fg%2F11m5qqjgpf!19sChIJ_9yaBwA50i0RqfmzhGwvm60?authuser=0&hl=id&rclk=1,-8.5768145,115.1794074,https://www.tiktok.com/@madiunfoodtrip/video/7627372576456576264,https://www.tiktok.com/@bangdodo.id/video/7549051700238109957,https://www.tiktok.com/@rmcintominang/video/7507203947640393016
949,RM. Sari Minang 1,Badung,5.0,1,Work from Cafe | Vibrant Nightlife,[],Rp 50–150k,Malam jam 7pm+,https://www.google.com/maps/place/RM.+Sari+Minang+1/data=!4m7!3m6!1s0x2dd2395167277249:0xb6e04c347e879968!8m2!3d-8.5778207!4d115.1825812!16s%2Fg%2F11gdtw9k6s!19sChIJSXInZ1E50i0RaJmHfjRM4LY?authuser=0&hl=id&rclk=1,-8.5778207,115.1825812,https://www.tiktok.com/@rmsariminang.0/video/7590681516120804626,https://www.tiktok.com/@kamarulazhar58/video/7533645284530801976,https://www.tiktok.com/@rmsarimimang/video/7530851064170482965
950,Warung Berkah 99,Badung,4.3,3,Work from Cafe | Vibrant Nightlife,[],Rp 50–150k,Malam jam 7pm+,https://www.google.com/maps/place/Warung+Berkah+99/data=!4m7!3m6!1s0x2dd239febb8ec2cb:0x1926e481506ed530!8m2!3d-8.5835227!4d115.1804514!16s%2Fg%2F11g4hdslry!19sChIJy8KOu_450i0RMNVuUIHkJhk?authuser=0&hl=id&rclk=1,-8.5835227,115.1804514,https://www.tiktok.com/@su.si521/video/7505977593976343863,,
951,Sate Babi Tut Narutto,Badung,4.6,269,Family Friendly | Work from Cafe | Vibrant Nightlife | Budget Friendly,"['harganya', 'pohon', 'sate babi', 'luas', 'babinya', 'perjalanan']",Rp 15–50k,Malam jam 7pm+,https://www.google.com/maps/place/Sate+Babi+Tut+Narutto/data=!4m7!3m6!1s0x2dd2395aec850de1:0xe9f350581e456e65!8m2!3d-8.5794836!4d115.1761872!16s%2Fg%2F11c5sb0sdm!19sChIJ4Q2F7Fo50i0RZW5FHlhQ8-k?authuser=0&hl=id&rclk=1,-8.5794836,115.1761872,https://www.tiktok.com/@tamago.62/video/7434752782965476626,https://www.tiktok.com/@udamakanbelom_/video/7616678566226316565,https://www.tiktok.com/@nyatebali_satekasbali/video/7586300971634920711
952,Warung Murah JaPang,Badung,4.7,239,Work from Cafe | Vibrant Nightlife | Budget Friendly,"['makan siang', 'harga', 'enak', 'halal', 'namanya', 'masakan indonesia']",Rp 15–50k,Malam jam 7pm+,https://www.google.com/maps/place/Warung+Murah+JaPang/data=!4m7!3m6!1s0x2dd246da857573a1:0xe7fb1e4d72f0b01!8m2!3d-8.7013125!4d115.1764375!16s%2Fg%2F11bzrdzsz4!19sChIJoXN1hdpG0i0RAQsv1-Sxfw4?authuser=0&hl=id&rclk=1,-8.7013125,115.1764375,https://www.tiktok.com/@creativejr/video/7594608582536989973,https://www.tiktok.com/@balieat/video/7568185804925750549,
953,Nasi Goreng Mas Anto,Badung,5.0,4,Work from Cafe | Vibrant Nightlife,[],Rp 50–150k,Malam jam 7pm+,https://www.google.com/maps/place/Nasi+Goreng+Mas+Anto/data=!4m7!3m6!1s0x2dd239003ae83365:0x6ac4c340d1061e0f!8m2!3d-8.5848816!4d115.1799307!16s%2Fg%2F11xffwdyr3!19sChIJZTPoOgA50i0RDx4G0UDDxGo?authuser=0&hl=id&rclk=1,-8.5848816,115.1799307,https://www.tiktok.com/@grobak.mas.anto/video/7537336044799134982,https://www.tiktok.com/@rasasedjaya.id/video/7636259953270902036,https://www.tiktok.com/@naufal.jabbar26/video/7510199937624444165
954,Warung Bagul Ayu Lais,Badung,5.0,3,Work from Cafe | Vibrant Nightlife,[],Rp 50–150k,Malam jam 7pm+,https://www.google.com/maps/place/Warung+Bagul+Ayu+Lais/data=!4m7!3m6!1s0x2dd239780344debd:0x1ed5a60e8f25e16b!8m2!3d-8.5825754!4d115.1805464!16s%2Fg%2F11ry71p977!19sChIJvd5EA3g50i0Ra-Eljw6m1R4?authuser=0&hl=id&rclk=1,-8.5825754,115.1805464,https://www.tiktok.com/@dwarungrujaklais/video/7597361346912537874,,
955,Waroeng Kuli,Badung,5.0,8,Work from Cafe | Vibrant Nightlife,[],Rp 50–150k,Malam jam 7pm+,https://www.google.com/maps/place/Waroeng+Kuli/data=!4m7!3m6!1s0x2dd239afa788d16b:0xacf8d62ba3c13528!8m2!3d-8.5854871!4d115.1736595!16s%2Fg%2F11svblrvmp!19sChIJa9GIp6850i0RKDXBoyvW-Kw?authuser=0&hl=id&rclk=1,-8.5854871,115.1736595,https://www.tiktok.com/@haibali.byniwul/video/7569988786751294727,,
956,Sunset Bloom Restaurant,Gianyar,4.7,32,Work from Cafe | Vibrant Nightlife,"['sarapan', 'prasmanan', 'petang']",Rp 50–150k,Malam jam 7pm+,https://www.google.com/maps/place/Sunset+Bloom+Restaurant/data=!4m7!3m6!1s0x2dd215973b126801:0x1c3a621bbb2f0914!8m2!3d-8.5932865!4d115.2937198!16s%2Fg%2F11y6lnxjmq!19sChIJAWgSO5cV0i0RFAkvuxtiOhw?authuser=0&hl=id&rclk=1,-8.5932865,115.2937198,https://www.tiktok.com/@swanparadisebali/video/7581112250014928149,https://www.tiktok.com/@swanparadisebali/video/7494896880480996663,https://www.tiktok.com/@susiana.evy/video/7572946873435065620
957,Warung Bu Agung Gianyar,Gianyar,4.6,10,Work from Cafe | Vibrant Nightlife,[],Rp 50–150k,Malam jam 7pm+,https://www.google.com/maps/place/Warung+Bu+Agung+Gianyar/data=!4m7!3m6!1s0x2dd21660ed62e7b3:0x8048c00b7b9c898e!8m2!3d-8.542324!4d115.3274432!16s%2Fg%2F11gfcx9_91!19sChIJs-di7WAW0i0RjomcewvASIA?authuser=0&hl=id&rclk=1,-8.542324,115.3274432,https://www.tiktok.com/@auraaasmara/video/7553986298965708043,https://www.tiktok.com/@dwisetijowidodo/video/7061761725716073754,https://www.tiktok.com/@agungerlambang1/video/7570721735629229320
958,Harum Manis Eatery & Lounge,Gianyar,4.6,166,Sunset & View | Family Friendly | Work from Cafe | Vibrant Nightlife | Budget Friendly,"['harga', 'sawah', 'playground', 'atmosphere', 'pizza', 'nasi goreng']",Rp 15–50k,Sunset jam 5–7pm,https://www.google.com/maps/place/Harum+Manis+Eatery+%26+Lounge/data=!4m7!3m6!1s0x2dd2157fe1c4c72f:0x4eaabaa08e386641!8m2!3d-8.6050313!4d115.3139346!16s%2Fg%2F11rkp16xnl!19sChIJL8fE4X8V0i0RQWY4jqC6qk4?authuser=0&hl=id&rclk=1,-8.6050313,115.3139346,https://www.tiktok.com/@dewi_mart9/video/7534583368420183302,https://www.tiktok.com/@moh.bilal13/video/7589200759204416776,
959,Warung Tepi Sari,Gianyar,4.6,401,Sunset & View | Work from Cafe | Vibrant Nightlife,"['sawah', 'service', 'atmosphere', 'sarapan', 'makanan lokal', 'nasi goreng']",Rp 50–150k,Sunset jam 5–7pm,https://www.google.com/maps/place/Warung+Tepi+Sari/data=!4m7!3m6!1s0x2dd23d5647970e1f:0xcfabe70605765306!8m2!3d-8.4903119!4d115.2823015!16s%2Fg%2F11cs3_kx87!19sChIJHw6XR1Y90i0RBlN2BQbnq88?authuser=0&hl=id&rclk=1,-8.4903119,115.2823015,https://www.tiktok.com/@warungtepisawah28/video/7549443904249056568,https://www.tiktok.com/@warungjoglotepisawah1/video/7637159220105973012,https://www.tiktok.com/@warungmesaribali/video/7521268153951767813
960,Warung d'tukad,Gianyar,4.9,165,Work from Cafe | Vibrant Nightlife | Budget Friendly,"['air terjun', 'harga', 'pizza', 'tuna panggang', 'mie goreng', 'bebek peking']",Rp 15–50k,Malam jam 7pm+,https://www.google.com/maps/place/Warung+d%27tukad/data=!4m7!3m6!1s0x2dd217e2916a951f:0xe94e9c90e6ae5626!8m2!3d-8.5319397!4d115.3320739!16s%2Fg%2F11fkyxdhms!19sChIJH5VqkeIX0i0RJlau5pCcTuk?authuser=0&hl=id&rclk=1,-8.5319397,115.3320739,,,
961,Warung Ting Ting,Gianyar,4.2,351,Family Friendly | Work from Cafe | Vibrant Nightlife | Budget Friendly,"['harga', 'luas', 'mujair', 'makanan lokal', 'masakan indonesia', 'wifi']",Rp 15–50k,Malam jam 7pm+,https://www.google.com/maps/place/Warung+Ting+Ting/data=!4m7!3m6!1s0x2dd216696bb6d2c9:0xe1b8bff3452e6299!8m2!3d-8.5456557!4d115.3146505!16s%2Fg%2F11ddwht2bp!19sChIJydK2a2kW0i0RmWIuRfO_uOE?authuser=0&hl=id&rclk=1,-8.5456557,115.3146505,https://www.tiktok.com/@seblaktingting/video/7606644033481346312,https://www.tiktok.com/@wrtingting/video/7638536979851857172,https://www.tiktok.com/@adel.laksmi/video/7633415994639174930
962,Babi Guling Diirr,Gianyar,4.5,114,Work from Cafe | Vibrant Nightlife | Budget Friendly,"['harga', 'bumbu', 'nasi', 'sore', 'pelayanan', 'penjualnya']",Rp 15–50k,Malam jam 7pm+,https://www.google.com/maps/place/Babi+Guling+Diirr/data=!4m7!3m6!1s0x2dd217d818de0a5f:0xbbdfe51eef5ad03e!8m2!3d-8.5366715!4d115.3341156!16s%2Fg%2F11smlmr2hh!19sChIJXwreGNgX0i0RPtBa7x7l37s?authuser=0&hl=id&rclk=1,-8.5366715,115.3341156,https://www.tiktok.com/@browku__/video/7549019791781055800,https://www.tiktok.com/@pikenzo23/video/7592204113341926664,https://www.tiktok.com/@pikenzo23/video/7609672702319774994
963,Warung Cak Polo,Gianyar,4.8,159,Work from Cafe | Vibrant Nightlife | Budget Friendly,"['harga', 'bumbu', 'seafood', 'sapo tahu', 'halal', 'udang']",Rp 15–50k,Malam jam 7pm+,https://www.google.com/maps/place/Warung+Cak+Polo/data=!4m7!3m6!1s0x2dd2166430765db1:0xf7efb77522e36f85!8m2!3d-8.5472793!4d115.3230111!16s%2Fg%2F11f3w6kc5v!19sChIJsV12MGQW0i0RhW_jInW37_c?authuser=0&hl=id&rclk=1,-8.5472793,115.3230111,https://www.tiktok.com/@erlinnn.eyinnn/video/7629751049447869704,https://www.tiktok.com/@mycakdoell/video/7608722187675094293,
964,Pangsit Cwiemie Ayam Malang CAK AZIS,Gianyar,4.7,196,Work from Cafe | Vibrant Nightlife | Budget Friendly,"['harga', 'nasi goreng', 'bakso', 'pesan', 'cwie mie', 'juara']",Rp 15–50k,Malam jam 7pm+,https://www.google.com/maps/place/Pangsit+Cwiemie+Ayam+Malang+CAK+AZIS/data=!4m7!3m6!1s0x2dd217f464472bc5:0xae66d13f9171ba67!8m2!3d-8.5454776!4d115.3228204!16s%2Fg%2F11hnw7sjc9!19sChIJxStHZPQX0i0RZ7pxkT_RZq4?authuser=0&hl=id&rclk=1,-8.5454776,115.3228204,https://www.tiktok.com/@restocakazis/video/7269978954314943749,https://www.tiktok.com/@dianmaharanimakeup/video/7628464329284685064,https://www.tiktok.com/@lisabuana01/video/7531247725237521669
965,Warung Be Paseh Lebih,Gianyar,4.5,401,Sunset & View | Work from Cafe | Vibrant Nightlife,"['pantai', 'nasi', 'kepala ikan', 'bumbu', 'sambal', 'bakso ikan']",Rp 50–150k,Sunset jam 5–7pm,https://www.google.com/maps/place/Warung+Be+Paseh+Lebih/data=!4m7!3m6!1s0x2dd2146aa4295df9:0xa7499c35fb09b54e!8m2!3d-8.5802736!4d115.3552138!16s%2Fg%2F11f08dcp3v!19sChIJ-V0ppGoU0i0RTrUJ-zWcSac?authuser=0&hl=id&rclk=1,-8.5802736,115.3552138,https://www.tiktok.com/@kanmakansakmasak/video/7411308987427114245,https://www.tiktok.com/@seduksekali/video/7368461660610202886,https://www.tiktok.com/@agus.muliana50/video/7480132636334230839
966,Ayam Taliwang,Gianyar,4.3,1689,Work from Cafe | Vibrant Nightlife,"['plecing', 'pedas', 'bumbu', 'sambalnya', 'ayam bakar', 'sate']",Rp 50–150k,Malam jam 7pm+,https://www.google.com/maps/place/Ayam+Taliwang/data=!4m7!3m6!1s0x2dd2168b3aad88ab:0xfec9a0bc84da5065!8m2!3d-8.5410975!4d115.3349461!16s%2Fg%2F11bwptnnrr!19sChIJq4itOosW0i0RZVDahLygyf4?authuser=0&hl=id&rclk=1,-8.5410975,115.3349461,https://www.tiktok.com/@agitalifia/video/7609143930868763924,https://www.tiktok.com/@deprianthony/video/7624706364421541140,https://www.tiktok.com/@gekcantik25/video/7489819923342953746
967,Kober Mie Bali - Gianyar,Gianyar,4.0,1266,Family Friendly | Work from Cafe | Vibrant Nightlife,"['kasir', 'luas', 'pesan', 'udang', 'dimsum', 'pelayanan']",Rp 30–100k,Malam jam 7pm+,https://www.google.com/maps/place/Kober+Mie+Bali+-+Gianyar/data=!4m7!3m6!1s0x2dd217968f8ccebf:0x6b1d51ea515b6c73!8m2!3d-8.5406943!4d115.3179811!16s%2Fg%2F11hn8qns8_!19sChIJv86Mj5YX0i0Rc2xbUepRHWs?authuser=0&hl=id&rclk=1,-8.5406943,115.3179811,https://www.tiktok.com/@ayundah24/video/7565852596385172744,https://www.tiktok.com/@medyanahardantii/video/7566869992369622280,https://www.tiktok.com/@balineseinfo/video/7573908953369709832
968,Lesehan Yani,Gianyar,4.4,177,Sunset & View | Work from Cafe | Vibrant Nightlife | Budget Friendly,"['harga', 'bumbu', 'bali', 'sate', 'sop ikan', 'pesan']",Rp 15–50k,Sunset jam 5–7pm,https://www.google.com/maps/place/Lesehan+Yani/data=!4m7!3m6!1s0x2dd2146aa226a8c9:0x9f7c5a26a5125e55!8m2!3d-8.5808003!4d115.3552244!16s%2Fg%2F11cmytxyb6!19sChIJyagmomoU0i0RVV4SpSZafJ8?authuser=0&hl=id&rclk=1,-8.5808003,115.3552244,https://www.tiktok.com/@pikenzo23/video/7605539455188962578,https://www.tiktok.com/@mai_melali_yuk/video/7629705646429981973,https://www.tiktok.com/@lesehan_yani/video/7574805496226499860
969,Tangelo Bali,Gianyar,4.9,149,Sunset & View | Work from Cafe | Vibrant Nightlife | Romantic & Cozy,"['pilihan', 'culinary', 'petang', 'sarapan', 'presentasi', 'romantis']",Rp 50–150k,Sunset jam 5–7pm,https://www.google.com/maps/place/Tangelo+Bali/data=!4m7!3m6!1s0x2dd21fa09b282ce7:0x338d4153fbfc640e!8m2!3d-8.3897293!4d115.2963637!16s%2Fg%2F11ksryx5nd!19sChIJ5ywom6Af0i0RDmT8-1NBjTM?authuser=0&hl=id&rclk=1,-8.3897293,115.2963637,https://www.tiktok.com/@thebaliguideline/video/7518947808506809606,,
970,Dmade Restaurant,Gianyar,4.8,92,Work from Cafe | Vibrant Nightlife,"['sarapan', 'atmosphere', 'prasmanan', 'keramahan', 'pilihan', 'nasi goreng']",Rp 50–150k,Malam jam 7pm+,https://www.google.com/maps/place/Dmade+Restaurant/data=!4m7!3m6!1s0x2dd23d4cb57b7f39:0x2c399aa67cd7a485!8m2!3d-8.5352!4d115.267707!16s%2Fg%2F11ww69tbg3!19sChIJOX97tUw90i0RhaTXfKaaOSw?authuser=0&hl=id&rclk=1,-8.5352,115.267707,,,
971,Warung D'Kumba,Gianyar,4.2,253,Sunset & View | Family Friendly | Work from Cafe | Vibrant Nightlife | Budget Friendly,"['kolam renang', 'harga', 'anak', 'sawah', 'dewasa', 'pelayanan']",Rp 15–50k,Sunset jam 5–7pm,https://www.google.com/maps/place/Warung+D%27Kumba/data=!4m7!3m6!1s0x2dd219a2baec33c9:0xaf0e52d020953805!8m2!3d-8.4367732!4d115.3040584!16s%2Fg%2F11j5g2ryps!19sChIJyTPsuqIZ0i0RBTiVINBSDq8?authuser=0&hl=id&rclk=1,-8.4367732,115.3040584,https://www.tiktok.com/@warung_kumba/video/7549401840559869189,https://www.tiktok.com/@warung_kumba/video/7576530843506593031,https://www.tiktok.com/@warung_kumba/video/7634097411438169352
972,Kanto Lampo Warung,Gianyar,4.6,122,Work from Cafe | Vibrant Nightlife | Budget Friendly,"['air terjun', 'harga', 'cocktail', 'piring', 'kekayaan', 'wisata']",Rp 15–50k,Malam jam 7pm+,https://www.google.com/maps/place/Kanto+Lampo+Warung/data=!4m7!3m6!1s0x2dd217c5f134e245:0x5fec077703ca751d!8m2!3d-8.5323872!4d115.3323587!16s%2Fg%2F11fj2w9s3d!19sChIJReI08cUX0i0RHXXKA3cH7F8?authuser=0&hl=id&rclk=1,-8.5323872,115.3323587,https://www.tiktok.com/@bestbaliadventures/video/7429671668831767813,https://www.tiktok.com/@kantolampo5/video/7548470929945267512,https://www.tiktok.com/@kantolampo5/video/7598810736470560018
973,Warung Nini Mangku,Gianyar,4.6,74,Work from Cafe | Vibrant Nightlife | Budget Friendly,"['lawar', 'babi', 'nasi', 'harga', 'krupuk', 'pinggir jalan']",Rp 15–50k,Malam jam 7pm+,https://www.google.com/maps/place/Warung+Nini+Mangku/data=!4m7!3m6!1s0x2dd2151a2a1f55e9:0x68eb0edd3da03d33!8m2!3d-8.5789956!4d115.35438!16s%2Fg%2F11snpw5r3s!19sChIJ6VUfKhoV0i0RMz2gPd0O62g?authuser=0&hl=id&rclk=1,-8.5789956,115.35438,https://www.tiktok.com/@balihints/video/7527547430938660152,https://www.tiktok.com/@carimakanyok__/video/7636713454199409928,https://www.tiktok.com/@begenyolnini/video/7422513764488039685
974,Rumah Makan Dharma Giri,Gianyar,4.4,651,Family Friendly | Work from Cafe | Vibrant Nightlife | Budget Friendly,"['harga', 'nasi goreng', 'pork ribs', 'luas', 'ikan', 'pesan']",Rp 15–50k,Malam jam 7pm+,https://www.google.com/maps/place/Rumah+Makan+Dharma+Giri/data=!4m7!3m6!1s0x2dd21645d2a8f22b:0x941d5332748be8c8!8m2!3d-8.5351293!4d115.4039451!16s%2Fg%2F1pzvrmjtb!19sChIJK_Ko0kUW0i0RyOiLdDJTHZQ?authuser=0&hl=id&rclk=1,-8.5351293,115.4039451,https://www.tiktok.com/@deliciousbalii/video/7519728439037906181,https://www.tiktok.com/@balihints/video/7566219012422520085,https://www.tiktok.com/@yutaaathappp/video/7517137725921840389
975,my G warung,Gianyar,4.7,269,Work from Cafe | Vibrant Nightlife,"['juice', 'atmosphere', 'nasi goreng', 'makanan lokal', 'mie goreng', 'kuliner']",Rp 50–150k,Malam jam 7pm+,https://www.google.com/maps/place/my+G+warung/data=!4m7!3m6!1s0x2dd217f26d543029:0x8f57715835e0787f!8m2!3d-8.5544988!4d115.286953!16s%2Fg%2F11g0hyg01n!19sChIJKTBUbfIX0i0Rf3jgNVhxV48?authuser=0&hl=id&rclk=1,-8.5544988,115.286953,https://www.tiktok.com/@widekasmara/video/7615189822436609287,https://www.tiktok.com/@otw_melali/video/7614814624113872135,https://www.tiktok.com/@rika06095/video/7590983642382339348
976,Taman Dedari,Gianyar,4.6,6079,Sunset & View | Work from Cafe | Vibrant Nightlife,"['patung', 'sunset', 'video', 'fotografi', 'cocktail', 'arsitektur']",Rp 80–200k,Sunset jam 5–7pm,https://www.google.com/maps/place/Taman+Dedari/data=!4m7!3m6!1s0x2dd222da6a1af3c3:0x26ce11007cf77ea1!8m2!3d-8.4751788!4d115.2450829!16s%2Fg%2F11f40199xf!19sChIJw_Maatoi0i0RoX73fAARziY?authuser=0&hl=id&rclk=1,-8.4751788,115.2450829,https://www.tiktok.com/@exoticbali.island/video/7478229575260982533,https://www.tiktok.com/@archelquincy/video/7623356597091274004,https://www.tiktok.com/@bronsorodriguez/video/7597026127336574224
977,Warung Tepi Lebih,Gianyar,4.1,333,Sunset & View | Family Friendly | Work from Cafe | Vibrant Nightlife | Budget Friendly,"['harga', 'luas', 'enak', 'sate', 'pantai', 'pelayanan']",Rp 15–50k,Sunset jam 5–7pm,https://www.google.com/maps/place/Warung+Tepi+Lebih/data=!4m7!3m6!1s0x2dd2146aa0d8958b:0x739f10e3e7d3ddef!8m2!3d-8.5805988!4d115.3551559!16s%2Fg%2F11c0rnmjtx!19sChIJi5XYoGoU0i0R793T5-MQn3M?authuser=0&hl=id&rclk=1,-8.5805988,115.3551559,https://www.tiktok.com/@udinkuliner/video/7605358756704046354,https://www.tiktok.com/@deliciousbalii/video/7517531501462900024,https://www.tiktok.com/@explorefoodsmg/video/7495317257925561617
978,Warung kubu Gianyar,Gianyar,4.5,15,Work from Cafe | Vibrant Nightlife,[],Rp 50–150k,Malam jam 7pm+,https://www.google.com/maps/place/Warung+kubu+Gianyar/data=!4m7!3m6!1s0x2dd2175f3aeda1cb:0xe9b57af3e95f05e!8m2!3d-8.5478181!4d115.316711!16s%2Fg%2F11jdx1nyhw!19sChIJy6HtOl8X0i0RXvCVPq9Xmw4?authuser=0&hl=id&rclk=1,-8.5478181,115.316711,https://www.tiktok.com/@thephillip36/video/7493012995153382664,https://www.tiktok.com/@bali.nongki/video/7586988796655193352,https://www.tiktok.com/@otw_melali/video/7567327776055905544
979,Pizza Hut Restoran,Gianyar,4.7,395,Work from Cafe | Vibrant Nightlife,"['pelayanan', 'kasir', 'pesan', 'mba', 'promo', 'orang']",Rp 50–150k,Malam jam 7pm+,https://www.google.com/maps/place/Pizza+Hut+Restoran/data=!4m7!3m6!1s0x2dd2173721e43e01:0xa6e1912cf3a4a6e!8m2!3d-8.5415657!4d115.3246593!16s%2Fg%2F11wp1jlh73!19sChIJAT7kITcX0i0Rbko6zxIZbgo?authuser=0&hl=id&rclk=1,-8.5415657,115.3246593,https://www.tiktok.com/@inezardelia/video/7528636259380563256,https://www.tiktok.com/@jajanirit.tiktok/video/7605997072109636872,https://www.tiktok.com/@daniswara2021/video/7631131557083843861
980,D'Pondok Warung,Gianyar,4.9,1957,Sunset & View | Work from Cafe | Vibrant Nightlife,"['sawah', 'kolam renang', 'mie goreng', 'the view', 'kuliner', 'yuika']",Rp 150–400k,Sunset jam 5–7pm,https://www.google.com/maps/place/D%27Pondok+Warung/data=!4m7!3m6!1s0x2dd21f2c03ac2a01:0x383566aaa08833cb!8m2!3d-8.399561!4d115.2943606!16s%2Fg%2F11fjyvf921!19sChIJASqsAywf0i0RyzOIoKpmNTg?authuser=0&hl=id&rclk=1,-8.399561,115.2943606,,,
981,pekandelan warung,Gianyar,4.6,117,Work from Cafe | Vibrant Nightlife | Budget Friendly,"['harga', 'air terjun', 'makan siang', 'service', 'rumah pohon', 'bebek']",Rp 15–50k,Malam jam 7pm+,https://www.google.com/maps/place/pekandelan+warung/data=!4m7!3m6!1s0x2dd246c47e720daf:0x6ca4c11ad83b0db6!8m2!3d-8.5753279!4d115.2877137!16s%2Fg%2F11bt_83556!19sChIJrw1yfsRG0i0Rtg072BrBpGw?authuser=0&hl=id&rclk=1,-8.5753279,115.2877137,https://www.tiktok.com/@yudix_111/video/7495627912775765254,,
982,Rice terrace cafe,Gianyar,3.9,173,Sunset & View | Work from Cafe | Vibrant Nightlife | Budget Friendly,"['harga', 'sawah', 'service charge', 'pembayaran', 'terasering', 'the view']",Rp 15–50k,Sunset jam 5–7pm,https://www.google.com/maps/place/Rice+terrace+cafe/data=!4m7!3m6!1s0x2dd2239a699ef547:0x5c85b37e13034186!8m2!3d-8.4335918!4d115.2786445!16s%2Fg%2F11q43phg6p!19sChIJR_WeaZoj0i0RhkEDE36zhVw?authuser=0&hl=id&rclk=1,-8.4335918,115.2786445,https://www.tiktok.com/@evaonthemove/video/7584631001020779798,https://www.tiktok.com/@yutaaathappp/video/7532352488654048518,https://www.tiktok.com/@wanderbare/video/7561775324850097416
983,baliwid warung,Gianyar,4.7,174,Sunset & View | Work from Cafe | Vibrant Nightlife | Budget Friendly,"['air terjun', 'harga', 'jus', 'sawah', 'atmosphere', 'nasi goreng']",Rp 15–50k,Sunset jam 5–7pm,https://www.google.com/maps/place/baliwid+warung/data=!4m7!3m6!1s0x2dd2161c8304e0db:0x3af089b22438f95c!8m2!3d-8.5517917!4d115.29024!16s%2Fg%2F11hbg8cr02!19sChIJ2-AEgxwW0i0RXPk4JLKJ8Do?authuser=0&hl=id&rclk=1,-8.5517917,115.29024,,,
984,Senggol Baru Gianyar,Gianyar,4.8,14,Work from Cafe | Vibrant Nightlife,['pilihan'],Rp 50–150k,Malam jam 7pm+,https://www.google.com/maps/place/Senggol+Baru+Gianyar/data=!4m7!3m6!1s0x2dd2170047e9eebf:0xaaccac1fb0771023!8m2!3d-8.5415069!4d115.3289228!16s%2Fg%2F11wxrt9d3q!19sChIJv-7pRwAX0i0RIxB3sB-szKo?authuser=0&hl=id&rclk=1,-8.5415069,115.3289228,https://www.tiktok.com/@abisetiawann/video/7526448658003283206,https://www.tiktok.com/@maghfirarifki/video/7408857637011361030,https://www.tiktok.com/@roose.daily/video/7552328613450878220
985,Andrawina Restaurant,Gianyar,4.4,16,Work from Cafe | Vibrant Nightlife,"['yoga', 'sekolah', 'goreng', 'dessert']",Rp 50–150k,Malam jam 7pm+,https://www.google.com/maps/place/Andrawina+Restaurant/data=!4m7!3m6!1s0x2dd2159aa850730b:0x3f81728b37c339e5!8m2!3d-8.5829402!4d115.352013!16s%2Fg%2F11fn8hjcg7!19sChIJC3NQqJoV0i0R5TnDN4tygT8?authuser=0&hl=id&rclk=1,-8.5829402,115.352013,https://www.tiktok.com/@rumahluwih/video/7369468623318027525,https://www.tiktok.com/@rumahluwih/video/7376139057815899397,
986,STAR FOOD KITCHEN,Gianyar,4.6,9,Work from Cafe | Vibrant Nightlife,[],Rp 50–150k,Malam jam 7pm+,https://www.google.com/maps/place/STAR+FOOD+KITCHEN/data=!4m7!3m6!1s0x2dd217bbb1acd1d5:0xf8b4841b24d349e9!8m2!3d-8.5488579!4d115.3317!16s%2Fg%2F11h_wntp0q!19sChIJ1dGssbsX0i0R6UnTJBuEtPg?authuser=0&hl=id&rclk=1,-8.5488579,115.3317,https://www.tiktok.com/@syrcobase/video/7636221914830130449,https://www.tiktok.com/@wcanifly/video/7618153161357856032,
987,Standar lokal bali2,Gianyar,4.1,23,Work from Cafe | Vibrant Nightlife | Budget Friendly,"['sate', 'pelayanan', 'harga', 'lawar', 'lalapan', 'tulang']",Rp 15–50k,Malam jam 7pm+,https://www.google.com/maps/place/Standar+lokal+bali2/data=!4m7!3m6!1s0x2dd217742c5f8847:0xe73f1cc6fc37d594!8m2!3d-8.5360425!4d115.3314101!16s%2Fg%2F11krq0hbp4!19sChIJR4hfLHQX0i0RlNU3_MYcP-c?authuser=0&hl=id&rclk=1,-8.5360425,115.3314101,https://www.tiktok.com/@lawarkambingslb/video/7562123261174238472,https://www.tiktok.com/@lawarkambingslb/video/7622542724994206983,https://www.tiktok.com/@ayamprestoslb/video/7612237868282629394
988,Warung Nyaman,Gianyar,4.6,26,Work from Cafe | Vibrant Nightlife | Budget Friendly,"['nasi goreng', 'chinese food', 'fu yung hai', 'cap cay', 'harga']",Rp 15–50k,Malam jam 7pm+,https://www.google.com/maps/place/Warung+Nyaman/data=!4m7!3m6!1s0x2dd2166051291ffd:0x818d4e1c41fb19bd!8m2!3d-8.5430349!4d115.32852!16s%2Fg%2F11f3pchxgj!19sChIJ_R8pUWAW0i0RvRn7QRxOjYE?authuser=0&hl=id&rclk=1,-8.5430349,115.32852,https://www.tiktok.com/@pakde_hanss/video/7575874566845779208,https://www.tiktok.com/@dailyposttomato/video/7621841159014370578,https://www.tiktok.com/@warungnekade/video/7594684810853879058
989,Warung Makan Narla/Kost Narla Murah,Gianyar,4.6,47,Work from Cafe | Vibrant Nightlife | Budget Friendly,"['ikannya', 'harga', 'plecing', 'enak', 'bumbu']",Rp 15–50k,Malam jam 7pm+,https://www.google.com/maps/place/Warung+Makan+Narla%2FKost+Narla+Murah/data=!4m7!3m6!1s0x2dd21441001ad6f1:0x7eea6092653008e2!8m2!3d-8.5825316!4d115.3518148!16s%2Fg%2F11f2grvwxk!19sChIJ8dYaAEEU0i0R4ggwZZJg6n4?authuser=0&hl=id&rclk=1,-8.5825316,115.3518148,https://www.tiktok.com/@creativejr/video/7594608582536989973,https://www.tiktok.com/@168project/video/7557980573474606354,
990,Buldog Resto,Gianyar,4.6,15,Work from Cafe | Vibrant Nightlife | Budget Friendly,['harga'],Rp 15–50k,Malam jam 7pm+,https://www.google.com/maps/place/Buldog+Resto/data=!4m7!3m6!1s0x2dd21777cb66c46b:0xffbe3534e71c4c77!8m2!3d-8.5553841!4d115.3271973!16s%2Fg%2F11qh6ynhlt!19sChIJa8Rmy3cX0i0Rd0wc5zQ1vv8?authuser=0&hl=id&rclk=1,-8.5553841,115.3271973,,,
991,VARUNA Bali,Gianyar,4.7,128,Family Friendly | Budget Friendly,"['restoran', 'transportasi umum', 'atm', 'anak', 'makan siang', 'kostum']",Rp 15–50k,Lunch jam 11am–2pm,https://www.google.com/maps/place/VARUNA+Bali/data=!4m7!3m6!1s0x2dd21414726a1af5:0x8be48ff010b8117b!8m2!3d-8.5799444!4d115.3456074!16s%2Fg%2F1w604d06!19sChIJ9RpqchQU0i0RexG4EPCP5Is?authuser=0&hl=id&rclk=1,-8.5799444,115.3456074,https://www.tiktok.com/@atik_walidaika/video/7589238572998429959,https://www.tiktok.com/@widyatama.family/video/7509006677719436549,https://www.tiktok.com/@donfeast/video/7610981347624078606
992,Warung TKP,Gianyar,4.5,150,Work from Cafe | Vibrant Nightlife,"['rujak', 'penjual', 'tipat', 'orang', 'bulung', 'penggemar']",Rp 50–150k,Malam jam 7pm+,https://www.google.com/maps/place/Warung+TKP/data=!4m7!3m6!1s0x2dd216621d692cc5:0x401664dc551f8b33!8m2!3d-8.5461261!4d115.3302002!16s%2Fg%2F11f3vkz5k7!19sChIJxSxpHWIW0i0RM4sfVdxkFkA?authuser=0&hl=id&rclk=1,-8.5461261,115.3302002,https://www.tiktok.com/@gauri.nareswari/video/7497857865277918471,,
993,Sanggraloka Farm,Gianyar,4.6,634,Sunset & View | Family Friendly | Work from Cafe | Vibrant Nightlife,"['sungai', 'playground', 'pemandangan', 'tiket', 'zoo', 'kelas memasak']",Rp 80–200k,Sunset jam 5–7pm,https://www.google.com/maps/place/Sanggraloka+Farm/data=!4m7!3m6!1s0x2dd2226fa878536b:0x75f7d2f2c4261d29!8m2!3d-8.4228433!4d115.2653445!16s%2Fg%2F11hyzz7szg!19sChIJa1N4qG8i0i0RKR0mxPLS93U?authuser=0&hl=id&rclk=1,-8.4228433,115.2653445,https://www.tiktok.com/@balitravelfolder/video/7597645854610050312,https://www.tiktok.com/@otw_melali/video/7617335017332542727,https://www.tiktok.com/@widekasmara/video/7617704536265805063
994,Ayam Goreng Asli Prambanan Cab. Gianyar,Gianyar,4.0,502,Work from Cafe | Vibrant Nightlife | Budget Friendly,"['harga', 'sambal', 'pelayanan', 'pesan', 'ayam bakar', 'bumbu']",Rp 15–50k,Malam jam 7pm+,https://www.google.com/maps/place/Ayam+Goreng+Asli+Prambanan+Cab.+Gianyar/data=!4m7!3m6!1s0x2dd2165dad177af9:0xb2faef629bff1f93!8m2!3d-8.5391549!4d115.3227695!16s%2Fg%2F11b6plpvf8!19sChIJ-XoXrV0W0i0Rkx__m2Lv-rI?authuser=0&hl=id&rclk=1,-8.5391549,115.3227695,https://www.tiktok.com/@kulinerjani/video/7550635737675271442,https://www.tiktok.com/@pakde_hanss/video/7571730728170343698,https://www.tiktok.com/@dwitaniiaa/video/7589268450703609109
995,Warung Makan Reza Lestari,Gianyar,4.5,135,Work from Cafe | Vibrant Nightlife | Budget Friendly,"['harga', 'bakso', 'nasgor', 'makanan lokal', 'koloke', 'chinese food']",Rp 15–50k,Malam jam 7pm+,https://www.google.com/maps/place/Warung+Makan+Reza+Lestari/data=!4m7!3m6!1s0x2dd21639dc6bddf9:0x5b25a0ddb5c72493!8m2!3d-8.5332048!4d115.3032677!16s%2Fg%2F11cnm747dj!19sChIJ-d1r3DkW0i0RkyTHtd2gJVs?authuser=0&hl=id&rclk=1,-8.5332048,115.3032677,https://www.tiktok.com/@tataevayanie/video/7632882909489188117,https://www.tiktok.com/@warung_welot_lestari/video/7636269157276765448,https://www.tiktok.com/@kulinerbattle/video/7563947392844827911
996,Warung Nik,Gianyar,3.7,60,Work from Cafe | Vibrant Nightlife | Budget Friendly,"['lokal', 'harga']",Rp 15–50k,Malam jam 7pm+,https://www.google.com/maps/place/Warung+Nik/data=!4m7!3m6!1s0x2dd21669ef1e7a75:0x94a036669b46491e!8m2!3d-8.5359504!4d115.3282337!16s%2Fg%2F11dyzbcz_9!19sChIJdXoe72kW0i0RHklGm2Y2oJQ?authuser=0&hl=id&rclk=1,-8.5359504,115.3282337,https://www.tiktok.com/@balimaknyus/video/7320183024077819142,https://www.tiktok.com/@kulinerbattle/video/7608386857537113362,
997,Samsam guling joblar pagi,Gianyar,4.7,97,Work from Cafe | Vibrant Nightlife | Budget Friendly,"['kulit', 'harga', 'bumbu', 'nasi', 'rumah', 'pesan']",Rp 15–50k,Malam jam 7pm+,https://www.google.com/maps/place/Samsam+guling+joblar+pagi/data=!4m7!3m6!1s0x2dd23f7b2d6f9175:0x435bfed17deed412!8m2!3d-8.6106101!4d115.2465882!16s%2Fg%2F11s6fpldbn!19sChIJdZFvLXs_0i0REtTufdH-W0M?authuser=0&hl=id&rclk=1,-8.6106101,115.2465882,https://www.tiktok.com/@bali_update/video/7602868018451991826,https://www.tiktok.com/@kuliner_khasbali/video/7471924005650435335,https://www.tiktok.com/@kulinerisme/video/7633719313173646610
998,Warung tedung,Gianyar,4.6,51,Work from Cafe | Vibrant Nightlife | Budget Friendly,"['harga', 'plecing', 'sambel', 'nasi']",Rp 15–50k,Malam jam 7pm+,https://www.google.com/maps/place/Warung+tedung/data=!4m7!3m6!1s0x2dd217c177f8e219:0x84bcd0401300cac7!8m2!3d-8.5520573!4d115.3270676!16s%2Fg%2F11fsxc1_11!19sChIJGeL4d8EX0i0Rx8oAE0DQvIQ?authuser=0&hl=id&rclk=1,-8.5520573,115.3270676,https://www.tiktok.com/@balimesari6/video/7494545244961180934,,
999,Pitik Bali,Gianyar,4.1,114,Work from Cafe | Vibrant Nightlife | Budget Friendly,"['harga', 'nasi', 'sambal matah', 'ayam betutu', 'lawar', 'warung']",Rp 15–50k,Malam jam 7pm+,https://www.google.com/maps/place/Pitik+Bali/data=!4m7!3m6!1s0x2dd2175bc1b1b36b:0xe17c11d986cdd000!8m2!3d-8.5415096!4d115.3289919!16s%2Fg%2F11g2_xyylx!19sChIJa7OxwVsX0i0RANDNhtkRfOE?authuser=0&hl=id&rclk=1,-8.5415096,115.3289919,https://www.tiktok.com/@foodbali/video/7592106914788429076,https://www.tiktok.com/@bambukuliner_bali/video/7628060319067262229,https://www.tiktok.com/@bambukuliner_bali/video/7626259238771297557
1000,Depot Asri,Gianyar,4.4,94,Work from Cafe | Vibrant Nightlife | Budget Friendly,"['harga', 'chinese food', 'capcay', 'pelayanan', 'babi', 'enak']",Rp 15–50k,Malam jam 7pm+,https://www.google.com/maps/place/Depot+Asri/data=!4m7!3m6!1s0x2dd216601dcc84eb:0x864121dc2b943441!8m2!3d-8.5418834!4d115.3310184!16s%2Fg%2F11gd1bp75w!19sChIJ64TMHWAW0i0RQTSUK9whQYY?authuser=0&hl=id&rclk=1,-8.5418834,115.3310184,https://www.tiktok.com/@buenafesta76/video/7579655659017276692,https://www.tiktok.com/@strlariel/video/7599944167585828117,https://www.tiktok.com/@asrisusanti15/video/7509021393724378424
1001,Dapur Pemadam Kelaparan Gianyar,Gianyar,4.5,42,Work from Cafe | Vibrant Nightlife | Budget Friendly,['harga'],Rp 15–50k,Malam jam 7pm+,https://www.google.com/maps/place/Dapur+Pemadam+Kelaparan+Gianyar/data=!4m7!3m6!1s0x2dd2174adca4c121:0x4be914b022486ef6!8m2!3d-8.5381309!4d115.3262007!16s%2Fg%2F11h2qscpg2!19sChIJIcGk3EoX0i0R9m5IIrAU6Us?authuser=0&hl=id&rclk=1,-8.5381309,115.3262007,https://www.tiktok.com/@flyingsebelas.bgn_/video/7569227980241800456,https://www.tiktok.com/@pemadam.kelaparan23/video/7584448662315568404,https://www.tiktok.com/@dwian61/video/7451094410781117701
1002,Kunang-Kunang Restaurant,Gianyar,4.8,396,Sunset & View | Work from Cafe | Vibrant Nightlife | Romantic & Cozy,"['sarapan pagi', 'sawah', 'petang', 'musik', 'senyum', 'hiburan']",Rp 50–150k,Sunset jam 5–7pm,https://www.google.com/maps/place/Kunang-Kunang+Restaurant/data=!4m7!3m6!1s0x2dd2239a0331ccdb:0x9ed6613148e9ca6!8m2!3d-8.4596789!4d115.2830519!16s%2Fg%2F11t1d190qk!19sChIJ28wxA5oj0i0RppyOFBNm7Qk?authuser=0&hl=id&rclk=1,-8.4596789,115.2830519,https://www.tiktok.com/@thesunofgranaryubud/video/7633257400815963412,https://www.tiktok.com/@heart.of.bali/video/7500622893160746262,https://www.tiktok.com/@kunangkunangresto/video/7594092144168635668
1003,Natti's Indian Specialty Restaurant Ubud,Gianyar,4.9,2342,Sunset & View | Work from Cafe | Vibrant Nightlife,"['resort', 'hutan rimba', 'mahendra singh dhoni', 'sawah', 'honeymoon', 'ayam goreng korea']",Rp 150–400k,Sunset jam 5–7pm,https://www.google.com/maps/place/Natti%27s+Indian+Specialty+Restaurant+Ubud/data=!4m7!3m6!1s0x2dd2115b8b6e5d6b:0xc8dc1b3f705cc3bd!8m2!3d-8.473762!4d115.2855105!16s%2Fg%2F11q8584187!19sChIJa11ui1sR0i0RvcNccD8b3Mg?authuser=0&hl=id&rclk=1,-8.473762,115.2855105,https://www.tiktok.com/@shiva_in_bali/video/7597296502075329799,https://www.tiktok.com/@shiva_in_bali/video/7345694142258744581,https://www.tiktok.com/@lestari_diskon/video/7282575094591933701
1004,Wijaya Kusuma Restaurant,Gianyar,4.9,88,Work from Cafe | Vibrant Nightlife,"['breakfast', 'pilihan', 'minum teh sore', 'masakan indonesia', 'hutan rimba', 'tari bali']",Rp 50–150k,Malam jam 7pm+,https://www.google.com/maps/place/Wijaya+Kusuma+Restaurant/data=!4m7!3m6!1s0x2dd223b6d41aaefb:0x43c939b7a4777486!8m2!3d-8.4497571!4d115.234485!16s%2Fg%2F11rqcf675y!19sChIJ-64a1LYj0i0RhnR3pLc5yUM?authuser=0&hl=id&rclk=1,-8.4497571,115.234485,https://www.tiktok.com/@ayungresortubud/video/7560981809320725816,https://www.tiktok.com/@ayungresortubud/video/7492255823620590853,https://www.tiktok.com/@ayungresortubud/video/7546807996521778438
1005,Labak Sari Restaurant,Gianyar,4.7,972,Sunset & View | Work from Cafe | Vibrant Nightlife,"['sawah', 'atmosphere', 'local food', 'alam', 'terong', 'mojito']",Rp 80–200k,Sunset jam 5–7pm,https://www.google.com/maps/place/Labak+Sari+Restaurant/data=!4m7!3m6!1s0x2dd222bcecd475eb:0x1e53695d4ee525d5!8m2!3d-8.468268!4d115.2695758!16s%2Fg%2F11fy_4j_q_!19sChIJ63XU7Lwi0i0R1SXlTl1pUx4?authuser=0&hl=id&rclk=1,-8.468268,115.2695758,https://www.tiktok.com/@pitachan99/video/7613260504898866453,https://www.tiktok.com/@labaksariresto/video/7539929232361770248,https://www.tiktok.com/@labaksariresto/video/7518953079253781767
1006,Kayo Manis,Denpasar,4.8,441,Sunset & View | Work from Cafe | Vibrant Nightlife,"['pantai sanur', 'bebek', 'risotto', 'sorbet', 'kayu manis', 'permata']",Rp 50–150k,Sunset jam 5–7pm,https://www.google.com/maps/place/Kayo+Manis/data=!4m7!3m6!1s0x2dd2404a7781ac41:0x70b0488a6a9fb913!8m2!3d-8.6843825!4d115.259614!16s%2Fg%2F1pzrgkt79!19sChIJQayBd0pA0i0RE7mfaopIsHA?authuser=0&hl=id&rclk=1,-8.6843825,115.259614,,,
1007,Coco Bistro Sanur (Matahari Terbit),Denpasar,4.8,4107,Sunset & View | Work from Cafe | Vibrant Nightlife,"['pizza', 'pantai sanur', 'ayu', 'kepala ikan', 'fruits de mer', 'sunset']",Rp 150–400k,Sunset jam 5–7pm,https://www.google.com/maps/place/Coco+Bistro+Sanur+%28Matahari+Terbit%29/data=!4m7!3m6!1s0x2dd241c1ca51585b:0x8f1fd18ffad12928!8m2!3d-8.6713928!4d115.2620552!16s%2Fg%2F1ptw4y99h!19sChIJW1hRysFB0i0RKCnR-o_RH48?authuser=0&hl=id&rclk=1,-8.6713928,115.2620552,https://www.tiktok.com/@bellafrizkaa/video/7616587974452579604,https://www.tiktok.com/@rahmafebiyusi/video/7557879160987864338,https://www.tiktok.com/@hendyprdn/video/7584720494218284308
1008,Richeese Factory Nangka Bali,Denpasar,4.2,3513,Family Friendly | Work from Cafe | Vibrant Nightlife,"['pelayanan', 'luas', 'pesan', 'panjang', 'fire chicken', 'saus keju']",Rp 30–100k,Malam jam 7pm+,https://www.google.com/maps/place/Richeese+Factory+Nangka+Bali/data=!4m7!3m6!1s0x2dd23f42df001879:0x56799ed97f8cce59!8m2!3d-8.6388677!4d115.2086111!16s%2Fg%2F11bz07v9w_!19sChIJeRgA30I_0i0RWc6Mf9meeVY?authuser=0&hl=id&rclk=1,-8.6388677,115.2086111,https://www.tiktok.com/@rekomendasi.bintang/video/7630782042501958933,https://www.tiktok.com/@ep.review/video/7628605431912336647,https://www.tiktok.com/@bogorinstakuliner/video/7561328241022176530
1009,WISTARA FAMILY CAFE,Denpasar,4.4,822,Work from Cafe | Vibrant Nightlife,"['halal', 'meeting room', 'muslim', 'helm', 'acara', 'nasi goreng']",Rp 50–150k,Malam jam 7pm+,https://www.google.com/maps/place/WISTARA+FAMILY+CAFE/data=!4m7!3m6!1s0x2dd24163868c1489:0xc33f46cbb9d053ff!8m2!3d-8.6788092!4d115.1900924!16s%2Fg%2F11h0t8fds6!19sChIJiRSMhmNB0i0R_1PQuctGP8M?authuser=0&hl=id&rclk=1,-8.6788092,115.1900924,https://www.tiktok.com/@nomnombali/video/7583158924589681927,https://www.tiktok.com/@infoweekend/video/7637736660624559367,https://www.tiktok.com/@deliciousbalii/video/7569823981163810056
1010,Warung Gurih Gurih,Denpasar,4.5,1355,Work from Cafe | Vibrant Nightlife,"['kerang', 'bumbu', 'ikan bakar', 'sate', 'pesan', 'plecing kangkung']",Rp 80–200k,Malam jam 7pm+,https://www.google.com/maps/place/Warung+Gurih+Gurih/data=!4m7!3m6!1s0x2dd240f8cad7e9ff:0x59586b5e09face43!8m2!3d-8.6843395!4d115.2349167!16s%2Fg%2F11b_22bwzn!19sChIJ_-nXyvhA0i0RQ876CV5rWFk?authuser=0&hl=id&rclk=1,-8.6843395,115.2349167,https://www.tiktok.com/@gurih.gurih.bali/video/7579955437877906696,https://www.tiktok.com/@gurih.gurih.bali/video/7627403208645807380,https://www.tiktok.com/@gurih.gurih.bali/video/7580992491474685191
1011,DUDUK MAKAN,Denpasar,4.8,76,Work from Cafe | Vibrant Nightlife | Budget Friendly,"['soto betawi', 'harga', 'chicken', 'ayam goreng', 'indomie', 'estetik']",Rp 15–50k,Malam jam 7pm+,https://www.google.com/maps/place/DUDUK+MAKAN/data=!4m7!3m6!1s0x2dd2410017807b6f:0xeaeb4f7b94afa93b!8m2!3d-8.6768546!4d115.2298563!16s%2Fg%2F11y51mm5z3!19sChIJb3uAFwBB0i0RO6mvlHtP6-o?authuser=0&hl=id&rclk=1,-8.6768546,115.2298563,https://www.tiktok.com/@dudukmakanbali/video/7498329290933554487,https://www.tiktok.com/@dudukmakanbali/video/7605868801434897684,https://www.tiktok.com/@inidiakakakbudi/video/7594729469164719381
1012,The Java Pantry,Denpasar,4.8,160,Family Friendly | Work from Cafe | Vibrant Nightlife | Budget Friendly,"['meeting', 'harga', 'bebek', 'luas', 'pelayanan', 'masakan indonesia']",Rp 15–50k,Malam jam 7pm+,https://www.google.com/maps/place/The+Java+Pantry/data=!4m7!3m6!1s0x2dd241d9a79194a1:0x469c88dc631bc57!8m2!3d-8.6669613!4d115.2276693!16s%2Fg%2F11stzc4kf6!19sChIJoZSRp9lB0i0RV7wxxo3IaQQ?authuser=0&hl=id&rclk=1,-8.6669613,115.2276693,https://www.tiktok.com/@athaapermata/video/7632603977158331655,https://www.tiktok.com/@sundayaromatics/video/7533586958183058693,https://www.tiktok.com/@thejavapantry/video/7554026460269350160
1013,Ikan Bakar Cianjur - Renon,Denpasar,4.5,3243,Sunset & View | Work from Cafe | Vibrant Nightlife,"['gurame', 'pesmol', 'makanan indonesia', 'nasi liwet', 'makan malam', 'pepes']",Rp 80–200k,Sunset jam 5–7pm,https://www.google.com/maps/place/Ikan+Bakar+Cianjur+-+Renon/data=!4m7!3m6!1s0x2dd240603b9c370f:0x5ec84786284e7dd4!8m2!3d-8.6670358!4d115.2360978!16s%2Fg%2F11g_v2h7d!19sChIJDzecO2BA0i0R1H1OKIZHyF4?authuser=0&hl=id&rclk=1,-8.6670358,115.2360978,https://www.tiktok.com/@lucky_wife/video/7620400286556867861,https://www.tiktok.com/@ayuwulansw/video/7509764652079877382,https://www.tiktok.com/@emyxj/video/7639051644285603079
1014,Go! Go! CURRY - Living World Denpasar Bali,Denpasar,4.9,1175,Family Friendly | Work from Cafe | Vibrant Nightlife,"['promo', 'chicken katsu', 'lidah', 'kasir', 'pesan', 'luas']",Rp 150–400k,Malam jam 7pm+,https://www.google.com/maps/place/Go!+Go!+CURRY+-+Living+World+Denpasar+Bali/data=!4m7!3m6!1s0x2dd23f4f39bc152d:0x474b9a7f5421a87!8m2!3d-8.6349571!4d115.2322336!16s%2Fg%2F11khz95dwx!19sChIJLRW8OU8_0i0RhxpC9ae5dAQ?authuser=0&hl=id&rclk=1,-8.6349571,115.2322336,https://www.tiktok.com/@dewi..raditya/video/7537729019643546936,https://www.tiktok.com/@giotdailyfood/video/7614395762050469141,https://www.tiktok.com/@kulinerjani/video/7635915898502548757
1015,Ayam Bakar Taliwang Baru,Denpasar,4.3,2986,Work from Cafe | Vibrant Nightlife,"['ayam taliwang', 'pedas', 'sambal', 'bumbu', 'plecing', 'gurame']",Rp 50–150k,Malam jam 7pm+,https://www.google.com/maps/place/Ayam+Bakar+Taliwang+Baru/data=!4m7!3m6!1s0x2dd240956015d56f:0xc15dee2853ddfe57!8m2!3d-8.6691717!4d115.2129598!16s%2Fg%2F1hm6d55f6!19sChIJb9UVYJVA0i0RV_7dUyjuXcE?authuser=0&hl=id&rclk=1,-8.6691717,115.2129598,https://www.tiktok.com/@nath_kuliner/video/7387196140581670150,https://www.tiktok.com/@gendutisnothing/video/7394827189700676870,https://www.tiktok.com/@nath_kuliner/video/7064179764910673178
1016,Pandan Kuring Living World Denpasar,Denpasar,4.5,234,Work from Cafe | Vibrant Nightlife,"['lalapan', 'es teh', 'free refill', 'sayur asem', 'krupuk', 'nasi liwet']",Rp 50–150k,Malam jam 7pm+,https://www.google.com/maps/place/Pandan+Kuring+Living+World+Denpasar/data=!4m7!3m6!1s0x2dd23fc51c591f6b:0x434b86f8108aab61!8m2!3d-8.6343785!4d115.2322631!16s%2Fg%2F11kjpr128x!19sChIJax9ZHMU_0i0RYauKEPiGS0M?authuser=0&hl=id&rclk=1,-8.6343785,115.2322631,https://www.tiktok.com/@dechaadegracenew/video/7575471298030144776,https://www.tiktok.com/@annis_224/video/7638473005806472456,https://www.tiktok.com/@pandankuringresto/video/7460694993452272901
1017,Selera Restoran,Denpasar,4.7,98,Work from Cafe | Vibrant Nightlife | Budget Friendly,"['harga', 'pelayanan', 'chicken', 'cafe', 'nasi', 'kwetiau']",Rp 15–50k,Malam jam 7pm+,https://www.google.com/maps/place/Selera+Restoran/data=!4m7!3m6!1s0x2dd241f4df405649:0x3e7550156a19d40f!8m2!3d-8.6536987!4d115.2169802!16s%2Fg%2F11svpv5qqm!19sChIJSVZA3_RB0i0RD9QZahVQdT4?authuser=0&hl=id&rclk=1,-8.6536987,115.2169802,,,
1018,Warung Saro,Denpasar,4.6,596,Sunset & View | Work from Cafe | Vibrant Nightlife,"['pantai sanur', 'suasana', 'taman', 'bumbu kacang', 'lingkungan', 'pork ribs']",Rp 80–200k,Sunset jam 5–7pm,https://www.google.com/maps/place/Warung+Saro/data=!4m7!3m6!1s0x2dd2404a78a4ba99:0x74f87446809af491!8m2!3d-8.6844524!4d115.2597799!16s%2Fg%2F11gg738nnv!19sChIJmbqkeEpA0i0RkfSagEZ0-HQ?authuser=0&hl=id&rclk=1,-8.6844524,115.2597799,https://www.tiktok.com/@mahendraaditamaa/video/7585962636039163157,https://www.tiktok.com/@kokokevvv/video/7560699518384115000,https://www.tiktok.com/@warung.saro/video/7527828714047032583
1019,Fisherman's Club,Denpasar,4.5,838,Sunset & View | Work from Cafe | Vibrant Nightlife,"['pantai', 'brunch', 'barramundi', 'nasi goreng kimchi', 'sashimi tuna', 'churros']",Rp 80–200k,Sunset jam 5–7pm,https://www.google.com/maps/place/Fisherman%27s+Club/data=!4m7!3m6!1s0x2dd241802e428999:0x70e378feab431d9f!8m2!3d-8.6998703!4d115.265371!16s%2Fg%2F11mpbjxws_!19sChIJmYlCLoBB0i0Rnx1Dq_5443A?authuser=0&hl=id&rclk=1,-8.6998703,115.265371,,,
1020,Lilla Warung,Denpasar,4.6,1688,Sunset & View | Work from Cafe | Vibrant Nightlife,"['nasi campur', 'pantai sanur', 'masakan indonesia', 'masakan bali', 'nasi goreng', 'rendang']",Rp 80–200k,Sunset jam 5–7pm,https://www.google.com/maps/place/Lilla+Warung/data=!4m7!3m6!1s0x2dd241ca571e40ff:0x99040ee170e7f70c!8m2!3d-8.689941!4d115.262452!16s%2Fg%2F1td2q2bc!19sChIJ_0AeV8pB0i0RDPfncOEOBJk?authuser=0&hl=id&rclk=1,-8.689941,115.262452,https://www.tiktok.com/@eldoinbali/video/7433245080812539143,,
1021,Warung Amphibia Seafood,Denpasar,4.4,1142,Sunset & View | Work from Cafe | Vibrant Nightlife,"['cumi', 'fruits de mer', 'pantai sanur', 'sambal', 'grill', 'chips']",Rp 50–150k,Sunset jam 5–7pm,https://www.google.com/maps/place/Warung+Amphibia+Seafood/data=!4m7!3m6!1s0x2dd241cb4fc08b2d:0xdd99d3ccf7cc1107!8m2!3d-8.6846239!4d115.2644724!16s%2Fg%2F11c0pxydml!19sChIJLYvAT8tB0i0RBxHM98zTmd0?authuser=0&hl=id&rclk=1,-8.6846239,115.2644724,https://www.tiktok.com/@nic.in.bali/video/7368726187406904584,https://www.tiktok.com/@kulikmakanan/video/7621102082107510036,https://www.tiktok.com/@burmasyaf/video/7381080432479096070
1022,Lava Gastrobar & Grill,Denpasar,4.9,1816,Work from Cafe | Vibrant Nightlife,"['pipi sapi', 'risotto jamur', 'dakkkochi', 'choux', 'yoga', 'ayu']",Rp 150–400k,Malam jam 7pm+,https://www.google.com/maps/place/Lava+Gastrobar+%26+Grill/data=!4m7!3m6!1s0x2dd2417eb75479ef:0xa8ad87e67115fe48!8m2!3d-8.7045527!4d115.2586174!16s%2Fg%2F11sv1cdnwj!19sChIJ73lUt35B0i0RSP4VceaHrag?authuser=0&hl=id&rclk=1,-8.7045527,115.2586174,https://www.tiktok.com/@diennovitaofficial/video/7549088505775803654,https://www.tiktok.com/@yennnniiii/video/7491192569792367890,https://www.tiktok.com/@lava.sanur/video/7523130049030147329
1023,Soteria Resto,Denpasar,4.4,289,Work from Cafe | Vibrant Nightlife | Budget Friendly,"['harga', 'pork ribs', 'proses', 'dinner', 'pesan', 'buku']",Rp 15–50k,Malam jam 7pm+,https://www.google.com/maps/place/Soteria+Resto/data=!4m7!3m6!1s0x2dd240cc9b75afa3:0x736f4a28d0c9faff!8m2!3d-8.6674873!4d115.1818923!16s%2Fg%2F1td8fhf9!19sChIJo691m8xA0i0R__rJ0ChKb3M?authuser=0&hl=id&rclk=1,-8.6674873,115.1818923,,,
1024,EATLAH DABAO DENPASAR,Denpasar,4.6,270,Work from Cafe | Vibrant Nightlife | Budget Friendly,"['salted egg', 'pelayanan', 'harga', 'comfort food', 'driver', 'promo']",Rp 15–50k,Malam jam 7pm+,https://www.google.com/maps/place/EATLAH+DABAO+DENPASAR/data=!4m7!3m6!1s0x2dd2410090fc6f53:0xc072be6d206bdd86!8m2!3d-8.6696359!4d115.211162!16s%2Fg%2F11j8h59p_4!19sChIJU2_8kABB0i0Rht1rIG2-csA?authuser=0&hl=id&rclk=1,-8.6696359,115.211162,https://www.tiktok.com/@eatlahjkt/video/7117600779606838555,,
1025,AHK DIMSUM l 中式点心,Denpasar,4.9,2391,Family Friendly | Work from Cafe | Vibrant Nightlife,"['all you can eat', 'luas', 'telur asin', 'siomay', 'mantau', 'comfort food']",Rp 150–400k,Malam jam 7pm+,https://www.google.com/maps/place/AHK+DIMSUM+l+%E4%B8%AD%E5%BC%8F%E7%82%B9%E5%BF%83/data=!4m7!3m6!1s0x2dd2414d3740f97f:0xc6b9f65914f064b0!8m2!3d-8.721251!4d115.1944657!16s%2Fg%2F11scc8vbp4!19sChIJf_lAN01B0i0RsGTwFFn2ucY?authuser=0&hl=id&rclk=1,-8.721251,115.1944657,https://www.tiktok.com/@2kaceex/video/7314266755688353029,https://www.tiktok.com/@jengjoleh/video/7623425761323519253,https://www.tiktok.com/@doctorculinary23/video/7444326865176677650
1026,Warung Nasi Ampera,Denpasar,4.5,995,Work from Cafe | Vibrant Nightlife,"['masakan sunda', 'lalapan', 'music', 'sayur asem', 'pepes', 'udang']",Rp 80–200k,Malam jam 7pm+,https://www.google.com/maps/place/Warung+Nasi+Ampera/data=!4m7!3m6!1s0x2dd241d49c7a9db7:0xbd81a3d3d8160d7c!8m2!3d-8.6698004!4d115.2108783!16s%2Fg%2F1hm29dm3w!19sChIJt516nNRB0i0RfA0W2NOjgb0?authuser=0&hl=id&rclk=1,-8.6698004,115.2108783,https://www.tiktok.com/@wn.ampera_bali/video/7544519855249132818,https://www.tiktok.com/@wn.ampera_bali/video/7606994253536922900,https://www.tiktok.com/@wn.ampera_bali/video/7567905552446049543
1027,Steak House Uncle Baker Bali,Denpasar,4.3,384,Work from Cafe | Vibrant Nightlife | Budget Friendly,"['spaghetti', 'tenderloin', 'harga', 'medium rare', 'service', 'carbonara']",Rp 15–50k,Malam jam 7pm+,https://www.google.com/maps/place/Steak+House+Uncle+Baker+Bali/data=!4m7!3m6!1s0x2dd2475ef2553069:0x3403e754e3feaa2b!8m2!3d-8.6703317!4d115.2144869!16s%2Fg%2F11gm9jcj_2!19sChIJaTBV8l5H0i0RK6r-41TnAzQ?authuser=0&hl=id&rclk=1,-8.6703317,115.2144869,https://www.tiktok.com/@deliciousbalii/video/7057044355273608474,https://www.tiktok.com/@aried3wa/video/6976390209193774337,https://www.tiktok.com/@steakunclebaker02/video/7561423354180144396
1028,Rumah Makan Kedaton - Hayam Wuruk,Denpasar,4.4,543,Work from Cafe | Vibrant Nightlife | Budget Friendly,"['nasi campur', 'lauk', 'pilihan', 'harga', 'enak', 'kebersihan']",Rp 15–50k,Malam jam 7pm+,https://www.google.com/maps/place/Rumah+Makan+Kedaton+-+Hayam+Wuruk/data=!4m7!3m6!1s0x2dd24085a9ef8571:0x684cc810a6f1b74c!8m2!3d-8.65703!4d115.2320753!16s%2Fg%2F11bzrnzcj1!19sChIJcYXvqYVA0i0RTLfxphDITGg?authuser=0&hl=id&rclk=1,-8.65703,115.2320753,https://www.tiktok.com/@deliciousbalii/video/7470400508755217670,https://www.tiktok.com/@nath_kuliner/video/7405809252557753605,https://www.tiktok.com/@baligaskeun/video/7493819505605446967
1029,Tree Bar at Maya Sanur,Denpasar,4.8,1790,Work from Cafe | Vibrant Nightlife,"['happy hour', 'samudra', 'resort', 'komang', 'guacamole', 'pajak']",Rp 150–400k,Malam jam 7pm+,https://www.google.com/maps/place/Tree+Bar+at+Maya+Sanur/data=!4m7!3m6!1s0x2dd241c60bea6f5b:0x7aecd68d9ad99491!8m2!3d-8.6981903!4d115.2657882!16s%2Fg%2F11c5s94jsn!19sChIJW2_qC8ZB0i0RkZTZmo3W7Ho?authuser=0&hl=id&rclk=1,-8.6981903,115.2657882,https://www.tiktok.com/@lenspil/video/7634472291748957448,https://www.tiktok.com/@dewi..raditya/video/7578824159376067861,https://www.tiktok.com/@mayaresorts/video/7633350542118653204
1030,COSTA - Beach Restaurant Sanur,Denpasar,4.8,2926,Sunset & View | Work from Cafe | Vibrant Nightlife,"['pantai', 'estetik', 'ikan lemadang', 'adi', 'smoothie bowls', 'barramundi']",Rp 150–400k,Sunset jam 5–7pm,https://www.google.com/maps/place/COSTA+-+Beach+Restaurant+Sanur/data=!4m7!3m6!1s0x2dd241a135a35d2b:0x9db0338bbb787710!8m2!3d-8.7099717!4d115.2581699!16s%2Fg%2F11ttb9k5pq!19sChIJK12jNaFB0i0REHd4u4szsJ0?authuser=0&hl=id&rclk=1,-8.7099717,115.2581699,https://www.tiktok.com/@amikerawati445/video/7605760878604061973,https://www.tiktok.com/@baliloveaffair/video/7540074058554068231,https://www.tiktok.com/@dhea.sukamakan/video/7585467273436400917
1031,Kimukatsu Living World Bali,Denpasar,4.8,4313,Work from Cafe | Vibrant Nightlife,"['promo', 'gyukatsu', 'chicken katsu', 'mall', 'mba', 'yoga']",Rp 150–400k,Malam jam 7pm+,https://www.google.com/maps/place/Kimukatsu+Living+World+Bali/data=!4m7!3m6!1s0x2dd23f5dd9043bc3:0x56beb3cccb21e097!8m2!3d-8.6348239!4d115.2320636!16s%2Fg%2F11tx6h341k!19sChIJwzsE2V0_0i0Rl-Ahy8yzvlY?authuser=0&hl=id&rclk=1,-8.6348239,115.2320636,https://www.tiktok.com/@tiaraexplorer/video/7608553105139043604,https://www.tiktok.com/@megaagustini__/video/7613742851989490964,https://www.tiktok.com/@foodbali/video/7588397100828790036
1032,Bella Italia Sanur,Denpasar,4.7,873,Work from Cafe | Vibrant Nightlife | Budget Friendly,"['limoncello', 'kepemilikan', 'ravioli jamur', 'tortellini', 'pizza pasta', 'kue cokelat cair']",Rp 15–50k,Malam jam 7pm+,https://www.google.com/maps/place/Bella+Italia+Sanur/data=!4m7!3m6!1s0x2dd241be28c6e14d:0x62ac4c0bec9a3cb3!8m2!3d-8.7075901!4d115.2564912!16s%2Fg%2F11c5dcdh9m!19sChIJTeHGKL5B0i0Rszya7AtMrGI?authuser=0&hl=id&rclk=1,-8.7075901,115.2564912,https://www.tiktok.com/@vinanih/video/7479813624178003208,https://www.tiktok.com/@bellaitaliasanur/video/7314888139049340166,https://www.tiktok.com/@sriyani3051/video/7559585244882472203
1033,Sheraton Bali Kuta Resort,Denpasar,4.7,7297,Work from Cafe | Vibrant Nightlife,['restoran'],Rp 150–400k,Malam jam 7pm+,https://www.google.com/maps/place/Sheraton+Bali+Kuta+Resort/data=!4m7!3m6!1s0x2dd246bee91e8a71:0x9af75bf4917cbb3f!8m2!3d-8.718289!4d115.16957!16s%2Fg%2F1hf2sj884!19sChIJcYoe6b5G0i0RP7t8kfRb95o?authuser=0&hl=id&rclk=1,-8.718289,115.16957,https://www.tiktok.com/@thebaliguideline/video/7628150433239944456,https://www.tiktok.com/@melalibali/video/7591795611054230792,https://www.tiktok.com/@travelerjakarta/video/7601008513539951893
1034,Kedaton,Denpasar,4.4,1201,Family Friendly | Work from Cafe | Vibrant Nightlife,"['nasi campur', 'luas', 'lauk', 'pilihan', 'halal', 'lokal']",Rp 50–150k,Malam jam 7pm+,https://www.google.com/maps/place/Kedaton/data=!4m7!3m6!1s0x2dd23f51442a1aa9:0x3a6b2ea7d23b018f!8m2!3d-8.6454038!4d115.1957267!16s%2Fg%2F1hm2ry2dj!19sChIJqRoqRFE_0i0RjwE70qcuazo?authuser=0&hl=id&rclk=1,-8.6454038,115.1957267,https://www.tiktok.com/@jelajahkuy_/video/7586637800880065800,https://www.tiktok.com/@anisans113/video/7614797970004888853,https://www.tiktok.com/@adammoge_yt/video/7435594782656826679
1035,Laoban Kopitiam Denpasar,Denpasar,4.3,702,Work from Cafe | Vibrant Nightlife,"['nasi hainan', 'kaya toast', 'pesan', 'laksa', 'teh tarik', 'siomay']",Rp 50–150k,Malam jam 7pm+,https://www.google.com/maps/place/Laoban+Kopitiam+Denpasar/data=!4m7!3m6!1s0x2dd241004252ee53:0x8091a327d4ce5cd7!8m2!3d-8.6843475!4d115.2308683!16s%2Fg%2F11vs0nx4l5!19sChIJU-5SQgBB0i0R11zO1CejkYA?authuser=0&hl=id&rclk=1,-8.6843475,115.2308683,https://www.tiktok.com/@abielmir72/video/7573542028311612692,https://www.tiktok.com/@kulinerdenpasar/video/7618099045101292820,https://www.tiktok.com/@mangosmoothies2/video/7575913154723466503
1036,Massimo Italian Restaurant,Denpasar,4.7,16358,Work from Cafe | Vibrant Nightlife,"['antrian', 'cone', 'sendok sauk', 'es krim gelato', 'es italia', 'rum kismis']",Rp 150–400k,Malam jam 7pm+,https://www.google.com/maps/place/Massimo+Italian+Restaurant/data=!4m7!3m6!1s0x2dd241c7496d1aa5:0x6d29b986d04a41a9!8m2!3d-8.7046949!4d115.2606167!16s%2Fg%2F11btmcj911!19sChIJpRptScdB0i0RqUFK0Ia5KW0?authuser=0&hl=id&rclk=1,-8.7046949,115.2606167,https://www.tiktok.com/@patriciaditha/video/7586683399474154772,https://www.tiktok.com/@iting.geron/video/7524976175731526919,https://www.tiktok.com/@foodbeacon/video/7569208770111360264
1037,Kuu Izakaya Dining,Denpasar,4.6,791,Sunset & View | Work from Cafe | Vibrant Nightlife,"['makan malam', 'service', 'bento', 'cocktail', 'perahu', 'salmon']",Rp 80–200k,Sunset jam 5–7pm,https://www.google.com/maps/place/Kuu+Izakaya+Dining/data=!4m7!3m6!1s0x2dd241c6296dbc65:0x3be75da2f5af36e7!8m2!3d-8.6974043!4d115.2634754!16s%2Fg%2F11c2kz8t53!19sChIJZbxtKcZB0i0R5zav9aJd5zs?authuser=0&hl=id&rclk=1,-8.6974043,115.2634754,https://www.tiktok.com/@balijourney_/video/7625948053496745223,https://www.tiktok.com/@hungrymikego/video/7453418478771391750,https://www.tiktok.com/@lestari_diskon/video/7480447754766929157
1038,Restoran Atoom Baru,Denpasar,4.3,117,Work from Cafe | Vibrant Nightlife | Budget Friendly,"['harga', 'mie goreng', 'pasar', 'pesan', 'pangsit', 'jamur']",Rp 15–50k,Malam jam 7pm+,https://www.google.com/maps/place/Restoran+Atoom+Baru/data=!4m7!3m6!1s0x2dd240a1f9888631:0x52c32eff7354b1ce!8m2!3d-8.6552144!4d115.2120509!16s%2Fg%2F1td2qd0l!19sChIJMYaI-aFA0i0RzrFUc_8uw1I?authuser=0&hl=id&rclk=1,-8.6552144,115.2120509,https://www.tiktok.com/@kroncongpotol/video/7557731481968299276,https://www.tiktok.com/@balijourney_/video/7607835997295906066,https://www.tiktok.com/@onwardticket/video/7505369343086120210
1039,Naga Eight Restaurant,Denpasar,4.6,744,Work from Cafe | Vibrant Nightlife,"['bebek peking', 'mapo tahu', 'kebaikan', 'taman', 'nasi hainan', 'mie goreng']",Rp 80–200k,Malam jam 7pm+,https://www.google.com/maps/place/Naga+Eight+Restaurant/data=!4m7!3m6!1s0x2dd24180ca3d2f19:0x88cb4860ac34279c!8m2!3d-8.6994527!4d115.2624149!16s%2Fg%2F11rhwcznbc!19sChIJGS89yoBB0i0RnCc0rGBIy4g?authuser=0&hl=id&rclk=1,-8.6994527,115.2624149,https://www.tiktok.com/@airyleo91/video/7511897606730059026,https://www.tiktok.com/@travelfitnessbali/video/7601776624048114962,https://www.tiktok.com/@mamberdua/video/7466777904848882962
1040,Soto Ayam Cita Rasa 1 (Cak DI),Denpasar,4.2,2218,Sunset & View | Work from Cafe | Vibrant Nightlife,"['nasi goreng', 'gorengnya', 'panas', 'enak', 'mie goreng', 'kantong']",Rp 30–100k,Sunset jam 5–7pm,https://www.google.com/maps/place/Soto+Ayam+Cita+Rasa+1+%28Cak+DI%29/data=!4m7!3m6!1s0x2dd240a227f53d8d:0xeff52f960025c81c!8m2!3d-8.6553904!4d115.2102131!16s%2Fg%2F1hc0_sd16!19sChIJjT31J6JA0i0RHMglAJYv9e8?authuser=0&hl=id&rclk=1,-8.6553904,115.2102131,https://www.tiktok.com/@makandanjalanjalan/video/7384058172484472069,https://www.tiktok.com/@deliciousbalii/video/6982694646702951706,https://www.tiktok.com/@udinkuliner/video/7517098385820667142
1041,Ayam Goreng Kalasan,Denpasar,4.4,957,Work from Cafe | Vibrant Nightlife,"['sambalnya', 'ayam kalasan', 'bumbu', 'gurih', 'nasi uduk', 'pedas']",Rp 50–150k,Malam jam 7pm+,https://www.google.com/maps/place/Ayam+Goreng+Kalasan/data=!4m7!3m6!1s0x2dd241eee658791b:0x50430ea20e52e2ca!8m2!3d-8.6668539!4d115.2297098!16s%2Fg%2F11nfvz2629!19sChIJG3lY5u5B0i0RyuJSDqIOQ1A?authuser=0&hl=id&rclk=1,-8.6668539,115.2297098,https://www.tiktok.com/@kulinerbattle/video/7605502243626044690,https://www.tiktok.com/@chillingbali/video/7572462888300940552,https://www.tiktok.com/@paonkost1/video/7625921056607374613
1042,Seagrass by the beach,Denpasar,4.4,703,Work from Cafe | Vibrant Nightlife,"['croissant', 'happy hour', 'promo', 'cocktail', 'samudra', 'fruits de mer']",Rp 50–150k,Malam jam 7pm+,https://www.google.com/maps/place/Seagrass+by+the+beach/data=!4m7!3m6!1s0x2dd241802a4ce8e1:0xbdc9b042e1291e8e!8m2!3d-8.7037263!4d115.2643899!16s%2Fg%2F11h0lq939w!19sChIJ4ehMKoBB0i0Rjh4p4UKwyb0?authuser=0&hl=id&rclk=1,-8.7037263,115.2643899,https://www.tiktok.com/@nieiies/video/7547941700669312262,https://www.tiktok.com/@mr.irfantastic/video/7503403187718688055,https://www.tiktok.com/@foodbeacon/video/7583675522161397000
1043,Sitara Indian Restaurant Denpasar,Denpasar,4.4,694,Work from Cafe | Vibrant Nightlife | Budget Friendly,"['harga', 'ayam mentega', 'keramahan', 'lidah', 'masala chai', 'chef']",Rp 15–50k,Malam jam 7pm+,https://www.google.com/maps/place/Sitara+Indian+Restaurant+Denpasar/data=!4m7!3m6!1s0x2dd240c53429b3b1:0xba34947ca4600912!8m2!3d-8.6803854!4d115.2036273!16s%2Fg%2F11g_901fg!19sChIJsbMpNMVA0i0REglgpHyUNLo?authuser=0&hl=id&rclk=1,-8.6803854,115.2036273,https://www.tiktok.com/@mokulineran/video/7605773484148526343,https://www.tiktok.com/@dunianewsbali/video/7567986064087092488,https://www.tiktok.com/@balinusracom/video/7568545105364176144
1044,Double Bee Cafe and Resto,Denpasar,4.7,718,Family Friendly | Work from Cafe | Vibrant Nightlife,"['music', 'luas', 'all you can eat', 'pesan', 'steak', 'strategis']",Rp 80–200k,Malam jam 7pm+,https://www.google.com/maps/place/Double+Bee+Cafe+and+Resto/data=!4m7!3m6!1s0x2dd241fab12ed503:0x1323d835d6302830!8m2!3d-8.6643572!4d115.2155319!16s%2Fg%2F11h6v4pmkd!19sChIJA9UusfpB0i0RMCgw1jXYIxM?authuser=0&hl=id&rclk=1,-8.6643572,115.2155319,https://www.tiktok.com/@doublebee_bali/video/7532546411804495110,https://www.tiktok.com/@doublebee_bali/video/7567468487002557716,https://www.tiktok.com/@doublebee_bali/video/7531785564257897733
1045,Bowl Kitchen,Denpasar,4.6,1145,Family Friendly | Work from Cafe | Vibrant Nightlife,"['playground', 'kids friendly', 'santai', 'lantai', 'spaghetti carbonara', 'estetik']",Rp 80–200k,Malam jam 7pm+,https://www.google.com/maps/place/Bowl+Kitchen/data=!4m7!3m6!1s0x2dd23f6ec08190bb:0xa6dc5ddc276f0c2b!8m2!3d-8.6359471!4d115.2197501!16s%2Fg%2F11cl_4h6s1!19sChIJu5CBwG4_0i0RKwxvJ9xd3KY?authuser=0&hl=id&rclk=1,-8.6359471,115.2197501,https://www.tiktok.com/@novialnahabiba/video/7612983073935805716,https://www.tiktok.com/@jajanmuluu11/video/7612982510166756626,https://www.tiktok.com/@deliciousbalii/video/7477869759984372997
1046,Bhoomi Restaurant,Denpasar,4.2,195,Sunset & View | Family Friendly | Work from Cafe | Vibrant Nightlife | Budget Friendly,"['playground', 'sawah', 'harga', 'hujan', 'sore', 'panas']",Rp 15–50k,Sunset jam 5–7pm,https://www.google.com/maps/place/Bhoomi+Restaurant/data=!4m7!3m6!1s0x2dd23f36982f6ea9:0xfa5202e738c8df!8m2!3d-8.6115144!4d115.2187468!16s%2Fg%2F11m_rk0xt6!19sChIJqW4vmDY_0i0R38g45wJS-gA?authuser=0&hl=id&rclk=1,-8.6115144,115.2187468,https://www.tiktok.com/@vidastana.puribunda/video/7528721636003040530,https://www.tiktok.com/@azkiyaalmahyra18/video/7573326476846681364,
1047,Warung Mina Renon,Denpasar,4.3,2675,Work from Cafe | Vibrant Nightlife,"['gurame', 'gazebo', 'bali', 'ikan bakar', 'pepes', 'nyaman']",Rp 50–150k,Malam jam 7pm+,https://www.google.com/maps/place/Warung+Mina+Renon/data=!4m7!3m6!1s0x2dd240f3b8dea7c7:0x264de70a11fdaa7a!8m2!3d-8.6730618!4d115.2283646!16s%2Fg%2F11gzpcydn!19sChIJx6feuPNA0i0Reqr9EQrnTSY?authuser=0&hl=id&rclk=1,-8.6730618,115.2283646,https://www.tiktok.com/@arifwhynot/video/7511989678967393543,https://www.tiktok.com/@adisagustin/video/7591012551161433364,https://www.tiktok.com/@hanna.feb/video/7535654148763618567
1048,Cafe Gemitir Bali,Denpasar,4.9,3552,Work from Cafe | Vibrant Nightlife | Romantic & Cozy,"['dinner', 'romantis', 'anniversary', 'dewi', 'pacar', 'udang']",Rp 150–400k,Malam jam 7pm+,https://www.google.com/maps/place/Cafe+Gemitir+Bali/data=!4m7!3m6!1s0x2dd247ec7a854e39:0x31a923ccab801617!8m2!3d-8.6999079!4d115.1827991!16s%2Fg%2F11qh2q6gf0!19sChIJOU6FeuxH0i0RFxaAq8wjqTE?authuser=0&hl=id&rclk=1,-8.6999079,115.1827991,https://www.tiktok.com/@wiinterrbear/video/7577956354824883464,https://www.tiktok.com/@wiindadewi_/video/7566976693752057108,https://www.tiktok.com/@gemitirbali/video/7520476905540209926
1049,Rumah Makan Moro Seneng Masakan Padang,Denpasar,4.4,128,Work from Cafe | Vibrant Nightlife | Budget Friendly,"['harga', 'nasi padang', 'rendang', 'bumbunya', 'pelayanan', 'lidah']",Rp 15–50k,Malam jam 7pm+,https://www.google.com/maps/place/Rumah+Makan+Moro+Seneng+Masakan+Padang/data=!4m7!3m6!1s0x2dd23f558eb995d5:0x86d762f4aa6bbb87!8m2!3d-8.6512222!4d115.1929193!16s%2Fg%2F11gbltsrm3!19sChIJ1ZW5jlU_0i0Rh7trqvRi14Y?authuser=0&hl=id&rclk=1,-8.6512222,115.1929193,https://www.tiktok.com/@bclodyy/video/7303111235153693957,https://www.tiktok.com/@mr.irfantastic/video/7481999895885253894,https://www.tiktok.com/@rawing.ajj8/video/7578896997705452816
1050,The Old Champ,Denpasar,4.5,2564,Work from Cafe | Vibrant Nightlife,"['pizza', 'steak', 'chicken parmigiana', 'pork ribs', 'pork belly', 'standar']",Rp 80–200k,Malam jam 7pm+,https://www.google.com/maps/place/The+Old+Champ/data=!4m7!3m6!1s0x2dd2406174d67261:0xd8ef24110339d0ea!8m2!3d-8.6647596!4d115.2393265!16s%2Fg%2F11bvvy60l1!19sChIJYXLWdGFA0i0R6tA5AxEk79g?authuser=0&hl=id&rclk=1,-8.6647596,115.2393265,https://www.tiktok.com/@balihints/video/7586901870124223764,https://www.tiktok.com/@ayu.rayna/video/7610041439921147156,https://www.tiktok.com/@deliciousbalii/video/7634798013881388308
1051,Depot Cak Asmo,Denpasar,4.5,1892,Family Friendly | Work from Cafe | Vibrant Nightlife,"['nasi goreng', 'capcay', 'luas', 'halal', 'indonesian food', 'telur asin']",Rp 80–200k,Malam jam 7pm+,https://www.google.com/maps/place/Depot+Cak+Asmo/data=!4m7!3m6!1s0x2dd240f172681d3f:0xd11a4fe475f176b1!8m2!3d-8.6755018!4d115.2280634!16s%2Fg%2F1pzq59vpt!19sChIJPx1ocvFA0i0RsXbxdeRPGtE?authuser=0&hl=id&rclk=1,-8.6755018,115.2280634,https://www.tiktok.com/@annee.annee19/video/7597113769587641621,https://www.tiktok.com/@wisatajalanjalan42/video/7629030248121634064,https://www.tiktok.com/@mellymelahap/video/7563260250476825877
1052,Warung Happy Monkeys,Denpasar,4.8,530,Sunset & View | Work from Cafe | Vibrant Nightlife,"['pantai sanur', 'nasi goreng', 'cash', 'icon bali', 'pajak', 'rendang']",Rp 80–200k,Sunset jam 5–7pm,https://www.google.com/maps/place/Warung+Happy+Monkeys/data=!4m7!3m6!1s0x2dd24100ac50e751:0x9a4e94ecd9d29f29!8m2!3d-8.6871504!4d115.2627078!16s%2Fg%2F11s986s11b!19sChIJUedQrABB0i0RKZ_S2eyUTpo?authuser=0&hl=id&rclk=1,-8.6871504,115.2627078,https://www.tiktok.com/@bali_shaz/video/7623930230117305608,https://www.tiktok.com/@bali_shaz/video/7592453786937986322,https://www.tiktok.com/@jenglucky/video/7455516650373172488
1053,The Village Cucina Italiana,Denpasar,4.4,610,Sunset & View | Work from Cafe | Vibrant Nightlife,"['pantai sanur', 'musik', 'pianis', 'oven', 'daftar anggur', 'ravioli']",Rp 50–150k,Sunset jam 5–7pm,https://www.google.com/maps/place/The+Village+Cucina+Italiana/data=!4m7!3m6!1s0x2dd241cbbbcd20a5:0x53fe0d97483a7e6!8m2!3d-8.6903459!4d115.2640073!16s%2Fg%2F1tf8jdn5!19sChIJpSDNu8tB0i0R5qeDdNngPwU?authuser=0&hl=id&rclk=1,-8.6903459,115.2640073,https://www.tiktok.com/@mata.tita/video/7623602174446062868,https://www.tiktok.com/@tiphaine_pln/video/7444528879487814968,https://www.tiktok.com/@eka.theexplorer/video/7538638090496265490
1054,Blossom Steakhouse,Denpasar,4.5,291,Sunset & View | Work from Cafe | Vibrant Nightlife,"['mall', 'tiram', 'wagyu', 'pantai', 'pavlova', 'steak tartare']",Rp 200–500k,Sunset jam 5–7pm,https://www.google.com/maps/place/Blossom+Steakhouse/data=!4m7!3m6!1s0x2dd241a387e10587:0xcde4eded5e6ed1f9!8m2!3d-8.6866891!4d115.2643555!16s%2Fg%2F11y6b3pzw3!19sChIJhwXhh6NB0i0R-dFuXu3t5M0?authuser=0&hl=id&rclk=1,-8.6866891,115.2643555,https://www.tiktok.com/@tieanair69/video/7588769087967251733,https://www.tiktok.com/@paulylong/video/7549160151958277431,https://www.tiktok.com/@whatsnewindonesia/video/7441524920800087351
1055,Paon Siap,Denpasar,4.8,246,Work from Cafe | Vibrant Nightlife | Budget Friendly,"['harga', 'ayam betutu', 'sate', 'sambal', 'kentang', 'pilihan']",Rp 15–50k,Malam jam 7pm+,https://www.google.com/maps/place/Paon+Siap/data=!4m7!3m6!1s0x2dd240a80b24f309:0xfd67349c3e8dffcf!8m2!3d-8.6523758!4d115.2005285!16s%2Fg%2F11fzf642cj!19sChIJCfMkC6hA0i0Rz_-NPpw0Z_0?authuser=0&hl=id&rclk=1,-8.6523758,115.2005285,https://www.tiktok.com/@mai.meblanjo/video/7516779081002667270,https://www.tiktok.com/@ygiri_sensei/video/7544200630756183313,https://www.tiktok.com/@paonsiap/video/7280333679711358213
1056,nasi babi guling malam,Tabanan,4.6,466,Sunset & View | Work from Cafe | Vibrant Nightlife | Budget Friendly,"['harga', 'kulitnya', 'rabu', 'pagi', 'enak', 'pedas']",Rp 15–50k,Sunset jam 5–7pm,https://www.google.com/maps/place/nasi+babi+guling+malam/data=!4m7!3m6!1s0x2dd23b8da2fe0943:0x84a0cf2ed9dce38a!8m2!3d-8.5423216!4d115.1338723!16s%2Fg%2F11h817qz7y!19sChIJQwn-oo070i0RiuPc2S7PoIQ?authuser=0&hl=id&rclk=1,-8.5423216,115.1338723,https://www.tiktok.com/@nomnombali/video/7634459973585603848,https://www.tiktok.com/@pakde_hanss/video/7611845122338295060,https://www.tiktok.com/@deliciousbalii/video/7621887017143766280
1057,Warung Klungah (Nasi Lawar & Be Genyol Bali),Tabanan,4.9,12,Work from Cafe | Vibrant Nightlife,[],Rp 50–150k,Malam jam 7pm+,https://www.google.com/maps/place/Warung+Klungah+%28Nasi+Lawar+%26+Be+Genyol+Bali%29/data=!4m7!3m6!1s0x2dd23a50891765cf:0x2a279923f463bb46!8m2!3d-8.5418594!4d115.1305594!16s%2Fg%2F11cmt93f2b!19sChIJz2UXiVA60i0RRrtj9COZJyo?authuser=0&hl=id&rclk=1,-8.5418594,115.1305594,https://www.tiktok.com/@dk6060bro/video/7598107657576123668,https://www.tiktok.com/@begenyolmenleny/video/7292925801186528518,https://www.tiktok.com/@_vincen8/video/7565447583582276871
1058,Paon moyo,Tabanan,5.0,9,Work from Cafe | Vibrant Nightlife,[],Rp 50–150k,Malam jam 7pm+,https://www.google.com/maps/place/Paon+moyo/data=!4m7!3m6!1s0x2dd23bdbf367a69f:0xf4b4c14e61f676bb!8m2!3d-8.5444198!4d115.1324582!16s%2Fg%2F11p6n1cgg3!19sChIJn6Zn89s70i0Ru3b2YU7BtPQ?authuser=0&hl=id&rclk=1,-8.5444198,115.1324582,https://www.tiktok.com/@paonmoyo/video/7615941671913606407,https://www.tiktok.com/@dperdana7/video/7616177685982711060,https://www.tiktok.com/@paonmoyo/video/7613995400642465031
1059,Mikotiam Jiao,Tabanan,4.4,130,Work from Cafe | Vibrant Nightlife | Budget Friendly,"['harga', 'nasi goreng', 'udang', 'cap cay', 'seafood']",Rp 15–50k,Malam jam 7pm+,https://www.google.com/maps/place/Mikotiam+Jiao/data=!4m7!3m6!1s0x2dd23a4aa154ab21:0xfb199ba2bbd4975b!8m2!3d-8.55383!4d115.1403519!16s%2Fg%2F11cm_4btq0!19sChIJIatUoUo60i0RW5fUu6KbGfs?authuser=0&hl=id&rclk=1,-8.55383,115.1403519,https://www.tiktok.com/@selerapuyu/video/7475350736650505480,https://www.tiktok.com/@cicitapao/video/7356786451645877509,
1060,CAKNO FRIED CHICKEN TABANAN,Tabanan,4.0,34,Work from Cafe | Vibrant Nightlife | Budget Friendly,"['harga', 'nasi', 'sambal', 'ayam geprek', 'dada', 'paha']",Rp 15–50k,Malam jam 7pm+,https://www.google.com/maps/place/CAKNO+FRIED+CHICKEN+TABANAN/data=!4m7!3m6!1s0x2dd23bff9a736c89:0x824dc87ee8222dd4!8m2!3d-8.5379063!4d115.1220506!16s%2Fg%2F11kq6r9jxb!19sChIJiWxzmv870i0R1C0i6H7ITYI?authuser=0&hl=id&rclk=1,-8.5379063,115.1220506,https://www.tiktok.com/@diekeshter/video/7621041216683019541,https://www.tiktok.com/@gogofriedchickenofficial/video/7630663401508850952,https://www.tiktok.com/@chickenlumertabanan/video/7632610543471234325
1061,Waroeng Spesial Sambal 'SS' Tabanan,Tabanan,2.4,544,Work from Cafe | Vibrant Nightlife,"['pesan', 'dingin', 'lapar', 'manajemen', 'gini', 'konsumen']",Rp 30–100k,Malam jam 7pm+,https://www.google.com/maps/place/Waroeng+Spesial+Sambal+%27SS%27+Tabanan/data=!4m7!3m6!1s0x2dd23b001f8dc7f5:0xde9f830a52bbf267!8m2!3d-8.5468499!4d115.1177443!16s%2Fg%2F11wmy3qmq6!19sChIJ9ceNHwA70i0RZ_K7UgqDn94?authuser=0&hl=id&rclk=1,-8.5468499,115.1177443,https://www.tiktok.com/@asfaaaa044/video/7601728350826089735,https://www.tiktok.com/@waroengss.official/video/7470024314046254344,https://www.tiktok.com/@paminilaper/video/7614879771524205842
1062,Sfc,Tabanan,4.1,7,Work from Cafe | Vibrant Nightlife,['ayam'],Rp 30–100k,Malam jam 7pm+,https://www.google.com/maps/place/Sfc/data=!4m7!3m6!1s0x2dd23a50fc80ba8f:0x882c28af8db5968!8m2!3d-8.5416025!4d115.1322391!16s%2Fg%2F11ty537hxj!19sChIJj7qA_FA60i0RaFnb-IrCggg?authuser=0&hl=id&rclk=1,-8.5416025,115.1322391,https://www.tiktok.com/@nurulilmigemoy85/video/7531273337192959237,https://www.tiktok.com/@sfcgeprekshellabali/video/7493143644359232823,https://www.tiktok.com/@nurulilmigemoy85/video/7463761951403920645
1063,WARUNG ERI (Soto Babat Sapi),Tabanan,4.7,228,Work from Cafe | Vibrant Nightlife | Budget Friendly,"['sate', 'nasi', 'gurih', 'halal', 'kuah', 'harga']",Rp 15–50k,Malam jam 7pm+,https://www.google.com/maps/place/WARUNG+ERI+%28Soto+Babat+Sapi%29/data=!4m7!3m6!1s0x2dd23a5eccc873b9:0x55217e347f857ba9!8m2!3d-8.5383727!4d115.1236789!16s%2Fg%2F11f40p9lrb!19sChIJuXPIzF460i0RqXuFfzR-IVU?authuser=0&hl=id&rclk=1,-8.5383727,115.1236789,https://www.tiktok.com/@yudixpurnawan/video/7622197604478192916,https://www.tiktok.com/@sontolbalon/video/7517166038996356358,https://www.tiktok.com/@cicitapao/video/7311939616393694469
1064,Nasi lawar SKS,Tabanan,5.0,30,Work from Cafe | Vibrant Nightlife,[],Rp 50–150k,Malam jam 7pm+,https://www.google.com/maps/place/Nasi+lawar+SKS/data=!4m7!3m6!1s0x2dd23baa7f7248f9:0x6abe1cd335730686!8m2!3d-8.5405249!4d115.1287021!16s%2Fg%2F11jwg5l8wb!19sChIJ-Uhyf6o70i0RhgZzNdMcvmo?authuser=0&hl=id&rclk=1,-8.5405249,115.1287021,https://www.tiktok.com/@balimaknyus/video/7600698497616153863,https://www.tiktok.com/@littlefairy063/video/7637332898483309845,https://www.tiktok.com/@ayuandiini14/video/7604443401848753415
1065,Warung Nanda Vegetarian,Tabanan,4.6,88,Work from Cafe | Vibrant Nightlife,[],Rp 50–150k,Malam jam 7pm+,https://www.google.com/maps/place/Warung+Nanda+Vegetarian/data=!4m7!3m6!1s0x2dd23a508a8ded37:0xed8052be329b752b!8m2!3d-8.5418882!4d115.1306915!16s%2Fg%2F11b66c_zzb!19sChIJN-2NilA60i0RK3WbMr5SgO0?authuser=0&hl=id&rclk=1,-8.5418882,115.1306915,https://www.tiktok.com/@warung_mogan/video/7546482371051277575,,
1066,Wr. PSG,Tabanan,4.6,14,Work from Cafe | Vibrant Nightlife,[],Rp 50–150k,Malam jam 7pm+,https://www.google.com/maps/place/Wr.+PSG/data=!4m7!3m6!1s0x2dd23a505f8e56bd:0xc074de27e43f20b!8m2!3d-8.5421455!4d115.1312455!16s%2Fg%2F11gcy2cw51!19sChIJvVaOX1A60i0RC_JDfuJNBww?authuser=0&hl=id&rclk=1,-8.5421455,115.1312455,,,
1067,Paon Geria Bakery & Pastry,Tabanan,4.6,49,Work from Cafe | Vibrant Nightlife,"['pilihan', 'bolen', 'box', 'dessert', 'kue red velvet mini', 'sihh']",Rp 50–150k,Malam jam 7pm+,https://www.google.com/maps/place/Paon+Geria+Bakery+%26+Pastry/data=!4m7!3m6!1s0x2dd23ba5464a8437:0xb8235af4401e5f12!8m2!3d-8.5370866!4d115.1198785!16s%2Fg%2F11f7r5wd3y!19sChIJN4RKRqU70i0REl8eQPRaI7g?authuser=0&hl=id&rclk=1,-8.5370866,115.1198785,https://www.tiktok.com/@paon_geria/video/7564594114289765639,https://www.tiktok.com/@paon_geria/video/7501305097389952261,https://www.tiktok.com/@paon_geria/video/7632954086589009172
1068,Mie Hotplate GACHOOR kak diyah tabanan,Tabanan,5.0,2,Work from Cafe | Vibrant Nightlife,[],Rp 50–150k,Malam jam 7pm+,https://www.google.com/maps/place/Mie+Hotplate+GACHOOR+kak+diyah+tabanan/data=!4m7!3m6!1s0x2dd23b9b7fe63089:0x5fb689f285affa2f!8m2!3d-8.5390521!4d115.1251494!16s%2Fg%2F11ylkph06j!19sChIJiTDmf5s70i0RL_qvhfKJtl8?authuser=0&hl=id&rclk=1,-8.5390521,115.1251494,https://www.tiktok.com/@mie.gachoor.kak_diyah/video/7637421633468140821,https://www.tiktok.com/@mie.gachoor.kak_diyah/video/7637859548312751380,https://www.tiktok.com/@sulistiyo0441/video/7587992743968804104
1069,Warung Dadi Wahana Bermain Anak,Tabanan,4.0,349,Family Friendly | Work from Cafe | Vibrant Nightlife | Budget Friendly,"['tempat bermain', 'kolam renang', 'harga', 'pesan', 'liburan', 'pilihan']",Rp 15–50k,Malam jam 7pm+,https://www.google.com/maps/place/Warung+Dadi+Wahana+Bermain+Anak/data=!4m7!3m6!1s0x2dd23b22af439a25:0x9de3496d568e46c!8m2!3d-8.5427954!4d115.1222999!16s%2Fg%2F11f9z62pvd!19sChIJJZpDryI70i0RbORo1ZY03gk?authuser=0&hl=id&rclk=1,-8.5427954,115.1222999,https://www.tiktok.com/@warung.dadi_/video/7559187189548977429,https://www.tiktok.com/@warung.dadi_/video/7570562377603681556,https://www.tiktok.com/@warung.dadi_/video/7550950493455977735
1070,Warung Sepek,Tabanan,4.3,98,Work from Cafe | Vibrant Nightlife | Budget Friendly,"['bakso', 'salmonnya', 'babat', 'harga', 'soto babat', 'sop']",Rp 15–50k,Malam jam 7pm+,https://www.google.com/maps/place/Warung+Sepek/data=!4m7!3m6!1s0x2dd23a597d30103b:0xced94aac7bdd8c84!8m2!3d-8.5397861!4d115.1258923!16s%2Fg%2F1hm4b8dyg!19sChIJOxAwfVk60i0RhIzde6xK2c4?authuser=0&hl=id&rclk=1,-8.5397861,115.1258923,https://www.tiktok.com/@amoy_foodtravel/video/7516030209888488760,https://www.tiktok.com/@baliwonderfood/video/7543905619846122808,https://www.tiktok.com/@hi.akusin/video/7581091440818703624
1071,Warung Rujak Seger,Tabanan,4.0,1,Work from Cafe | Vibrant Nightlife,[],Rp 30–100k,Malam jam 7pm+,https://www.google.com/maps/place/Warung+Rujak+Seger/data=!4m7!3m6!1s0x2dd23bf5b4bafc33:0x561e818d32944c58!8m2!3d-8.542379!4d115.1321171!16s%2Fg%2F11qrc0pp3g!19sChIJM_y6tPU70i0RWEyUMo2BHlY?authuser=0&hl=id&rclk=1,-8.542379,115.1321171,https://www.tiktok.com/@makanbarengtika/video/7564030749930736903,https://www.tiktok.com/@nomnombali/video/7569840076826414344,https://www.tiktok.com/@kulinerbali/video/7582190637160697095
1072,Dkriuk Fried Chicken Tabanan Kota,Tabanan,4.6,9,Work from Cafe | Vibrant Nightlife,[],Rp 50–150k,Malam jam 7pm+,https://www.google.com/maps/place/Dkriuk+Fried+Chicken+Tabanan+Kota/data=!4m7!3m6!1s0x2dd23bee4d5e5653:0x361c805b9e3b42d7!8m2!3d-8.5367677!4d115.1244103!16s%2Fg%2F11txjddd46!19sChIJU1ZeTe470i0R10I7nluAHDY?authuser=0&hl=id&rclk=1,-8.5367677,115.1244103,https://www.tiktok.com/@saraba.tapin/video/7599954187409034516,https://www.tiktok.com/@snowbee.dkriuk.pamarican/video/7629288478764748053,https://www.tiktok.com/@yunssfrn/video/7596952511982980372
1073,Wr Gundul,Tabanan,4.2,30,Work from Cafe | Vibrant Nightlife | Budget Friendly,"['chinese food', 'pesan', 'harga', 'cap cay', 'nasi']",Rp 15–50k,Malam jam 7pm+,https://www.google.com/maps/place/Wr+Gundul/data=!4m7!3m6!1s0x2dd23b33c6f133c7:0x2738ce83f854edf7!8m2!3d-8.5384718!4d115.1232842!16s%2Fg%2F11j9cxpg3x!19sChIJxzPxxjM70i0R9-1U-IPOOCc?authuser=0&hl=id&rclk=1,-8.5384718,115.1232842,https://www.tiktok.com/@mwf_bali/video/7624842237981003026,,
1074,Seblak Tabanan Kota,Tabanan,5.0,2,Work from Cafe | Vibrant Nightlife,[],Rp 50–150k,Malam jam 7pm+,https://www.google.com/maps/place/Seblak+Tabanan+Kota/data=!4m7!3m6!1s0x2dd23baae011d0b5:0xe7c6c8ff27daf72!8m2!3d-8.5398533!4d115.1258625!16s%2Fg%2F11mvqkll_8!19sChIJtdAR4Ko70i0Rcq998o9sfA4?authuser=0&hl=id&rclk=1,-8.5398533,115.1258625,https://www.tiktok.com/@baliwonderfood/video/7543562543474806022,https://www.tiktok.com/@arirtnsr__/video/7558680486839684363,https://www.tiktok.com/@seblaktehsenny/video/7582230991603879186
1075,Bakmie Ayam Hoki,Tabanan,4.8,100,Work from Cafe | Vibrant Nightlife | Budget Friendly,"['harga', 'enak', 'pangsit', 'bumbu', 'chinese food', 'minyak']",Rp 15–50k,Malam jam 7pm+,https://www.google.com/maps/place/Bakmie+Ayam+Hoki/data=!4m7!3m6!1s0x2dd23b43f1a2bb31:0xe8b1439ecb7f9d84!8m2!3d-8.5361795!4d115.1190753!16s%2Fg%2F11qzps0p5h!19sChIJMbui8UM70i0RhJ1_y55Dseg?authuser=0&hl=id&rclk=1,-8.5361795,115.1190753,https://www.tiktok.com/@asfaaaa044/video/7595113522468490504,https://www.tiktok.com/@bakmieayamhoki/video/7580276451774156039,https://www.tiktok.com/@bakmieayamhoki/video/7635862294840347924
1076,Warung Nasi Bali Ibu Sayu,Tabanan,4.5,229,Work from Cafe | Vibrant Nightlife | Budget Friendly,"['harga', 'nasi campur', 'kulit', 'babi', 'mobil', 'lauk']",Rp 15–50k,Malam jam 7pm+,https://www.google.com/maps/place/Warung+Nasi+Bali+Ibu+Sayu/data=!4m7!3m6!1s0x2dd23a5f6e0e941d:0x511108305505bf64!8m2!3d-8.5361926!4d115.1216651!16s%2Fg%2F11c4bcc3qm!19sChIJHZQObl860i0RZL8FVTAIEVE?authuser=0&hl=id&rclk=1,-8.5361926,115.1216651,https://www.tiktok.com/@molo.silaban/video/7488328691609554184,https://www.tiktok.com/@lumpiasukasuka/video/7560587388926397752,https://www.tiktok.com/@nasidaunjerukibusalu/video/7637390207792352520
1077,Cemilan88 Tabanan,Tabanan,5.0,1,Work from Cafe | Vibrant Nightlife,[],Rp 50–150k,Malam jam 7pm+,https://www.google.com/maps/place/Cemilan88+Tabanan/data=!4m7!3m6!1s0x2dd23b33e3204549:0x82478e258e13dc49!8m2!3d-8.538233!4d115.1204508!16s%2Fg%2F11ngjrb07z!19sChIJSUUg4zM70i0RSdwTjiWOR4I?authuser=0&hl=id&rclk=1,-8.538233,115.1204508,https://www.tiktok.com/@maharannydewi66/video/7434496428145233173,,
1078,Warung Sekedar,Tabanan,4.6,72,Work from Cafe | Vibrant Nightlife | Budget Friendly,"['gule', 'kambing', 'harga', 'bumbu']",Rp 15–50k,Malam jam 7pm+,https://www.google.com/maps/place/Warung+Sekedar/data=!4m7!3m6!1s0x2dd23a592db1c9c1:0x6667b50dd72fb1dd!8m2!3d-8.5380355!4d115.1239618!16s%2Fg%2F11hbvw44c3!19sChIJwcmxLVk60i0R3bEv1w21Z2Y?authuser=0&hl=id&rclk=1,-8.5380355,115.1239618,,,
1079,Warung Bu Agung,Tabanan,4.2,5,Work from Cafe | Vibrant Nightlife,[],Rp 30–100k,Malam jam 7pm+,https://www.google.com/maps/place/Warung+Bu+Agung/data=!4m7!3m6!1s0x2dd23a51cccb755f:0xe8c6c76644434f66!8m2!3d-8.5437233!4d115.1326032!16s%2Fg%2F11cr_fj51l!19sChIJX3XLzFE60i0RZk9DRGbHxug?authuser=0&hl=id&rclk=1,-8.5437233,115.1326032,https://www.tiktok.com/@ceritakulineran/video/7546810040779377928,https://www.tiktok.com/@yuliadnyanii/video/7532753306918112529,https://www.tiktok.com/@chefsukajajan/video/7535076274964860167
1080,Warung Soto Sate Babi/ Ayam,Tabanan,5.0,2,Work from Cafe | Vibrant Nightlife,[],Rp 50–150k,Malam jam 7pm+,https://www.google.com/maps/place/Warung+Soto+Sate+Babi%2F+Ayam/data=!4m7!3m6!1s0x2dd23a50df0b351d:0x13b4a32289847a0f!8m2!3d-8.5402897!4d115.1325355!16s%2Fg%2F11f042vhnn!19sChIJHTUL31A60i0RD3qEiSKjtBM?authuser=0&hl=id&rclk=1,-8.5402897,115.1325355,https://www.tiktok.com/@jooxgallery/video/7636667771123797256,https://www.tiktok.com/@thewa.daily/video/7620065255862865169,https://www.tiktok.com/@bali_update/video/7637745173719420178
1081,Maem Sik,Tabanan,4.4,9,Work from Cafe | Vibrant Nightlife,['nasi'],Rp 50–150k,Malam jam 7pm+,https://www.google.com/maps/place/Maem+Sik/data=!4m7!3m6!1s0x2dd23b0f9079712b:0x6aac8d9d7017cccb!8m2!3d-8.5388944!4d115.1242099!16s%2Fg%2F11pc9vcpyv!19sChIJK3F5kA870i0Ry8wXcJ2NrGo?authuser=0&hl=id&rclk=1,-8.5388944,115.1242099,https://www.tiktok.com/@maemsik.panjer/video/7532060110303022392,,
1082,Smoky Ceker Pedas Tabanan,Tabanan,5.0,6,Work from Cafe | Vibrant Nightlife,[],Rp 50–150k,Malam jam 7pm+,https://www.google.com/maps/place/Smoky+Ceker+Pedas+Tabanan/data=!4m7!3m6!1s0x2dd23ba1544cdcdb:0xba9d510af43a3156!8m2!3d-8.5353479!4d115.1264852!16s%2Fg%2F11p39lncbs!19sChIJ29xMVKE70i0RVjE69ApRnbo?authuser=0&hl=id&rclk=1,-8.5353479,115.1264852,https://www.tiktok.com/@ebuhwinaya/video/7529072865447038216,https://www.tiktok.com/@sengkunblackdog_channel/video/7577272466695933200,
1083,WARUNG STEAK AYAM 20,Tabanan,4.7,27,Work from Cafe | Vibrant Nightlife | Budget Friendly,['harga'],Rp 15–50k,Malam jam 7pm+,https://www.google.com/maps/place/WARUNG+STEAK+AYAM+20/data=!4m7!3m6!1s0x2dd23b473b80388f:0x61f2ea3f7d2a1cfd!8m2!3d-8.538473!4d115.1231287!16s%2Fg%2F11tmv6kqdw!19sChIJjziAO0c70i0R_RwqfT_q8mE?authuser=0&hl=id&rclk=1,-8.538473,115.1231287,https://www.tiktok.com/@lulidibali/video/7542002082534919431,https://www.tiktok.com/@zowafnb/video/7540893551228669202,https://www.tiktok.com/@bins_fd/video/7592936915909840145
1084,Sate Bawah Pohon Gedung I Ketut Maria Tabanan,Tabanan,4.3,3,Work from Cafe | Vibrant Nightlife,[],Rp 50–150k,Malam jam 7pm+,https://www.google.com/maps/place/Sate+Bawah+Pohon+Gedung+I+Ketut+Maria+Tabanan/data=!4m7!3m6!1s0x2dd23b9d17ee508b:0xd2c95ee1b6988580!8m2!3d-8.5377572!4d115.1249014!16s%2Fg%2F11pw6s36r5!19sChIJi1DuF5070i0RgIWYtuFeydI?authuser=0&hl=id&rclk=1,-8.5377572,115.1249014,https://www.tiktok.com/@punapitabanancontent/video/7629185663505632532,https://www.tiktok.com/@satekalcertbn/video/7562189149386722568,https://www.tiktok.com/@deva_bedugul/video/7562476310849785109
1085,Warung Peteluan 123,Tabanan,4.7,12,Work from Cafe | Vibrant Nightlife,['ayam betutu'],Rp 50–150k,Malam jam 7pm+,https://www.google.com/maps/place/Warung+Peteluan+123/data=!4m7!3m6!1s0x2dd23a5ecb598fbd:0xb3b28e3048f13855!8m2!3d-8.5386231!4d115.1236105!16s%2Fg%2F11gf9p3ywb!19sChIJvY9Zy1460i0RVTjxSDCOsrM?authuser=0&hl=id&rclk=1,-8.5386231,115.1236105,,,
1086,Aliri Sate Babi - depan kantor pos Tabanan,Tabanan,5.0,2,Work from Cafe | Vibrant Nightlife,[],Rp 50–150k,Malam jam 7pm+,https://www.google.com/maps/place/Aliri+Sate+Babi+-+depan+kantor+pos+Tabanan/data=!4m7!3m6!1s0x2dd23bfae84ad98d:0xc28fa2f0a5e08419!8m2!3d-8.5405147!4d115.1344571!16s%2Fg%2F11py71rbmx!19sChIJjdlK6Po70i0RGYTgpfCij8I?authuser=0&hl=id&rclk=1,-8.5405147,115.1344571,https://www.tiktok.com/@lilysamapaty/video/7609931873761955088,https://www.tiktok.com/@tuendra.nyamabaduda/video/7602176280536124680,https://www.tiktok.com/@indahmegapratiwi_/video/7536910022643666232
1087,NASI GORENG SURABAYA,Tabanan,5.0,4,Work from Cafe | Vibrant Nightlife,[],Rp 50–150k,Malam jam 7pm+,https://www.google.com/maps/place/NASI+GORENG+SURABAYA/data=!4m7!3m6!1s0x2dd23b693d1e721f:0x66566d92faa618f9!8m2!3d-8.540463!4d115.125529!16s%2Fg%2F11j6yf9gl_!19sChIJH3IePWk70i0R-Rim-pJtVmY?authuser=0&hl=id&rclk=1,-8.540463,115.125529,https://www.tiktok.com/@soezan85/video/7443060631697231160,https://www.tiktok.com/@limanbali/video/7495720105515519239,https://www.tiktok.com/@pungkyari12/video/7623293226434186517
1088,Pempek Palembang Cek Mira,Tabanan,4.0,4,Work from Cafe | Vibrant Nightlife,[],Rp 30–100k,Malam jam 7pm+,https://www.google.com/maps/place/Pempek+Palembang+Cek+Mira/data=!4m7!3m6!1s0x2dd23b9606902d4f:0x90cb755ffa068e1!8m2!3d-8.5398557!4d115.1268606!16s%2Fg%2F11ssl8sbct!19sChIJTy2QBpY70i0R4Wig_1W3DAk?authuser=0&hl=id&rclk=1,-8.5398557,115.1268606,https://www.tiktok.com/@pempekpalembang98asli/video/7515382093279431941,https://www.tiktok.com/@pempekceksari03/video/7507812264687226117,https://www.tiktok.com/@kulinersumsell/video/7508252643165261064
1089,Depot Selamet Kenyeri,Tabanan,4.1,66,Work from Cafe | Vibrant Nightlife,"['bakso', 'nasi campur']",Rp 30–100k,Malam jam 7pm+,https://www.google.com/maps/place/Depot+Selamet+Kenyeri/data=!4m7!3m6!1s0x2dd23a5962b0878d:0xe7af1d456c444401!8m2!3d-8.5400628!4d115.1258148!16s%2Fg%2F1hm6ll7wp!19sChIJjYewYlk60i0RAUREbEUdr-c?authuser=0&hl=id&rclk=1,-8.5400628,115.1258148,,,
1090,Ease Coffee Bali,Tabanan,5.0,20,Family Friendly | Work from Cafe | Vibrant Nightlife,"['vanilla', 'anak', 'pelayanan']",Rp 50–150k,Malam jam 7pm+,https://www.google.com/maps/place/Ease+Coffee+Bali/data=!4m7!3m6!1s0x2dd23b64526d27b3:0x4be15159a74f172e!8m2!3d-8.5379101!4d115.1225275!16s%2Fg%2F11wh_4hfwm!19sChIJsydtUmQ70i0RLhdPp1lR4Us?authuser=0&hl=id&rclk=1,-8.5379101,115.1225275,https://www.tiktok.com/@alfinjayateknik0/video/7547926014307978552,https://www.tiktok.com/@easecoffee.bali/video/7585828797866462471,https://www.tiktok.com/@easecoffee.bali/video/7585442528774671634
1091,Downtown - Kedungu,Tabanan,4.9,489,Work from Cafe | Vibrant Nightlife,"['hidangan meksiko', 'salsa', 'margarita', 'panggang hari minggu', 'huevos rancheros', 'slush']",Rp 50–150k,Malam jam 7pm+,https://www.google.com/maps/place/Downtown+-+Kedungu/data=!4m7!3m6!1s0x2dd239619eef0839:0x3bf627428eb18224!8m2!3d-8.6046391!4d115.0900733!16s%2Fg%2F11kj8dt3lk!19sChIJOQjvnmE50i0RJIKxjkIn9js?authuser=0&hl=id&rclk=1,-8.6046391,115.0900733,https://www.tiktok.com/@riannatravels/video/7400538010909183237,https://www.tiktok.com/@okasemadi88/video/7477797698024852742,https://www.tiktok.com/@lady_ontravel/video/7523086104917134610
1092,Nasi Soto SGM,Tabanan,4.8,45,Work from Cafe | Vibrant Nightlife,"['kare', 'lontong']",Rp 50–150k,Malam jam 7pm+,https://www.google.com/maps/place/Nasi+Soto+SGM/data=!4m7!3m6!1s0x2dd23bdd1b6e42c1:0x15890cb951d41736!8m2!3d-8.5383596!4d115.123629!16s%2Fg%2F11hdqp05lr!19sChIJwUJuG9070i0RNhfUUbkMiRU?authuser=0&hl=id&rclk=1,-8.5383596,115.123629,https://www.tiktok.com/@jajanmuluu11/video/7592944510192176392,https://www.tiktok.com/@waroengcabecabean/video/7560967029348502795,
1093,Rindu Speakeasy Tabanan,Tabanan,4.1,9,Work from Cafe | Vibrant Nightlife,[],Rp 30–100k,Malam jam 7pm+,https://www.google.com/maps/place/Rindu+Speakeasy+Tabanan/data=!4m7!3m6!1s0x2dd23bd081e32677:0x45541e991a5d0313!8m2!3d-8.5358984!4d115.1244872!16s%2Fg%2F11fl98kj56!19sChIJdybjgdA70i0REwNdGpkeVEU?authuser=0&hl=id&rclk=1,-8.5358984,115.1244872,https://www.tiktok.com/@ruangrindutabanan/video/7584006213633871124,,
1094,Warung Tulus Lobster,Tabanan,4.2,570,Sunset & View | Work from Cafe | Vibrant Nightlife | Budget Friendly,"['pantai', 'sunset', 'grill', 'santai', 'pelayanan', 'kantong']",Rp 15–50k,Sunset jam 5–7pm,https://www.google.com/maps/place/Warung+Tulus+Lobster/data=!4m7!3m6!1s0x2dd237386150a1b1:0xc5e604d9fe5f7cc3!8m2!3d-8.5915801!4d115.0691951!16s%2Fg%2F11f2b6g8w2!19sChIJsaFQYTg30i0Rw3xf_tkE5sU?authuser=0&hl=id&rclk=1,-8.5915801,115.0691951,https://www.tiktok.com/@dewapututulus1/video/7488156171807870216,https://www.tiktok.com/@fidhaprisnandap/video/7569957827574271263,https://www.tiktok.com/@wildatikhoirunnisa/video/7511962544429337861
1095,Warung Tipat Tahu Pak Nurul,Tabanan,4.8,25,Work from Cafe | Vibrant Nightlife,[],Rp 50–150k,Malam jam 7pm+,https://www.google.com/maps/place/Warung+Tipat+Tahu+Pak+Nurul/data=!4m7!3m6!1s0x2dd23b607e42a89d:0x4c351cff9c009e4a!8m2!3d-8.5385447!4d115.1239486!16s%2Fg%2F11h4_d74rq!19sChIJnahCfmA70i0RSp4AnP8cNUw?authuser=0&hl=id&rclk=1,-8.5385447,115.1239486,https://www.tiktok.com/@adinda_giri/video/7534299908786982150,https://www.tiktok.com/@safirakus__/video/7589990736876145927,https://www.tiktok.com/@siiegabut/video/7597446225964633352
1096,Tabanann,Tabanan,1.0,1,Work from Cafe | Vibrant Nightlife,[],Rp 30–100k,Malam jam 7pm+,https://www.google.com/maps/place/Tabanann/data=!4m7!3m6!1s0x2dd23b006f245625:0x6450c265c290ed87!8m2!3d-8.5375566!4d115.1246918!16s%2Fg%2F11y34lj738!19sChIJJVYkbwA70i0Rh-2QwmXCUGQ?authuser=0&hl=id&rclk=1,-8.5375566,115.1246918,https://www.tiktok.com/@tabanannewstoday/video/7639212686122749204,,
1097,Nasi Campur I,Tabanan,5.0,2,Work from Cafe | Vibrant Nightlife,[],Rp 50–150k,Malam jam 7pm+,https://www.google.com/maps/place/Nasi+Campur+I/data=!4m7!3m6!1s0x2dd23a5f6c8d1e19:0xa384aaccccc1743c!8m2!3d-8.536002!4d115.1231859!16s%2Fg%2F11c6v16lnp!19sChIJGR6NbF860i0RPHTBzMyqhKM?authuser=0&hl=id&rclk=1,-8.536002,115.1231859,https://www.tiktok.com/@balimaknyus/video/7619327970527677717,https://www.tiktok.com/@itsdyahp/video/7604289196127194386,https://www.tiktok.com/@taniiithaa/video/7632508233487355157
1098,"SUGAR DADDY TABANAN (CAFE, BAR, & KARAOKE)",Tabanan,5.0,108,Family Friendly | Work from Cafe | Vibrant Nightlife | Budget Friendly,"['ajak', 'menu', 'pelayanan', 'pesta', 'idul fitri', 'anak']",Rp 15–50k,Malam jam 7pm+,"https://www.google.com/maps/place/SUGAR+DADDY+TABANAN+%28CAFE,+BAR,+%26+KARAOKE%29/data=!4m7!3m6!1s0x2dd23bdcd9160109:0x9a7c1cf132dc9cb3!8m2!3d-8.5434048!4d115.1193444!16s%2Fg%2F11j37kx4fy!19sChIJCQEW2dw70i0Rs5zcMvEcfJo?authuser=0&hl=id&rclk=1",-8.5434048,115.1193444,https://www.tiktok.com/@sugar.daddy.bali/video/7269359772472806661,https://www.tiktok.com/@sugar.daddy.bali/video/7306643720835763462,
1099,BaliHeppy Resto & Family Karaoke,Tabanan,3.6,12,Work from Cafe | Vibrant Nightlife,[],Rp 30–100k,Malam jam 7pm+,https://www.google.com/maps/place/BaliHeppy+Resto+%26+Family+Karaoke/data=!4m7!3m6!1s0x2dd23bdf211551db:0xb17c8ed63c04e056!8m2!3d-8.535948!4d115.1121896!16s%2Fg%2F11frkw5yhq!19sChIJ21EVId870i0RVuAEPNaOfLE?authuser=0&hl=id&rclk=1,-8.535948,115.1121896,https://www.tiktok.com/@otw_melali/video/7554613979767721234,,
1100,Warung Makan Nasi Jinggo Cuppak,Tabanan,5.0,24,Work from Cafe | Vibrant Nightlife,[],Rp 50–150k,Malam jam 7pm+,https://www.google.com/maps/place/Warung+Makan+Nasi+Jinggo+Cuppak/data=!4m7!3m6!1s0x2dd23bc690b98479:0xeea13aa3b826c49d!8m2!3d-8.5365173!4d115.124517!16s%2Fg%2F11grtmq8sn!19sChIJeYS5kMY70i0RncQmuKM6oe4?authuser=0&hl=id&rclk=1,-8.5365173,115.124517,https://www.tiktok.com/@luhkadesuantari/video/7588920861915188500,https://www.tiktok.com/@warung.jenar/video/7585445692584381717,https://www.tiktok.com/@heeygeorgina/video/7564304061344910612
1101,Joged Bali Cafe,Tabanan,4.3,40,Work from Cafe | Vibrant Nightlife,[],Rp 50–150k,Malam jam 7pm+,https://www.google.com/maps/place/Joged+Bali+Cafe/data=!4m7!3m6!1s0x2dd23a391f46434b:0x25240b8814d0b964!8m2!3d-8.5475758!4d115.1174039!16s%2Fg%2F11f40rtwnn!19sChIJS0NGHzk60i0RZLnQFIgLJCU?authuser=0&hl=id&rclk=1,-8.5475758,115.1174039,https://www.tiktok.com/@joged.bali.cafe6/video/7514308885700709653,https://www.tiktok.com/@milas.salim39/video/7627702253427625234,https://www.tiktok.com/@joged.bali.cafe6/video/7496008303617559826
1102,BeliKopi Tabanan,Tabanan,3.3,247,Family Friendly | Work from Cafe | Vibrant Nightlife | Budget Friendly,"['kasir', 'anak', 'roti', 'pesan', 'pelayanan', 'harga']",Rp 15–50k,Malam jam 7pm+,https://www.google.com/maps/place/BeliKopi+Tabanan/data=!4m7!3m6!1s0x2dd23bdeac863619:0xa3fddf191050b6ed!8m2!3d-8.5535426!4d115.1406318!16s%2Fg%2F11r_q2hc1s!19sChIJGTaGrN470i0R7bZQEBnf_aM?authuser=0&hl=id&rclk=1,-8.5535426,115.1406318,,,
1103,Restaurant Terapung Ex. Pelabuhan Buleleng,Buleleng,4.6,25,Work from Cafe | Vibrant Nightlife,[],Rp 50–150k,Malam jam 7pm+,https://www.google.com/maps/place/Restaurant+Terapung+Ex.+Pelabuhan+Buleleng/data=!4m7!3m6!1s0x2dd19a06086ac1d1:0xc281f81f984a010!8m2!3d-8.1040447!4d115.0888522!16s%2Fg%2F11f15b9pdh!19sChIJ0cFqCAaa0S0REKCE-YEfKAw?authuser=0&hl=id&rclk=1,-8.1040447,115.0888522,https://www.tiktok.com/@bundaarbychannel/video/7467395502653361414,https://www.tiktok.com/@bundaarbychannel/video/7448215137871252742,https://www.tiktok.com/@royal.sunset0/video/7460026364469595400
1104,Beatrix Patisserie And Gourmet,Buleleng,4.4,272,Work from Cafe | Vibrant Nightlife | Budget Friendly,"['harga', 'kue', 'pizza', 'meeting', 'bakery', 'cafe']",Rp 15–50k,Malam jam 7pm+,https://www.google.com/maps/place/Beatrix+Patisserie+And+Gourmet/data=!4m7!3m6!1s0x2dd19a74c204ed4f:0xe4c52c514dac4648!8m2!3d-8.1157654!4d115.0889463!16s%2Fg%2F11bbrj68m5!19sChIJT-0EwnSa0S0RSEasTVEsxeQ?authuser=0&hl=id&rclk=1,-8.1157654,115.0889463,https://www.tiktok.com/@agusapriadiputu/video/7545351773033221432,https://www.tiktok.com/@omandoat/video/7503186149419093256,https://www.tiktok.com/@jalansamavier/video/7606705618971413768
1105,Warung PP Ikan Bakar,Buleleng,4.7,475,Sunset & View | Work from Cafe | Vibrant Nightlife,"['pantai', 'sawah', 'grilled', 'bumbu', 'sambel', 'cumi']",Rp 50–150k,Sunset jam 5–7pm,https://www.google.com/maps/place/Warung+PP+Ikan+Bakar/data=!4m7!3m6!1s0x2dd19a416278a9e1:0x127a56a1c1687ea2!8m2!3d-8.1208952!4d115.0664916!16s%2Fg%2F11g02y5zg0!19sChIJ4al4YkGa0S0Ron5owaFWehI?authuser=0&hl=id&rclk=1,-8.1208952,115.0664916,https://www.tiktok.com/@momy_hebat/video/7490030883790015752,https://www.tiktok.com/@kadekkeliling/video/7579051153606872340,https://www.tiktok.com/@blimade_story/video/7627383029312261394
1106,"VEGI HOUSE ,Vegan culinary and healthy food",Buleleng,4.9,96,Work from Cafe | Vibrant Nightlife | Budget Friendly,"['harga', 'kombucha', 'chat', 'dumpling', 'lotek', 'masakan indonesia']",Rp 15–50k,Malam jam 7pm+,"https://www.google.com/maps/place/VEGI+HOUSE+,Vegan+culinary+and+healthy+food/data=!4m7!3m6!1s0x2dd19b9b4f2e6761:0x5867f7cd5d961238!8m2!3d-8.1154463!4d115.0918374!16s%2Fg%2F11h55545vj!19sChIJYWcuT5ub0S0ROBKWXc33Z1g?authuser=0&hl=id&rclk=1",-8.1154463,115.0918374,https://www.tiktok.com/@contentbytara/video/7526278868605537538,https://www.tiktok.com/@nath_kuliner/video/7623249473279364373,https://www.tiktok.com/@browngirlvegan/video/7546244824404348167
1107,Demen Heaven,Buleleng,4.5,108,Sunset & View | Work from Cafe | Vibrant Nightlife | Budget Friendly,"['harga', 'pelayanan', 'pantai', 'pizza', 'sawah', 'milkshake']",Rp 15–50k,Sunset jam 5–7pm,https://www.google.com/maps/place/Demen+Heaven/data=!4m7!3m6!1s0x2dd19b0a3c8794b7:0xb31cc3efe6f27a48!8m2!3d-8.1205887!4d115.0677749!16s%2Fg%2F11jzbzn89q!19sChIJt5SHPAqb0S0RSHry5u_DHLM?authuser=0&hl=id&rclk=1,-8.1205887,115.0677749,https://www.tiktok.com/@nsanosa26/video/7578715409902357768,https://www.tiktok.com/@tugekojol/video/7574991696082078984,https://www.tiktok.com/@demenheaven22/video/7558359209889369400
1108,Lokal steak,Buleleng,4.2,174,Work from Cafe | Vibrant Nightlife | Budget Friendly,"['harga', 'pelayanan', 'kasir', 'asin', 'bumbu', 'wort']",Rp 15–50k,Malam jam 7pm+,https://www.google.com/maps/place/Lokal+steak/data=!4m7!3m6!1s0x2dd19bd75e0b05ff:0xad01776fede35157!8m2!3d-8.1184022!4d115.0840025!16s%2Fg%2F11jyf7lk_n!19sChIJ_wULXteb0S0RV1Hj7W93Aa0?authuser=0&hl=id&rclk=1,-8.1184022,115.0840025,https://www.tiktok.com/@wuulan_darie/video/7542015773179497733,https://www.tiktok.com/@blimade_story/video/7550612164713762065,https://www.tiktok.com/@soezan85/video/7628548622333775124
1109,Banyan Kitchen & Space,Buleleng,4.2,73,Work from Cafe | Vibrant Nightlife,"['panas', 'spring roll', 'french fries', 'spaghetti bolognese', 'keasinan', 'nasi campur']",Rp 30–100k,Malam jam 7pm+,https://www.google.com/maps/place/Banyan+Kitchen+%26+Space/data=!4m7!3m6!1s0x2dd19bcdc7a89b1f:0x59da2bb7d3e0d9d0!8m2!3d-8.118388!4d115.0920008!16s%2Fg%2F11vkl0z8t7!19sChIJH5uox82b0S0R0Nng07cr2lk?authuser=0&hl=id&rclk=1,-8.118388,115.0920008,https://www.tiktok.com/@banyan.tree.kitch/video/7347950005094747397,https://www.tiktok.com/@banyan.tree.kitch/video/7398813099354082561,https://www.tiktok.com/@banyan.tree.kitch/video/7349471726423641349
1110,Nugraha Seaside Resto,Buleleng,4.6,25,Sunset & View | Work from Cafe | Vibrant Nightlife,"['sunset', 'ikan', 'makan malam']",Rp 50–150k,Sunset jam 5–7pm,https://www.google.com/maps/place/Nugraha+Seaside+Resto/data=!4m7!3m6!1s0x2dd19b5a5676f7e5:0x422eab17fe4b4890!8m2!3d-8.1676778!4d115.0078961!16s%2Fg%2F1q661b4d6!19sChIJ5fd2Vlqb0S0RkEhL_herLkI?authuser=0&hl=id&rclk=1,-8.1676778,115.0078961,https://www.tiktok.com/@nugraha.seaside.r/video/7475751062213840134,https://www.tiktok.com/@nugraha.lovina/video/7514861220768402695,https://www.tiktok.com/@nugraha.lovina/video/7600022520611310855
1111,Restaurant Puri Saron,Buleleng,4.3,11,Work from Cafe | Vibrant Nightlife,[],Rp 50–150k,Malam jam 7pm+,https://www.google.com/maps/place/Restaurant+Puri+Saron/data=!4m7!3m6!1s0x2dd19b09cd9011ad:0x915006760af634b!8m2!3d-8.1336755!4d115.0567923!16s%2Fg%2F11glxp4ygv!19sChIJrRGQzQmb0S0RS2OvYGcAFQk?authuser=0&hl=id&rclk=1,-8.1336755,115.0567923,https://www.tiktok.com/@baby.queen999/video/7595739517219376405,https://www.tiktok.com/@triatmamulya/video/7423245897145928965,https://www.tiktok.com/@puri.saron.lovina/video/7400290068516146438
1112,Mister Crab Live Seafood,Buleleng,4.6,166,Sunset & View | Work from Cafe | Vibrant Nightlife | Budget Friendly,"['harga', 'lobster', 'bumbu', 'nasi', 'udangnya', 'aquarium']",Rp 15–50k,Sunset jam 5–7pm,https://www.google.com/maps/place/Mister+Crab+Live+Seafood/data=!4m7!3m6!1s0x2dd19b326fe6be65:0xe1d2a258e0cea008!8m2!3d-8.1230189!4d115.0665116!16s%2Fg%2F11t3yv90h7!19sChIJZb7mbzKb0S0RCKDO4Fii0uE?authuser=0&hl=id&rclk=1,-8.1230189,115.0665116,https://www.tiktok.com/@mister_crab_singaraja/video/7464860566419475718,https://www.tiktok.com/@mister_crab_singaraja/video/7416158941429632261,https://www.tiktok.com/@vie.christ/video/7274456459377642758
1113,Warung Kunyit Bali,Buleleng,4.1,230,Sunset & View | Work from Cafe | Vibrant Nightlife | Budget Friendly,"['pantai', 'harga', 'sunset', 'cocktail', 'pizza', 'makan malam']",Rp 15–50k,Sunset jam 5–7pm,https://www.google.com/maps/place/Warung+Kunyit+Bali/data=!4m7!3m6!1s0x2dd19b1f67f00215:0x4e122144ae5313ce!8m2!3d-8.1546239!4d115.0280532!16s%2Fg%2F11cmts7msh!19sChIJFQLwZx-b0S0RzhNTrkQhEk4?authuser=0&hl=id&rclk=1,-8.1546239,115.0280532,https://www.tiktok.com/@theanvayabali/video/7606246484517997825,https://www.tiktok.com/@liburanbali/video/7138800912230878491,https://www.tiktok.com/@kakadibali/video/7548366523480476936
1114,Happy Nice Warung Lesehan,Buleleng,4.9,130,Work from Cafe | Vibrant Nightlife | Budget Friendly,"['ikannya', 'harga', 'petang', 'dapur', 'karaoke', 'komang']",Rp 15–50k,Malam jam 7pm+,https://www.google.com/maps/place/Happy+Nice+Warung+Lesehan/data=!4m7!3m6!1s0x2dd19af8a27fd777:0x5ae34a2b64c7f30d!8m2!3d-8.1370606!4d115.0539977!16s%2Fg%2F11gb3n3y_v!19sChIJd9d_ovia0S0RDfPHZCtK41o?authuser=0&hl=id&rclk=1,-8.1370606,115.0539977,https://www.tiktok.com/@travelistta/video/7542360474789186872,https://www.tiktok.com/@leonangelie7/video/7615566300034731284,https://www.tiktok.com/@deck_4n4/video/7598782103760702741
1115,Krisna's Beach Street Bar & Resto,Buleleng,4.3,1036,Sunset & View | Family Friendly | Work from Cafe | Vibrant Nightlife,"['sunset', 'keluarga', 'luas', 'pemandangan', 'pinggir pantai', 'foto']",Rp 50–150k,Sunset jam 5–7pm,https://www.google.com/maps/place/Krisna%27s+Beach+Street+Bar+%26+Resto/data=!4m7!3m6!1s0x2dd19a43f379ecb5:0x3c860a1e4eddca9b!8m2!3d-8.1221158!4d115.0648319!16s%2Fg%2F11cndb6w6s!19sChIJtex580Oa0S0Rm8rdTh4Khjw?authuser=0&hl=id&rclk=1,-8.1221158,115.0648319,https://www.tiktok.com/@krisna.northbali/video/7533854855618743560,https://www.tiktok.com/@alithermawan7/video/7451174550743600391,https://www.tiktok.com/@mekinyukan/video/7625546941220359444
1116,Waroeng La Mar,Buleleng,4.9,54,Work from Cafe | Vibrant Nightlife,"['tahu', 'babi', 'warung', 'nasi goreng', 'rumahan', 'kacang tanah']",Rp 50–150k,Malam jam 7pm+,https://www.google.com/maps/place/Waroeng+La+Mar/data=!4m7!3m6!1s0x2dd182d0374ef6e1:0x3d5d62e2b4573740!8m2!3d-8.162!4d115.0270989!16s%2Fg%2F11g3x__3h5!19sChIJ4fZON9CC0S0RQDdXtOJiXT0?authuser=0&hl=id&rclk=1,-8.162,115.0270989,,,
1117,Seafood Cak Ibad,Buleleng,4.3,470,Work from Cafe | Vibrant Nightlife | Budget Friendly,"['harga', 'saus padang', 'bumbu', 'sambal', 'pedas', 'nasi']",Rp 15–50k,Malam jam 7pm+,https://www.google.com/maps/place/Seafood+Cak+Ibad/data=!4m7!3m6!1s0x2dd19a6b9eaa8bd7:0x9afe475f6f8aa786!8m2!3d-8.1179423!4d115.0751882!16s%2Fg%2F11d_vcvfdd!19sChIJ14uqnmua0S0RhqeKb19H_po?authuser=0&hl=id&rclk=1,-8.1179423,115.0751882,https://www.tiktok.com/@wuulan_darie/video/7616024364537924871,https://www.tiktok.com/@maghfirarifki/video/7395506562460110085,https://www.tiktok.com/@ratu.jajanan/video/7302354292604751110
1118,The Artha Kitchen,Buleleng,4.3,240,Work from Cafe | Vibrant Nightlife | Budget Friendly,"['harga', 'pizza', 'dinner', 'mozarella', 'pilihan', 'atmosphere']",Rp 15–50k,Malam jam 7pm+,https://www.google.com/maps/place/The+Artha+Kitchen/data=!4m7!3m6!1s0x2dd19b8ef42db2cd:0xca819501c870223f!8m2!3d-8.1477542!4d115.0473622!16s%2Fg%2F11h4lnylx_!19sChIJzbIt9I6b0S0RPyJwyAGVgco?authuser=0&hl=id&rclk=1,-8.1477542,115.0473622,https://www.tiktok.com/@citasinaga77/video/7566482528870173970,,
1119,Rumah Makan Mana Lagi,Buleleng,4.1,301,Family Friendly | Work from Cafe | Vibrant Nightlife | Budget Friendly,"['kacang', 'luas', 'halal', 'harga', 'masakannya', 'ayam bakar']",Rp 15–50k,Malam jam 7pm+,https://www.google.com/maps/place/Rumah+Makan+Mana+Lagi/data=!4m7!3m6!1s0x2dd19a74864c30f5:0xf1ad24a56adb402a!8m2!3d-8.1168771!4d115.0888112!16s%2Fg%2F1hm67xgck!19sChIJ9TBMhnSa0S0RKkDbaqUkrfE?authuser=0&hl=id&rclk=1,-8.1168771,115.0888112,https://www.tiktok.com/@sub_tropeace/video/7596192445117762824,,
1120,Warung Indra,Buleleng,4.7,51,Work from Cafe | Vibrant Nightlife | Budget Friendly,"['harga', 'sate', 'tuna', 'salad', 'bali', 'masakan indonesia']",Rp 15–50k,Malam jam 7pm+,https://www.google.com/maps/place/Warung+Indra/data=!4m7!3m6!1s0x2dd19b1a6a560481:0xe057f393be99a758!8m2!3d-8.1513948!4d115.0360011!16s%2Fg%2F11c1wrf1cc!19sChIJgQRWahqb0S0RWKeZvpPzV-A?authuser=0&hl=id&rclk=1,-8.1513948,115.0360011,https://www.tiktok.com/@kepo94940/video/7521013765928684806,https://www.tiktok.com/@tsatsa1959/video/7531195169777978631,
1121,TÜRK restaurant & bar.,Buleleng,4.0,453,Work from Cafe | Vibrant Nightlife,"['khinkali', 'khachapuri', 'hidangan georgia', 'shashlik', 'pelmeni', 'salad olivier']",Rp 30–100k,Malam jam 7pm+,https://www.google.com/maps/place/T%C3%9CRK+restaurant+%26+bar./data=!4m7!3m6!1s0x2dd19b92aea5088d:0x913964a8227b214f!8m2!3d-8.1618203!4d115.0249262!16s%2Fg%2F11hz6mtq6l!19sChIJjQilrpKb0S0RTyF7IqhkOZE?authuser=0&hl=id&rclk=1,-8.1618203,115.0249262,https://www.tiktok.com/@sena.iskenderoglu/video/7594080401480535304,https://www.tiktok.com/@gezgingurmen/video/7570954409727773970,https://www.tiktok.com/@ozgurce.gezi/video/7535740464079572230
1122,Ranggon Sunset Point Bar & Resto,Buleleng,4.5,113,Sunset & View | Family Friendly | Work from Cafe | Vibrant Nightlife | Budget Friendly,"['harga', 'pantai', 'menu', 'dinner', 'atmosphere', 'steak']",Rp 15–50k,Sunset jam 5–7pm,https://www.google.com/maps/place/Ranggon+Sunset+Point+Bar+%26+Resto/data=!4m7!3m6!1s0x2dd19bed99d92d31:0xe4298532ca38c3bf!8m2!3d-8.1235613!4d115.0635476!16s%2Fg%2F11ry5y3szs!19sChIJMS3Zme2b0S0Rv8M4yjKFKeQ?authuser=0&hl=id&rclk=1,-8.1235613,115.0635476,https://www.tiktok.com/@ranggonsunsetpoint/video/7629299353735236885,https://www.tiktok.com/@prokom.buleleng/video/7601721489833872658,https://www.tiktok.com/@ranggonsunsetpoint/video/7631175849928084757
1123,The Pantry at Roemah Soenda Ketjil,Buleleng,4.7,15,Work from Cafe | Vibrant Nightlife,['rumah'],Rp 50–150k,Malam jam 7pm+,https://www.google.com/maps/place/The+Pantry+at+Roemah+Soenda+Ketjil/data=!4m7!3m6!1s0x2dd19bc6b9c3eaf9:0x4366ff27ac2d1b6b!8m2!3d-8.1235882!4d115.0923766!16s%2Fg%2F11grp_n97d!19sChIJ-erDucab0S0RaxstrCf_ZkM?authuser=0&hl=id&rclk=1,-8.1235882,115.0923766,https://www.tiktok.com/@thepantry.bali/video/7616671958058781972,https://www.tiktok.com/@thepantry.bali/video/7291574219161324805,https://www.tiktok.com/@thepantry.bali/video/7281102670209780997
1124,Lovinalife Room & Cafe,Buleleng,4.4,578,Work from Cafe | Vibrant Nightlife,['restoran'],Rp 50–150k,Malam jam 7pm+,https://www.google.com/maps/place/Lovinalife+Room+%26+Cafe/data=!4m10!3m9!1s0x2dd19b3f3887ee03:0x965824c9d9806db4!5m2!4m1!1i2!8m2!3d-8.1630715!4d115.0243294!16s%2Fg%2F11dfhnkqhk!19sChIJA-6HOD-b0S0RtG2A2ckkWJY?authuser=0&hl=id&rclk=1,-8.1630715,115.0243294,https://www.tiktok.com/@jil.aqli/video/7505401824053038343,https://www.tiktok.com/@jil.aqli/video/7530194973967322386,https://www.tiktok.com/@desysisi/video/7595089508652174603
1125,Warung muslim bu maya,Buleleng,4.6,252,Work from Cafe | Vibrant Nightlife | Budget Friendly,"['lauk', 'harga', 'halal', 'pilihan', 'nasi', 'rawon']",Rp 15–50k,Malam jam 7pm+,https://www.google.com/maps/place/Warung+muslim+bu+maya/data=!4m7!3m6!1s0x2dd19a08cba9dc4f:0x4025bfac773f9ea9!8m2!3d-8.1056562!4d115.0882854!16s%2Fg%2F11hbv7lxbz!19sChIJT9ypywia0S0RqZ4_d6y_JUA?authuser=0&hl=id&rclk=1,-8.1056562,115.0882854,https://www.tiktok.com/@melalibali/video/7034710561254296858,https://www.tiktok.com/@lehaauliya948/video/7467528292657138962,
1126,WARIGA ( Warung Iga Bakar),Buleleng,4.6,52,Work from Cafe | Vibrant Nightlife | Budget Friendly,"['pork ribs', 'empuk', 'sate', 'madu', 'pesan', 'harga']",Rp 15–50k,Malam jam 7pm+,https://www.google.com/maps/place/WARIGA+%28+Warung+Iga+Bakar%29/data=!4m7!3m6!1s0x2dd19103da7beafd:0x9cffab9926c59b84!8m2!3d-8.1112417!4d115.0847912!16s%2Fg%2F11f5v8hx6d!19sChIJ_ep72gOR0S0RhJvFJpmr_5w?authuser=0&hl=id&rclk=1,-8.1112417,115.0847912,https://www.tiktok.com/@inidiakakakbudi/video/7583217753755077908,https://www.tiktok.com/@agunganggun_/video/7607847984583232788,https://www.tiktok.com/@kulinerbali/video/7349057363258641669
1127,Bali Fountain Restaurant,Buleleng,4.4,11,Work from Cafe | Vibrant Nightlife | Budget Friendly,['harga'],Rp 15–50k,Malam jam 7pm+,https://www.google.com/maps/place/Bali+Fountain+Restaurant/data=!4m7!3m6!1s0x2dd19b1983932993:0x6672badcb95232c1!8m2!3d-8.1532603!4d115.0373898!16s%2Fg%2F11crzxv7_d!19sChIJkymTgxmb0S0RwTJSudy6cmY?authuser=0&hl=id&rclk=1,-8.1532603,115.0373898,https://www.tiktok.com/@foodbeacon/video/7521739372853611782,https://www.tiktok.com/@niaaramaa/video/7569590032843934994,https://www.tiktok.com/@valentine.kwinten/video/7627136428719279392
1128,Dapur Kenari Singaraja,Buleleng,4.6,90,Sunset & View | Work from Cafe | Vibrant Nightlife | Budget Friendly,"['sawah', 'harga', 'santai', 'sambel', 'fuyung hai', 'warung']",Rp 15–50k,Sunset jam 5–7pm,https://www.google.com/maps/place/Dapur+Kenari+Singaraja/data=!4m7!3m6!1s0x2dd19a7303e44525:0xd5b6905d4ebb7147!8m2!3d-8.12721!4d115.0658635!16s%2Fg%2F11b_1n2gkr!19sChIJJUXkA3Oa0S0RR3G7Tl2QttU?authuser=0&hl=id&rclk=1,-8.12721,115.0658635,https://www.tiktok.com/@bellodesainstudio/video/7373573416592346374,https://www.tiktok.com/@dapur.kenari.sing/video/7559421424507817237,https://www.tiktok.com/@dapur.kenari.sing/video/7392130660757998853
1129,Restaurant Merta Sari,Buleleng,4.7,76,Work from Cafe | Vibrant Nightlife,"['pangsit', 'bakso', 'kulit', 'micin', 'masakan rumahan', 'bakmi']",Rp 50–150k,Malam jam 7pm+,https://www.google.com/maps/place/Restaurant+Merta+Sari/data=!4m7!3m6!1s0x2dd19a0becf38a47:0xa33067e6eb8d225!8m2!3d-8.1102704!4d115.089132!16s%2Fg%2F11bw8drx2c!19sChIJR4rz7Aua0S0RJdK4bn4GMwo?authuser=0&hl=id&rclk=1,-8.1102704,115.089132,https://www.tiktok.com/@amoy_foodtravel/video/7593905836964056340,https://www.tiktok.com/@pandeanita/video/7504916129270336773,https://www.tiktok.com/@suryalagoon/video/7549105745116122424
1130,Warung Lestari,Buleleng,4.7,129,Work from Cafe | Vibrant Nightlife | Budget Friendly,"['harga', 'nasi goreng', 'mie goreng', 'udang', 'capcay', 'halal']",Rp 15–50k,Malam jam 7pm+,https://www.google.com/maps/place/Warung+Lestari/data=!4m7!3m6!1s0x2dd19a578ae4a965:0x615f5a7a919832a2!8m2!3d-8.1350424!4d115.058306!16s%2Fg%2F11fylm_3l8!19sChIJZankilea0S0RojKYkXpaX2E?authuser=0&hl=id&rclk=1,-8.1350424,115.058306,https://www.tiktok.com/@chefsukajajan/video/7638097070326369544,https://www.tiktok.com/@wiwik.lestari68/video/7586135391766400276,
1131,Mie Gacoan Singaraja,Buleleng,4.6,7318,Sunset & View | Family Friendly | Work from Cafe | Vibrant Nightlife,"['luas', 'kasir', 'udang', 'level', 'keju', 'kebersihan']",Rp 80–200k,Sunset jam 5–7pm,https://www.google.com/maps/place/Mie+Gacoan+Singaraja/data=!4m7!3m6!1s0x2dd19b853c412b51:0xdde32774199bcfa8!8m2!3d-8.1194157!4d115.073732!16s%2Fg%2F11s0svp8rh!19sChIJUStBPIWb0S0RqM-bGXQn490?authuser=0&hl=id&rclk=1,-8.1194157,115.073732,https://www.tiktok.com/@ceriwismakan/video/7610828409463196929,https://www.tiktok.com/@mamaenziispillshop/video/7558996654939016504,https://www.tiktok.com/@vikrianggara26/video/7558327420043021586
1132,Warung Bali,Buleleng,4.7,19,Work from Cafe | Vibrant Nightlife,[],Rp 50–150k,Malam jam 7pm+,https://www.google.com/maps/place/Warung+Bali/data=!4m7!3m6!1s0x2dd19a7648169d67:0xda979cfb7a5b1222!8m2!3d-8.1210198!4d115.092932!16s%2Fg%2F11f0469c63!19sChIJZ50WSHaa0S0RIhJbevucl9o?authuser=0&hl=id&rclk=1,-8.1210198,115.092932,https://www.tiktok.com/@yansu_42/video/7596616782442548487,https://www.tiktok.com/@vanissakaris/video/7519810762823437586,https://www.tiktok.com/@albertaamelia_/video/7591122754192117013
1133,Warung Nasi NAZAR,Buleleng,4.4,142,Work from Cafe | Vibrant Nightlife | Budget Friendly,"['harganya', 'rawon', 'nasi campur', 'semur', 'halal', 'lauk']",Rp 15–50k,Malam jam 7pm+,https://www.google.com/maps/place/Warung+Nasi+NAZAR/data=!4m7!3m6!1s0x2dd19a085435289d:0x9d43d1758f9ebede!8m2!3d-8.1053979!4d115.0905589!16s%2Fg%2F1pzv8t2sz!19sChIJnSg1VAia0S0R3r6ej3XRQ50?authuser=0&hl=id&rclk=1,-8.1053979,115.0905589,https://www.tiktok.com/@egyraituangumkm/video/7574088346406800661,https://www.tiktok.com/@syemtaurus/video/7518391294687743288,https://www.tiktok.com/@_warungnyomankobar/video/7545743141534502149
1134,Blue Ocean Restaurant Lovina,Buleleng,4.5,43,Sunset & View | Work from Cafe | Vibrant Nightlife | Budget Friendly,"['pantai', 'harga', 'sunset', 'pitara', 'musik']",Rp 15–50k,Sunset jam 5–7pm,https://www.google.com/maps/place/Blue+Ocean+Restaurant+Lovina/data=!4m7!3m6!1s0x2dd19b4eed836417:0x7da76d579134a30!8m2!3d-8.1527371!4d115.0322705!16s%2Fg%2F11y8jfld0h!19sChIJF2SD7U6b0S0RMEoTedV22gc?authuser=0&hl=id&rclk=1,-8.1527371,115.0322705,https://www.tiktok.com/@karbase_bali/video/7578734040904158472,https://www.tiktok.com/@blueocean.restaurant/video/7596623762594794770,https://www.tiktok.com/@blueocean.restaurant/video/7601061041048456468
1135,Starfish Bar and Restaurant,Buleleng,5.0,15,Sunset & View | Work from Cafe | Vibrant Nightlife | Budget Friendly,"['pantai', 'harga']",Rp 15–50k,Sunset jam 5–7pm,https://www.google.com/maps/place/Starfish+Bar+and+Restaurant/data=!4m7!3m6!1s0x2dd19b006853b59b:0x45da8953313aaca7!8m2!3d-8.1545952!4d115.0282247!16s%2Fg%2F11zkrlvdq9!19sChIJm7VTaACb0S0Rp6w6MVOJ2kU?authuser=0&hl=id&rclk=1,-8.1545952,115.0282247,https://www.tiktok.com/@inayofina/video/7506453591780084999,https://www.tiktok.com/@infoza.id/video/7633608369793764616,https://www.tiktok.com/@checkinchics/video/7612148954213682439
1136,MÜÜA Lovina,Buleleng,4.5,64,Sunset & View | Work from Cafe | Vibrant Nightlife | Budget Friendly,"['harga', 'sunset', 'pantai', 'petang', 'pelayanan', 'bean bag']",Rp 15–50k,Sunset jam 5–7pm,https://www.google.com/maps/place/M%C3%9C%C3%9CA+Lovina/data=!4m7!3m6!1s0x2dd19b63de12fa19:0xa1d4b7c5aae53e9b!8m2!3d-8.1600625!4d115.0253125!16s%2Fg%2F11k3fx1xc6!19sChIJGfoS3mOb0S0Rmz7lqsW31KE?authuser=0&hl=id&rclk=1,-8.1600625,115.0253125,,,
1137,Patrick Star 派大星海鲜中餐厅,Buleleng,4.6,97,Sunset & View | Work from Cafe | Vibrant Nightlife | Budget Friendly,"['pantai', 'harga', 'sunset', 'bau', 'aquarium', 'wisatawan']",Rp 15–50k,Sunset jam 5–7pm,https://www.google.com/maps/place/Patrick+Star+%E6%B4%BE%E5%A4%A7%E6%98%9F%E6%B5%B7%E9%B2%9C%E4%B8%AD%E9%A4%90%E5%8E%85/data=!4m7!3m6!1s0x2dd19bf52780e333:0x1dbaf026707d37dc!8m2!3d-8.1510929!4d115.0359054!16s%2Fg%2F11wwm4b1jy!19sChIJM-OAJ_Wb0S0R3Dd9cCbwuh0?authuser=0&hl=id&rclk=1,-8.1510929,115.0359054,,,
1138,umah.dijé,Buleleng,4.5,93,Sunset & View | Family Friendly | Work from Cafe | Vibrant Nightlife | Budget Friendly,"['harga', 'anak', 'atmosphere', 'sawah', 'pelayanan', 'mainan']",Rp 15–50k,Sunset jam 5–7pm,https://www.google.com/maps/place/umah.dij%C3%A9/data=!4m7!3m6!1s0x2dd19bb056fe55d5:0x4636842e57a5a0aa!8m2!3d-8.1378155!4d115.0562899!16s%2Fg%2F11pq5sznv6!19sChIJ1VX-VrCb0S0RqqClVy6ENkY?authuser=0&hl=id&rclk=1,-8.1378155,115.0562899,,,
1139,Le Minerale,Buleleng,4.3,165,Sunset & View | Work from Cafe | Vibrant Nightlife | Budget Friendly,"['pantai', 'harga', 'sunset', 'musik', 'cocktail', 'pizza']",Rp 15–50k,Sunset jam 5–7pm,https://www.google.com/maps/place/Le+Minerale/data=!4m7!3m6!1s0x2dd19b49995c869d:0x41ab66c05b6e1e03!8m2!3d-8.1600366!4d115.0256307!16s%2Fg%2F11j38n0pg8!19sChIJnYZcmUmb0S0RAx5uW8Bmq0E?authuser=0&hl=id&rclk=1,-8.1600366,115.0256307,https://www.tiktok.com/@tokohafiwarungsembako/video/7595533338711018759,https://www.tiktok.com/@ud.mirah/video/7580575858679729416,https://www.tiktok.com/@matchatoypoodle_/video/7510630547400428806
1140,Lovina Sports Bar & Warung,Buleleng,4.9,32,Sunset & View | Work from Cafe | Vibrant Nightlife,"['beer', 'pie', 'laut', 'gelato', 'sunset', 'the view']",Rp 50–150k,Sunset jam 5–7pm,https://www.google.com/maps/place/Lovina+Sports+Bar+%26+Warung/data=!4m7!3m6!1s0x2dd19b0015a56139:0x2e76fbc6889a87e!8m2!3d-8.1436502!4d115.0487923!16s%2Fg%2F11y6qb0t48!19sChIJOWGlFQCb0S0RfqiJaLxv5wI?authuser=0&hl=id&rclk=1,-8.1436502,115.0487923,https://www.tiktok.com/@agusputrawan3432/video/7634189735619071240,https://www.tiktok.com/@jona.swg/video/7511670531805023510,https://www.tiktok.com/@susisusilawati8779/video/7589679354485968146
1141,Sunset Corner Lovina,Buleleng,4.7,17,Work from Cafe | Vibrant Nightlife,['sore'],Rp 50–150k,Malam jam 7pm+,https://www.google.com/maps/place/Sunset+Corner+Lovina/data=!4m7!3m6!1s0x2dd19b1d24f53409:0x8bee09f6de43dc11!8m2!3d-8.1392202!4d115.0504765!16s%2Fg%2F11mkzwlb8f!19sChIJCTT1JB2b0S0REdxD3vYJ7os?authuser=0&hl=id&rclk=1,-8.1392202,115.0504765,https://www.tiktok.com/@gekrara18/video/7588458442055093522,https://www.tiktok.com/@info_singaraja/video/7587697265603529991,https://www.tiktok.com/@lovinabeachclub/video/7579146073244011784
1142,Shanti Natural Panorama,Buleleng,4.9,27,Sunset & View | Work from Cafe | Vibrant Nightlife,"['sarapan', 'the view', 'bali']",Rp 50–150k,Sunset jam 5–7pm,https://www.google.com/maps/place/Shanti+Natural+Panorama/data=!4m10!3m9!1s0x2dd1911ebe8569c7:0xc65f002de8d4d895!5m2!4m1!1i2!8m2!3d-8.1679789!4d115.1046376!16s%2Fg%2F11t4br507v!19sChIJx2mFvh6R0S0RldjU6C0AX8Y?authuser=0&hl=id&rclk=1,-8.1679789,115.1046376,https://www.tiktok.com/@indraylnt/video/7577981733287529736,https://www.tiktok.com/@wuulan_darie/video/7581689388594105607,https://www.tiktok.com/@shanti.sambangan/video/7612870518672248085
1143,Krisna Adventure,Buleleng,4.4,295,Sunset & View | Family Friendly | Work from Cafe | Vibrant Nightlife,"['air terjun', 'foto', 'anak', 'wisata', 'bermain', 'alam']",Rp 50–150k,Sunset jam 5–7pm,https://www.google.com/maps/place/Krisna+Adventure/data=!4m7!3m6!1s0x2dd18ffd403f0991:0x9eb2c1cc1acb4c75!8m2!3d-8.1747511!4d115.1045081!16s%2Fg%2F11cjh_n6q_!19sChIJkQk_QP2P0S0RdUzLGszBsp4?authuser=0&hl=id&rclk=1,-8.1747511,115.1045081,https://www.tiktok.com/@krisnaadventures/video/7562133930946727188,https://www.tiktok.com/@krisnaadventures/video/7558028935355780363,https://www.tiktok.com/@alithermawan7/video/7451546183090179346
1144,LE GONG Restaurant,Buleleng,4.3,24,Sunset & View | Work from Cafe | Vibrant Nightlife | Budget Friendly,"['makan malam', 'chef', 'mushroom sauce', 'pool', 'nasi goreng', 'babi']",Rp 15–50k,Sunset jam 5–7pm,https://www.google.com/maps/place/LE+GONG+Restaurant/data=!4m7!3m6!1s0x2dd19bf1d7b131a1:0xea73360a78591742!8m2!3d-8.1559918!4d115.0289771!16s%2Fg%2F11v0b9x71w!19sChIJoTGx1_Gb0S0RQhdZeAo2c-o?authuser=0&hl=id&rclk=1,-8.1559918,115.0289771,https://www.tiktok.com/@dewieveraers/video/7617832485035986196,https://www.tiktok.com/@abingvillas/video/7531246392044555527,
1145,Tepi Bukit Restaurant,Buleleng,4.3,486,Sunset & View | Work from Cafe | Vibrant Nightlife | Romantic & Cozy | Budget Friendly,"['pemandangan', 'harga', 'sunset', 'mobil', 'ketinggian', 'pesan']",Rp 15–50k,Sunset jam 5–7pm,https://www.google.com/maps/place/Tepi+Bukit+Restaurant/data=!4m7!3m6!1s0x2dd18534dbe7ad95:0xf1bdde3a8e68a5e2!8m2!3d-8.1845156!4d115.0652456!16s%2Fg%2F11cknbm_x0!19sChIJla3n2zSF0S0R4qVojjrevfE?authuser=0&hl=id&rclk=1,-8.1845156,115.0652456,https://www.tiktok.com/@saa.els/video/7548796299953392914,https://www.tiktok.com/@dirumahbestari/video/7629858726417157396,https://www.tiktok.com/@nomnombali/video/7583595894730198280
1146,Radja coffe & resto,Buleleng,4.9,10,Work from Cafe | Vibrant Nightlife,[],Rp 50–150k,Malam jam 7pm+,https://www.google.com/maps/place/Radja+coffe+%26+resto/data=!4m7!3m6!1s0x2dd19b00683f65cd:0xe4a6d8fca3467f89!8m2!3d-8.1128898!4d115.0865276!16s%2Fg%2F11n3s4bfxc!19sChIJzWU_aACb0S0RiX9Go_zYpuQ?authuser=0&hl=id&rclk=1,-8.1128898,115.0865276,https://www.tiktok.com/search/video,,
1147,Sande Coffee Break,Buleleng,4.8,130,Sunset & View | Family Friendly | Work from Cafe | Vibrant Nightlife | Budget Friendly,"['sawah', 'pisang goreng', 'sunset', 'keluarga', 'penglihatan', 'gula kelapa']",Rp 15–50k,Sunset jam 5–7pm,https://www.google.com/maps/place/Sande+Coffee+Break/data=!4m7!3m6!1s0x2dd18662a850b4e1:0x9f079994627284d1!8m2!3d-8.2677906!4d115.0464574!16s%2Fg%2F11b_2mp64k!19sChIJ4bRQqGKG0S0R0YRyYpSZB58?authuser=0&hl=id&rclk=1,-8.2677906,115.0464574,https://www.tiktok.com/search/video,,
1148,Chill and Cheap,Buleleng,4.7,126,Family Friendly | Work from Cafe | Vibrant Nightlife | Budget Friendly,"['harga', 'iga', 'babi', 'pelayanan', 'sambel', 'kuah']",Rp 15–50k,Malam jam 7pm+,https://www.google.com/maps/place/Chill+and+Cheap/data=!4m7!3m6!1s0x2dd19b4890c9af67:0xe02fba7262bfcf1d!8m2!3d-8.127042!4d115.0696059!16s%2Fg%2F11h9pc32c8!19sChIJZ6_JkEib0S0RHc-_YnK6L-A?authuser=0&hl=id&rclk=1,-8.127042,115.0696059,https://www.tiktok.com/search/video,,
1149,Kubu kopi,Buleleng,4.7,115,Sunset & View | Work from Cafe | Vibrant Nightlife | Budget Friendly,"['taman', 'sawah', 'rempah', 'vanilla', 'dessert', 'mencicipi teh']",Rp 15–50k,Sunset jam 5–7pm,https://www.google.com/maps/place/Kubu+kopi/data=!4m7!3m6!1s0x2dd185d2fbc36205:0xe1b2e333b34e369b!8m2!3d-8.2535111!4d115.0324134!16s%2Fg%2F11kj6_d4m4!19sChIJBWLD-9KF0S0RmzZOszPjsuE?authuser=0&hl=id&rclk=1,-8.2535111,115.0324134,https://www.tiktok.com/search/video,,
1150,R&R Coffee Corner,Buleleng,5.0,83,Work from Cafe | Vibrant Nightlife,"['air terjun', 'biji kakao', 'rempah', 'gula kelapa', 'kopi luwak', 'pendakian']",Rp 50–150k,Malam jam 7pm+,https://www.google.com/maps/place/R%26R+Coffee+Corner/data=!4m7!3m6!1s0x2dd18763db7d6339:0x42a198bf123a647!8m2!3d-8.2589017!4d115.066703!16s%2Fg%2F11fj48mrrc!19sChIJOWN922OH0S0RR6Yj8YsZKgQ?authuser=0&hl=id&rclk=1,-8.2589017,115.066703,,,
1151,CAFE ASRI,Buleleng,4.5,16,Work from Cafe | Vibrant Nightlife,[],Rp 50–150k,Malam jam 7pm+,https://www.google.com/maps/place/CAFE+ASRI/data=!4m7!3m6!1s0x2dd19b2ac0918a13:0xf1b02f6fd9cb9996!8m2!3d-8.131882!4d115.0746857!16s%2Fg%2F11ghp02fry!19sChIJE4qRwCqb0S0RlpnL2W8vsPE?authuser=0&hl=id&rclk=1,-8.131882,115.0746857,https://www.tiktok.com/search/video,,
1152,The tikoem coffee,Buleleng,4.3,22,Work from Cafe | Vibrant Nightlife,"['pesan', 'meja']",Rp 50–150k,Malam jam 7pm+,https://www.google.com/maps/place/The+tikoem+coffee/data=!4m7!3m6!1s0x2dd19b0051e641d5:0x4c6795a93604090b!8m2!3d-8.1169525!4d115.0835939!16s%2Fg%2F11x0htl93d!19sChIJ1UHmUQCb0S0RCwkENqmVZ0w?authuser=0&hl=id&rclk=1,-8.1169525,115.0835939,https://www.tiktok.com/search/video,,
1153,Warung Babi Guling Putra Celagi,Bangli,4.5,636,Family Friendly | Work from Cafe | Vibrant Nightlife | Budget Friendly,"['harga', 'bumbu', 'kulit', 'nasi', 'pagi', 'gurih']",Rp 15–50k,Malam jam 7pm+,https://www.google.com/maps/place/Warung+Babi+Guling+Putra+Celagi/data=!4m7!3m6!1s0x2dd2179dc7a3a8cf:0x61893f2bcf6151d0!8m2!3d-8.4944996!4d115.3290871!16s%2Fg%2F11dyrf0sz7!19sChIJz6ijx50X0i0R0FFhzys_iWE?authuser=0&hl=id&rclk=1,-8.4944996,115.3290871,https://www.tiktok.com/search/video,,
1154,Warung makan apit kuta,Bangli,5.0,166,Work from Cafe | Vibrant Nightlife | Budget Friendly,"['harga', 'smoothies', 'air terjun', 'mie goreng', 'nasi goreng', 'vegetarian']",Rp 15–50k,Malam jam 7pm+,https://www.google.com/maps/place/Warung+makan+apit+kuta/data=!4m7!3m6!1s0x2dd21b158f371217:0x125132a76d309987!8m2!3d-8.4424344!4d115.3862061!16s%2Fg%2F11trs8nsrk!19sChIJFxI3jxUb0i0Rh5kwbacyURI?authuser=0&hl=id&rclk=1,-8.4424344,115.3862061,https://www.tiktok.com/search/video,,
1155,Warung Arjuna,Bangli,4.6,100,Sunset & View | Work from Cafe | Vibrant Nightlife | Budget Friendly,"['pemandangan', 'harga', 'sawah', 'karaoke', 'chicken wings', 'nasi goreng']",Rp 15–50k,Sunset jam 5–7pm,https://www.google.com/maps/place/Warung+Arjuna/data=!4m7!3m6!1s0x2dd21996e426c48d:0xe9cb8c87cef72292!8m2!3d-8.4514512!4d115.359428!16s%2Fg%2F11d_bb_66l!19sChIJjcQm5JYZ0i0RkiL3zoeMy-k?authuser=0&hl=id&rclk=1,-8.4514512,115.359428,https://www.tiktok.com/search/video,,
1156,The Cepung Lounge & Restaurant,Bangli,4.1,98,Sunset & View | Work from Cafe | Vibrant Nightlife | Budget Friendly,"['air terjun', 'service', 'harga', 'sandwich', 'hutan rimba', 'alam']",Rp 15–50k,Sunset jam 5–7pm,https://www.google.com/maps/place/The+Cepung+Lounge+%26+Restaurant/data=!4m7!3m6!1s0x2dd21b967bb6d413:0xb79703463d8820fc!8m2!3d-8.4410187!4d115.3886363!16s%2Fg%2F11h3z3cty_!19sChIJE9S2e5Yb0i0R_CCIPUYDl7c?authuser=0&hl=id&rclk=1,-8.4410187,115.3886363,https://www.tiktok.com/search/video,,
1157,Restoran Gunung Sari,Bangli,4.2,339,Sunset & View | Work from Cafe | Vibrant Nightlife | Budget Friendly,"['prasmanan', 'harga', 'gunung batur', 'pemandangan', 'makan siang', 'service']",Rp 15–50k,Sunset jam 5–7pm,https://www.google.com/maps/place/Restoran+Gunung+Sari/data=!4m7!3m6!1s0x2dd1f44f016f45d9:0x281a6adc206cf362!8m2!3d-8.2752901!4d115.3493737!16s%2Fg%2F1pzw2thx6!19sChIJ2UVvAU_00S0RYvNsINxqGig?authuser=0&hl=id&rclk=1,-8.2752901,115.3493737,https://www.tiktok.com/search/video,,
1158,Warung Nasi Pulung,Bangli,4.5,187,Work from Cafe | Vibrant Nightlife,"['babi', 'lawar', 'pagi', 'sate lilit']",Rp 50–150k,Malam jam 7pm+,https://www.google.com/maps/place/Warung+Nasi+Pulung/data=!4m7!3m6!1s0x2dd219dc6d1aad55:0xc074bc39facb2bb6!8m2!3d-8.47263!4d115.3499572!16s%2Fg%2F11cltrv73g!19sChIJVa0abdwZ0i0RtivL-jm8dMA?authuser=0&hl=id&rclk=1,-8.47263,115.3499572,https://www.tiktok.com/search/video,,
1159,Warung Tarumas,Bangli,4.6,117,Work from Cafe | Vibrant Nightlife | Budget Friendly,"['mujair', 'harga', 'bumbu', 'meja', 'sambal matah', 'pelayanan']",Rp 15–50k,Malam jam 7pm+,https://www.google.com/maps/place/Warung+Tarumas/data=!4m7!3m6!1s0x2dd1f45de7b18ba1:0xef294db3cddb1e16!8m2!3d-8.2596493!4d115.3376888!16s%2Fg%2F11cs1x2lpw!19sChIJoYux51300S0RFh7bzbNNKe8?authuser=0&hl=id&rclk=1,-8.2596493,115.3376888,https://www.tiktok.com/search/video,,
1160,Happy Frog Restaurant,Bangli,4.4,33,Work from Cafe | Vibrant Nightlife,"['air terjun', 'jus', 'barang dan jasa', 'belatung', 'mie goreng', 'pizza']",Rp 50–150k,Malam jam 7pm+,https://www.google.com/maps/place/Happy+Frog+Restaurant/data=!4m7!3m6!1s0x2dd21b5406fd0361:0x57544f170bbe6635!8m2!3d-8.4412933!4d115.3885866!16s%2Fg%2F11twc5891j!19sChIJYQP9BlQb0i0RNWa-CxdPVFc?authuser=0&hl=id&rclk=1,-8.4412933,115.3885866,,,
1161,Warung Makan Muslim Alifia,Bangli,4.5,110,Work from Cafe | Vibrant Nightlife | Budget Friendly,"['halal', 'harga', 'lauk', 'makanan rumahan']",Rp 15–50k,Malam jam 7pm+,https://www.google.com/maps/place/Warung+Makan+Muslim+Alifia/data=!4m7!3m6!1s0x2dd219c30e40bb73:0xdba987b8fc0dde60!8m2!3d-8.4669855!4d115.3509091!16s%2Fg%2F11cjhz52qj!19sChIJc7tADsMZ0i0RYN4N_LiHqds?authuser=0&hl=id&rclk=1,-8.4669855,115.3509091,https://www.tiktok.com/search/video,,
1162,The Lookout Resto & Bar,Bangli,4.2,312,Sunset & View | Work from Cafe | Vibrant Nightlife | Budget Friendly,"['buffet', 'gunung batur', 'danau', 'harga', 'penglihatan', 'dingin']",Rp 15–50k,Sunset jam 5–7pm,https://www.google.com/maps/place/The+Lookout+Resto+%26+Bar/data=!4m7!3m6!1s0x2dd1f5ce3c8f6efd:0x9b773345b439564a!8m2!3d-8.2832987!4d115.365827!16s%2Fg%2F11c3vxg65m!19sChIJ_W6PPM710S0RSlY5tEUzd5s?authuser=0&hl=id&rclk=1,-8.2832987,115.365827,https://www.tiktok.com/search/video,,
1163,De Klumpu Bali Eco Tradi Stay,Bangli,4.6,246,Sunset & View | Work from Cafe | Vibrant Nightlife | Budget Friendly,"['restoran', 'sawah', 'pijat', 'bungalow', 'gunung agung', 'resort']",Rp 15–50k,Sunset jam 5–7pm,https://www.google.com/maps/place/De+Klumpu+Bali+Eco+Tradi+Stay/data=!4m10!3m9!1s0x2dd21a3dbbf85dc9:0xee21fdc9d042e005!5m2!4m1!1i2!8m2!3d-8.4542892!4d115.3944165!16s%2Fg%2F11ckvksnwr!19sChIJyV34uz0a0i0RBeBC0Mn9Ie4?authuser=0&hl=id&rclk=1,-8.4542892,115.3944165,https://www.tiktok.com/search/video,,
1164,Mutiara Resto Kintamani,Bangli,4.0,210,Sunset & View | Work from Cafe | Vibrant Nightlife | Budget Friendly,"['harga', 'mujair', 'service', 'gunung batur', 'pemandangan', 'cuaca']",Rp 15–50k,Sunset jam 5–7pm,https://www.google.com/maps/place/Mutiara+Resto+Kintamani/data=!4m7!3m6!1s0x2dd1f54b3c51a213:0x481759600a486a5c!8m2!3d-8.2773383!4d115.3517294!16s%2Fg%2F11bxfsdr41!19sChIJE6JRPEv10S0RXGpICmBZF0g?authuser=0&hl=id&rclk=1,-8.2773383,115.3517294,https://www.tiktok.com/search/video,,
1165,Volcano 1,Bangli,4.6,31,Work from Cafe | Vibrant Nightlife | Budget Friendly,"['harganya', 'ikan', 'warung', 'nasi', 'grill']",Rp 15–50k,Malam jam 7pm+,https://www.google.com/maps/place/Volcano+1/data=!4m7!3m6!1s0x2dd1f792593fc3c7:0x3c1ebc26907baa42!8m2!3d-8.2501464!4d115.3990653!16s%2Fg%2F11rjv4f3bq!19sChIJx8M_WZL30S0RQqp7kCa8Hjw?authuser=0&hl=id&rclk=1,-8.2501464,115.3990653,https://www.tiktok.com/search/video,,
1166,Caldera Hotel & Restaurant,Bangli,4.3,1450,Work from Cafe | Vibrant Nightlife,['restoran'],Rp 50–150k,Malam jam 7pm+,https://www.google.com/maps/place/Caldera+Hotel+%26+Restaurant/data=!4m10!3m9!1s0x2dd1f5d39560e901:0x60cc76375231453!5m2!4m1!1i2!8m2!3d-8.2791916!4d115.3674313!16s%2Fg%2F11f57x3lyv!19sChIJAelgldP10S0RUxQjdWPHDAY?authuser=0&hl=id&rclk=1,-8.2791916,115.3674313,https://www.tiktok.com/search/video,,
1167,Warung D'Kubu,Bangli,4.7,58,Work from Cafe | Vibrant Nightlife | Budget Friendly,"['air terjun', 'harga', 'burger', 'lotek', 'service', 'sate ayam']",Rp 15–50k,Malam jam 7pm+,https://www.google.com/maps/place/Warung+D%27Kubu/data=!4m7!3m6!1s0x2dd21bdd51f13e57:0xf52b197eab8db3c1!8m2!3d-8.4409877!4d115.3882415!16s%2Fg%2F11h3q76xdj!19sChIJVz7xUd0b0i0RwbONq34ZK_U?authuser=0&hl=id&rclk=1,-8.4409877,115.3882415,https://www.tiktok.com/search/video,,
1168,Alam Caldera Camp & Resto,Bangli,4.6,1018,Sunset & View,"['restoran', 'transportasi umum', 'atm', 'lalat', 'glamping', 'pemandangan']",Rp 80–200k,Sunset jam 5–7pm,https://www.google.com/maps/place/Alam+Caldera+Camp+%26+Resto/data=!4m7!3m6!1s0x2dd1f5c7cf366f1f:0x2c320c86621b56f8!8m2!3d-8.2739554!4d115.3737908!16s%2Fg%2F11f70_5pw3!19sChIJH282z8f10S0R-FYbYoYMMiw?authuser=0&hl=id&rclk=1,-8.2739554,115.3737908,https://www.tiktok.com/search/video,,
1169,Harmony Bali - Warung and Stay,Bangli,4.9,12,General Chill,"['restoran', 'transportasi umum', 'atm', 'usaha', 'rasa']",Rp 50–150k,Lunch atau dinner,https://www.google.com/maps/place/Harmony+Bali+-+Warung+and+Stay/data=!4m7!3m6!1s0x2dd217f82c1474d1:0xff032e306efb2055!8m2!3d-8.4914819!4d115.3504321!16s%2Fg%2F11j_l85y5s!19sChIJ0XQULPgX0i0RVSD7bjAuA_8?authuser=0&hl=id&rclk=1,-8.4914819,115.3504321,https://www.tiktok.com/search/video,,
1170,Lalapan BANG ALI bangli,Bangli,5.0,24,Work from Cafe | Vibrant Nightlife,"['sambal', 'gurih']",Rp 50–150k,Malam jam 7pm+,https://www.google.com/maps/place/Lalapan+BANG+ALI+bangli/data=!4m7!3m6!1s0x2dd21953ff52a6a3:0xef27aecd6b767089!8m2!3d-8.4570952!4d115.3530766!16s%2Fg%2F11v02w16ln!19sChIJo6ZS_1MZ0i0RiXB2a82uJ-8?authuser=0&hl=id&rclk=1,-8.4570952,115.3530766,https://www.tiktok.com/search/video,,
1171,Devanora Hotel & Resto,Bangli,4.4,213,Sunset & View | Family Friendly | Work from Cafe | Vibrant Nightlife,"['restoran', 'pemandangan', 'gunung batur', 'sunrise', 'danau', 'foto']",Rp 50–150k,Sunrise jam 6–8am,https://www.google.com/maps/place/Devanora+Hotel+%26+Resto/data=!4m10!3m9!1s0x2dd1f518ce445359:0x5e307c05d4c8f27f!5m2!4m1!1i2!8m2!3d-8.2788804!4d115.3564101!16s%2Fg%2F11sjzsm25n!19sChIJWVNEzhj10S0Rf_LI1AV8MF4?authuser=0&hl=id&rclk=1,-8.2788804,115.3564101,https://www.tiktok.com/search/video,,
1172,Bangli Meat & Grill,Bangli,4.0,8,Work from Cafe | Vibrant Nightlife,[],Rp 30–100k,Malam jam 7pm+,https://www.google.com/maps/place/Bangli+Meat+%26+Grill/data=!4m7!3m6!1s0x2dd219b88f6fbb97:0xd5e1d2e18b207a0d!8m2!3d-8.4546869!4d115.3539581!16s%2Fg%2F11qqmxjr3s!19sChIJl7tvj7gZ0i0RDXogi-HS4dU?authuser=0&hl=id&rclk=1,-8.4546869,115.3539581,https://www.tiktok.com/search/video,,
1173,KAY RESTO - Authentic Indian Food - Indian Cuisine & Indonesian Food,Bangli,4.0,72,Family Friendly | Work from Cafe | Vibrant Nightlife | Budget Friendly,"['harga', 'bebek', 'lalat', 'service', 'roti', 'anak']",Rp 15–50k,Malam jam 7pm+,https://www.google.com/maps/place/KAY+RESTO+-+Authentic+Indian+Food+-+Indian+Cuisine+%26+Indonesian+Food/data=!4m7!3m6!1s0x2dd21fb5146b23a1:0x8c11bfaba7c2b46a!8m2!3d-8.3705824!4d115.3404604!16s%2Fg%2F11v3q104dt!19sChIJoSNrFLUf0i0RarTCp6u_EYw?authuser=0&hl=id&rclk=1,-8.3705824,115.3404604,https://www.tiktok.com/search/video,,
1174,Madu Sari Restaurant,Bangli,3.8,476,Sunset & View | Work from Cafe | Vibrant Nightlife | Budget Friendly,"['gunung batur', 'kamar', 'harga', 'penglihatan', 'danau', 'hidangan']",Rp 15–50k,Sunset jam 5–7pm,https://www.google.com/maps/place/Madu+Sari+Restaurant/data=!4m10!3m9!1s0x2dd1f44c0466d7b3:0x4d1182e2fbe6d983!5m2!4m1!1i2!8m2!3d-8.2757852!4d115.3496924!16s%2Fg%2F11b6dgh1rl!19sChIJs9dmBEz00S0Rg9nm--KCEU0?authuser=0&hl=id&rclk=1,-8.2757852,115.3496924,https://www.tiktok.com/search/video,,
1175,Sari Hill Bali,Bangli,4.1,125,Sunset & View | Work from Cafe | Vibrant Nightlife | Budget Friendly,"['harga', 'gunung batur', 'danau', 'mujair', 'lalat', 'the view']",Rp 15–50k,Sunset jam 5–7pm,https://www.google.com/maps/place/Sari+Hill+Bali/data=!4m7!3m6!1s0x2dd1f59704fba73d:0xb86b8fe81d70023a!8m2!3d-8.2820738!4d115.3635696!16s%2Fg%2F11htvgqsn6!19sChIJPaf7BJf10S0ROgJwHeiPa7g?authuser=0&hl=id&rclk=1,-8.2820738,115.3635696,https://www.tiktok.com/@sarihillbali/video/7499527860642663735,https://www.tiktok.com/@diaanalarissa/video/7633580607913594120,https://www.tiktok.com/search/video
1176,Babi Guling Gung Ebuh,Bangli,4.6,56,Work from Cafe | Vibrant Nightlife | Budget Friendly,"['bumbu', 'harga', 'kulit', 'nasi', 'pesan', 'lauk']",Rp 15–50k,Malam jam 7pm+,https://www.google.com/maps/place/Babi+Guling+Gung+Ebuh/data=!4m7!3m6!1s0x2dd2191795b3375d:0xcf73135f267fdf14!8m2!3d-8.4485055!4d115.3586181!16s%2Fg%2F11rtqw2yy2!19sChIJXTezlRcZ0i0RFN9_Jl8Tc88?authuser=0&hl=id&rclk=1,-8.4485055,115.3586181,https://www.tiktok.com/@ricaricaa96/video/7588165328757083413,https://www.tiktok.com/@igwisnu_niceholidays/video/7568889084156955922,https://www.tiktok.com/@ingoka45/video/7628035230670048533
1177,Warung Makan Sari Kenali Mujair Nyat-nyat,Bangli,4.5,164,Sunset & View | Work from Cafe | Vibrant Nightlife | Budget Friendly,"['harga', 'lalat', 'bumbunya', 'ikan', 'gunung batur', 'danau']",Rp 15–50k,Sunset jam 5–7pm,https://www.google.com/maps/place/Warung+Makan+Sari+Kenali+Mujair+Nyat-nyat/data=!4m7!3m6!1s0x2dd1f5ca31fd15c1:0xcbb36d5e926a8d5!8m2!3d-8.2794546!4d115.3679383!16s%2Fg%2F11h22pdj25!19sChIJwRX9Mcr10S0R1agm6dU2uww?authuser=0&hl=id&rclk=1,-8.2794546,115.3679383,https://www.tiktok.com/@banglibucketlist/video/7615382546985094418,https://www.tiktok.com/@ipin.foods/video/7577283651457617160,https://www.tiktok.com/@bali.kelana/video/7627028664240131335
1178,Bali Shankara Waroeng,Bangli,4.3,48,Sunset & View | Work from Cafe | Vibrant Nightlife | Budget Friendly,"['sejuk', 'harga', 'pemandangan alam', 'the view', 'lampu', 'sea food']",Rp 15–50k,Sunset jam 5–7pm,https://www.google.com/maps/place/Bali+Shankara+Waroeng/data=!4m7!3m6!1s0x2dd21f283bf86cef:0x607afb24220e2723!8m2!3d-8.379501!4d115.3362379!16s%2Fg%2F11g19nn7mn!19sChIJ72z4Oygf0i0RIycOIiT7emA?authuser=0&hl=id&rclk=1,-8.379501,115.3362379,https://www.tiktok.com/@wayanmardana1/video/7283092756145261829,https://www.tiktok.com/@wayanmardana1/video/7280666813007006981,
1179,O Club By Oculus,Bangli,4.8,546,Sunset & View | Work from Cafe | Vibrant Nightlife,"['gunung batur', 'danau', 'kolam renang', 'the view', 'pemandangan', 'kue cokelat cair']",Rp 80–200k,Sunset jam 5–7pm,https://www.google.com/maps/place/O+Club+By+Oculus/data=!4m7!3m6!1s0x2dd1f573b2ed8789:0x69a7b4419a0c78a4!8m2!3d-8.2796428!4d115.3694228!16s%2Fg%2F11v69tmdk7!19sChIJiYftsnP10S0RpHgMmkG0p2k?authuser=0&hl=id&rclk=1,-8.2796428,115.3694228,https://www.tiktok.com/@odikabayu/video/7536524734025141522,https://www.tiktok.com/@otw_melali/video/7378082025984609541,https://www.tiktok.com/@whyuppramerta/video/7538041811554684165
1180,"Rumah ""Belgia""",Bangli,5.0,11,Work from Cafe | Vibrant Nightlife,['ayam betutu'],Rp 50–150k,Malam jam 7pm+,https://www.google.com/maps/place/Rumah+%22Belgia%22/data=!4m7!3m6!1s0x2dd2190833dc9f2b:0x979dbb237b663adf!8m2!3d-8.4479897!4d115.3580566!16s%2Fg%2F11h7cb04h5!19sChIJK5_cMwgZ0i0R3zpmeyO7nZc?authuser=0&hl=id&rclk=1,-8.4479897,115.3580566,,,
1181,Warung Makan Bengawan,Bangli,4.6,29,Work from Cafe | Vibrant Nightlife | Budget Friendly,"['harga', 'nasi campur', 'ayam']",Rp 15–50k,Malam jam 7pm+,https://www.google.com/maps/place/Warung+Makan+Bengawan/data=!4m7!3m6!1s0x2dd219dcbbf49bf1:0x106314543b48e3e6!8m2!3d-8.4696004!4d115.3499603!16s%2Fg%2F11gh020_5x!19sChIJ8Zv0u9wZ0i0R5uNIO1QUYxA?authuser=0&hl=id&rclk=1,-8.4696004,115.3499603,https://www.tiktok.com/@mommienya/video/7594688599355034888,https://www.tiktok.com/@isfati71/video/7471583799285943558,https://www.tiktok.com/@baksorusukbengawansol0/video/7590753597323873554
1182,Warung Makan Permana Sari,Bangli,4.3,42,Work from Cafe | Vibrant Nightlife,[],Rp 50–150k,Malam jam 7pm+,https://www.google.com/maps/place/Warung+Makan+Permana+Sari/data=!4m7!3m6!1s0x2dd21971369a45f9:0x250e6a36c7c2c4a1!8m2!3d-8.4326645!4d115.3627001!16s%2Fg%2F11csb2srx4!19sChIJ-UWaNnEZ0i0RocTCxzZqDiU?authuser=0&hl=id&rclk=1,-8.4326645,115.3627001,https://www.tiktok.com/@risa.herlina_/video/7531223823140654342,https://www.tiktok.com/@afndb34/video/7608258012876147986,https://www.tiktok.com/@windaowner_/video/7623785762726645013
1183,Warung Abang Sari,Bangli,4.3,81,Sunset & View | Work from Cafe | Vibrant Nightlife | Budget Friendly,"['pemandangan', 'harga', 'gunung batur', 'mujair', 'bersepeda', 'sarapan']",Rp 15–50k,Sunset jam 5–7pm,https://www.google.com/maps/place/Warung+Abang+Sari/data=!4m7!3m6!1s0x2dd1f44b68fee1c3:0x8203fa91c2fd9264!8m2!3d-8.2767905!4d115.3506712!16s%2Fg%2F11bxfr172t!19sChIJw-H-aEv00S0RZJL9wpH6A4I?authuser=0&hl=id&rclk=1,-8.2767905,115.3506712,https://www.tiktok.com/@warungmesaribali/video/7623674586948832519,https://www.tiktok.com/@siti.salimah00/video/7592546240416599317,
1184,Warung Arema Bangli,Bangli,4.1,17,Work from Cafe | Vibrant Nightlife,[],Rp 30–100k,Malam jam 7pm+,https://www.google.com/maps/place/Warung+Arema+Bangli/data=!4m7!3m6!1s0x2dd219c373ccbb29:0x69411fe729f204d0!8m2!3d-8.460641!4d115.351236!16s%2Fg%2F11c5b6cndz!19sChIJKbvMc8MZ0i0R0ATyKecfQWk?authuser=0&hl=id&rclk=1,-8.460641,115.351236,https://www.tiktok.com/@healinggangilang/video/7502749001947614469,https://www.tiktok.com/@maskecil89/video/7616018935003057429,
1185,JCC (Jambeng Chicken Crispy),Bangli,4.3,37,Work from Cafe | Vibrant Nightlife | Budget Friendly,['harganya'],Rp 15–50k,Malam jam 7pm+,https://www.google.com/maps/place/JCC+%28Jambeng+Chicken+Crispy%29/data=!4m7!3m6!1s0x2dd2197049222761:0x5ce9a85d8a5ad55a!8m2!3d-8.4464089!4d115.359206!16s%2Fg%2F11f6nk2b9b!19sChIJYSciSXAZ0i0RWtVail2o6Vw?authuser=0&hl=id&rclk=1,-8.4464089,115.359206,https://www.tiktok.com/@jcc_jambengchickencrispy/video/7563227139626126612,https://www.tiktok.com/@jcc_jambengchickencrispy/video/7621836815741340935,https://www.tiktok.com/@jcc_jambengchickencrispy/video/7634401204407127303
1186,Warung Devi,Bangli,4.3,23,Work from Cafe | Vibrant Nightlife | Budget Friendly,"['nasi goreng', 'bumbunya', 'sambel matah', 'bali', 'pesan', 'harga']",Rp 15–50k,Malam jam 7pm+,https://www.google.com/maps/place/Warung+Devi/data=!4m7!3m6!1s0x2dd2196b96ef7bbf:0x14f368d7bd6d9bae!8m2!3d-8.4219621!4d115.3587666!16s%2Fg%2F11c2jzsynd!19sChIJv3vvlmsZ0i0Rrpttvddo8xQ?authuser=0&hl=id&rclk=1,-8.4219621,115.3587666,https://www.tiktok.com/@motoran.makan.mix/video/7630728596205636882,https://www.tiktok.com/@kulinerdenpasar/video/7351750362291834118,
1187,Shallots warung makan,Bangli,5.0,160,Sunset & View | Work from Cafe | Vibrant Nightlife,"['gunung batur', 'lokal', 'danau', 'nasi goreng', 'mie goreng', 'lotek']",Rp 50–150k,Sunset jam 5–7pm,https://www.google.com/maps/place/Shallots+warung+makan/data=!4m7!3m6!1s0x2dd1f59595773d67:0x3b887fa3d4f31137!8m2!3d-8.2795839!4d115.3681676!16s%2Fg%2F11sx4l273_!19sChIJZz13lZX10S0RNxHz1KN_iDs?authuser=0&hl=id&rclk=1,-8.2795839,115.3681676,https://www.tiktok.com/@bali.nongki/video/7585529219682143496,https://www.tiktok.com/@keman4kit4/video/7298626850950089990,https://www.tiktok.com/@nongssssga/video/7581714914834779410
1188,Oemah Kitchen by Men Cip,Bangli,4.9,263,Sunset & View | Work from Cafe | Vibrant Nightlife,"['pork ribs', 'makan malam', 'ikan', 'spring roll', 'chicken wings', 'pork belly']",Rp 50–150k,Sunset jam 5–7pm,https://www.google.com/maps/place/Oemah+Kitchen+by+Men+Cip/data=!4m7!3m6!1s0x2dd1f77f98cfcbb1:0x49c9214e1261a5e9!8m2!3d-8.2491213!4d115.4001585!16s%2Fg%2F11ltqrwxgd!19sChIJscvPmH_30S0R6aVhEk4hyUk?authuser=0&hl=id&rclk=1,-8.2491213,115.4001585,https://www.tiktok.com/@oemahdekmong/video/7611164783362051336,https://www.tiktok.com/@gede_femo_bali/video/7494585261267914039,https://www.tiktok.com/@oemahlaundry.bali/video/7609269684877167893
1189,Cucina Del Gabrille,Bangli,4.8,41,Work from Cafe | Vibrant Nightlife | Budget Friendly,"['harga', 'mango']",Rp 15–50k,Malam jam 7pm+,https://www.google.com/maps/place/Cucina+Del+Gabrille/data=!4m7!3m6!1s0x2dd21b7107e6149f:0xed24f9a59150096c!8m2!3d-8.4409641!4d115.3869283!16s%2Fg%2F11vcm3tlmw!19sChIJnxTmB3Eb0i0RbAlQkaX5JO0?authuser=0&hl=id&rclk=1,-8.4409641,115.3869283,,,
1190,"BD Resto and Bar ( Japanese , Western, and Asian Food )",Bangli,4.8,119,Sunset & View | Work from Cafe | Vibrant Nightlife | Budget Friendly,"['harga', 'sushi', 'cocktail', 'ramen', 'musik', 'makan malam']",Rp 15–50k,Sunset jam 5–7pm,"https://www.google.com/maps/place/BD+Resto+and+Bar+%28+Japanese+,+Western,+and+Asian+Food+%29/data=!4m7!3m6!1s0x2dd1f7b20f43ffb9:0xbf3492c118babd80!8m2!3d-8.2498981!4d115.398294!16s%2Fg%2F11w_n47s02!19sChIJuf9DD7L30S0RgL26GMGSNL8?authuser=0&hl=id&rclk=1",-8.2498981,115.398294,https://www.tiktok.com/@margarita.recipe/video/7546683780078046482,https://www.tiktok.com/@bdrestoandbar/video/7554011081824292103,https://www.tiktok.com/@heyitsxuan/video/7549512675223653639
1191,Colosseum Bali Hotel Bar & Restaurant,Bangli,4.5,338,Sunset & View | Work from Cafe | Vibrant Nightlife,"['restoran', 'pemandangan', 'kamar', 'gunung batur', 'foto', 'danau']",Rp 50–150k,Sunset jam 5–7pm,https://www.google.com/maps/place/Colosseum+Bali+Hotel+Bar+%26+Restaurant/data=!4m10!3m9!1s0x2dd1f5ea304edb79:0x4dae93e60d7c63aa!5m2!4m1!1i2!8m2!3d-8.2819673!4d115.3630483!16s%2Fg%2F11y22000pp!19sChIJedtOMOr10S0RqmN8DeaTrk0?authuser=0&hl=id&rclk=1,-8.2819673,115.3630483,https://www.tiktok.com/@colosseumbali/video/7599827252779453716,https://www.tiktok.com/@jil.aqli/video/7598486473649802514,https://www.tiktok.com/@colosseumbali/video/7637659595527179541
1192,Lakeview Hotel & Restaurant,Bangli,4.2,888,Work from Cafe | Vibrant Nightlife,['restoran'],Rp 30–100k,Malam jam 7pm+,https://www.google.com/maps/place/Lakeview+Hotel+%26+Restaurant/data=!4m10!3m9!1s0x2dd1f585340a1a51:0x3d9d9bb1d20765a8!5m2!4m1!1i2!8m2!3d-8.2834033!4d115.3655748!16s%2Fg%2F11h09m7nv!19sChIJURoKNIX10S0RqGUH0rGbnT0?authuser=0&hl=id&rclk=1,-8.2834033,115.3655748,https://www.tiktok.com/@lakeview.bali/video/7556465778929798456,https://www.tiktok.com/@bundanadisya/video/7631856813142543624,https://www.tiktok.com/@balitravelfolder/video/7566919971167653128
1193,La Danu Glamping and Restaurant,Bangli,4.0,83,Sunset & View | Work from Cafe | Vibrant Nightlife | Budget Friendly,"['restoran', 'lalat', 'harga', 'sprei', 'handuk', 'gunung batur']",Rp 15–50k,Sunset jam 5–7pm,https://www.google.com/maps/place/La+Danu+Glamping+and+Restaurant/data=!4m10!3m9!1s0x2dd1f5371ed6f333:0x8f9d6866dd30a430!5m2!4m1!1i2!8m2!3d-8.2761552!4d115.3772549!16s%2Fg%2F11p74qvv66!19sChIJM_PWHjf10S0RMKQw3WZonY8?authuser=0&hl=id&rclk=1,-8.2761552,115.3772549,https://www.tiktok.com/@gungdirhaa/video/7627061529975754004,https://www.tiktok.com/@alica.qn/video/7570923252873268487,https://www.tiktok.com/@audigeulis/video/7474868216041360695
1194,Bambu restaurant & bar,Bangli,4.4,17,Work from Cafe | Vibrant Nightlife | Budget Friendly,"['harga', 'wisata', 'mobil']",Rp 15–50k,Malam jam 7pm+,https://www.google.com/maps/place/Bambu+restaurant+%26+bar/data=!4m7!3m6!1s0x2dd21b7f5d72c0cd:0x5984f6ab815b4252!8m2!3d-8.4404392!4d115.3971853!16s%2Fg%2F11k5yvfnkp!19sChIJzcByXX8b0i0RUkJbgav2hFk?authuser=0&hl=id&rclk=1,-8.4404392,115.3971853,https://www.tiktok.com/@littlestepssss/video/7551179508154502430,https://www.tiktok.com/@luthfimuntashir/video/7563705802666675463,https://www.tiktok.com/@reegan.finkel/video/7597288110510066975
1195,FRONTERRAZ COFFEE BAR,Bangli,5.0,2,Work from Cafe | Vibrant Nightlife,[],Rp 50–150k,Malam jam 7pm+,https://www.google.com/maps/place/FRONTERRAZ+COFFEE+BAR/data=!4m7!3m6!1s0x2dd21792c1f13515:0xa5d04876bdf55679!8m2!3d-8.4984406!4d115.3484855!16s%2Fg%2F11z00_rjxr!19sChIJFTXxwZIX0i0ReVb1vXZI0KU?authuser=0&hl=id&rclk=1,-8.4984406,115.3484855,https://www.tiktok.com/@fronterraz.coffeebar/video/7615259750233705748,https://www.tiktok.com/@balinextstop/video/7592981862994283784,
1196,esmade_PENGLIPURAN,Bangli,5.0,20,Work from Cafe | Vibrant Nightlife,"['boba', 'desa', 'espresso']",Rp 50–150k,Malam jam 7pm+,https://www.google.com/maps/place/esmade_PENGLIPURAN/data=!4m7!3m6!1s0x2dd219039d2189dd:0xf029b6570bb6fb11!8m2!3d-8.4231359!4d115.3586167!16s%2Fg%2F11p16mwsr0!19sChIJ3YkhnQMZ0i0REfu2C1e2KfA?authuser=0&hl=id&rclk=1,-8.4231359,115.3586167,https://www.tiktok.com/@iemahkai/video/7353232283773553926,,
1197,Cafe TaJoG,Bangli,4.7,3,Work from Cafe | Vibrant Nightlife,[],Rp 50–150k,Malam jam 7pm+,https://www.google.com/maps/place/Cafe+TaJoG/data=!4m7!3m6!1s0x2dd21997c07b2ec9:0x41b9a2be83da8c2b!8m2!3d-8.4498018!4d115.3563097!16s%2Fg%2F11cn6f27wr!19sChIJyS57wJcZ0i0RK4zag76iuUE?authuser=0&hl=id&rclk=1,-8.4498018,115.3563097,,,
1198,Misty Smoke & Grill,Bangli,4.5,105,Sunset & View | Work from Cafe | Vibrant Nightlife | Budget Friendly,"['harga', 'gunung batur', 'danau', 'pelayanan', 'pemandangan', 'lalat']",Rp 15–50k,Sunset jam 5–7pm,https://www.google.com/maps/place/Misty+Smoke+%26+Grill/data=!4m7!3m6!1s0x2dd1f380e1461121:0xba9d98ab1174af46!8m2!3d-8.2824158!4d115.3648481!16s%2Fg%2F11vt63bg5s!19sChIJIRFG4YDz0S0RRq90EauYnbo?authuser=0&hl=id&rclk=1,-8.2824158,115.3648481,,,
1199,Milusidecafe,Bangli,4.4,140,Sunset & View | Work from Cafe | Vibrant Nightlife | Budget Friendly,"['lalat', 'danau', 'harga', 'sore', 'pemandangan', 'daerah']",Rp 15–50k,Sunset jam 5–7pm,https://www.google.com/maps/place/Milusidecafe/data=!4m7!3m6!1s0x2dd1f7d55710f47d:0x70899a66e3cb528a!8m2!3d-8.2770103!4d115.3793402!16s%2Fg%2F11yfs5ws9s!19sChIJffQQV9X30S0RilLL42aaiXA?authuser=0&hl=id&rclk=1,-8.2770103,115.3793402,https://www.tiktok.com/@banglibucketlist/video/7626590539588095250,https://www.tiktok.com/@balinextstop/video/7532059279277313286,https://www.tiktok.com/@nomnombali/video/7531233300053069063
1200,BST Basecamp,Bangli,4.8,163,Sunset & View | Work from Cafe | Vibrant Nightlife,"['pengalaman', 'gunung batur', 'perjalanan', 'sunrise', 'memandu', 'fotografer']",Rp 50–150k,Sunrise jam 6–8am,https://www.google.com/maps/place/BST+Basecamp/data=!4m7!3m6!1s0x2dd1f5fab7f0b1dd:0x309c45bfd8849088!8m2!3d-8.2936298!4d115.3397923!16s%2Fg%2F11gmblyn89!19sChIJ3bHwt_r10S0RiJCE2L9FnDA?authuser=0&hl=id&rclk=1,-8.2936298,115.3397923,https://www.tiktok.com/@tourtravelinbali/video/7421106772808568069,,
1201,AJ Koffie Agro Luwak & Bali Organic Coffee,Bangli,4.8,116,Sunset & View | Work from Cafe,"['restoran', 'transportasi umum', 'atm', 'kopi luwak', 'gunung', 'perkebunan kopi']",Rp 50–150k,Sunset jam 5–7pm,https://www.google.com/maps/place/AJ+Koffie+Agro+Luwak+%26+Bali+Organic+Coffee/data=!4m7!3m6!1s0x2dd21d39d6b3c193:0x7df9d45079c14a04!8m2!3d-8.3170212!4d115.3842699!16s%2Fg%2F11rk4l9pgr!19sChIJk8Gz1jkd0i0RBErBeVDU-X0?authuser=0&hl=id&rclk=1,-8.3170212,115.3842699,https://www.tiktok.com/@maaamilot/video/7517832750502661394,https://www.tiktok.com/@joe_irwan/video/7533888536337059077,https://www.tiktok.com/@jalanmakanbali/video/7596172469354958098
1202,PUSAT PERHATIAN CAFE ( COFFEE ),Bangli,5.0,10,Work from Cafe | Vibrant Nightlife | Budget Friendly,"['snack', 'musik', 'harga']",Rp 15–50k,Malam jam 7pm+,https://www.google.com/maps/place/PUSAT+PERHATIAN+CAFE+%28+COFFEE+%29/data=!4m7!3m6!1s0x2dd1f50015f156fd:0x84ee0cbec5c3c34!8m2!3d-8.2688125!4d115.3428125!16s%2Fg%2F11vy8m702f!19sChIJ_VbxFQD10S0RNDxc7MvgTgg?authuser=0&hl=id&rclk=1,-8.2688125,115.3428125,https://www.tiktok.com/@tujuancafe.bali/video/7572533127420153106,https://www.tiktok.com/@odikabayu/video/7612951722448801032,https://www.tiktok.com/@joncitra/video/7636563302054694160
1203,Sweet Warung & Dining View,Karangasem,4.8,637,Sunset & View | Work from Cafe | Vibrant Nightlife,"['sawah', 'pijat', 'sidemen', 'nasi campur', 'bali', 'pad thai']",Rp 80–200k,Sunset jam 5–7pm,https://www.google.com/maps/place/Sweet+Warung+%26+Dining+View/data=!4m7!3m6!1s0x2dd21b3b09e5c4ff:0x9af7ca36aab02ebc!8m2!3d-8.4672511!4d115.4452717!16s%2Fg%2F11jv68y0_r!19sChIJ_8TlCTsb0i0RvC6wqjbK95o?authuser=0&hl=id&rclk=1,-8.4672511,115.4452717,https://www.tiktok.com/@josephakv/video/7497894548203441430,https://www.tiktok.com/@dailyhasanlife/video/7584725940060605718,https://www.tiktok.com/@hiwiyeenatwalj34/video/7615244678828477704
1204,Warung Makan Rejeki Nganjuk (Muslim),Karangasem,4.6,49,Work from Cafe | Vibrant Nightlife | Budget Friendly,"['harganya', 'ikan', 'halal']",Rp 15–50k,Malam jam 7pm+,https://www.google.com/maps/place/Warung+Makan+Rejeki+Nganjuk+%28Muslim%29/data=!4m7!3m6!1s0x2dd207b0944f432f:0xd2a2f271851281e2!8m2!3d-8.4494132!4d115.6081485!16s%2Fg%2F11p5n_731h!19sChIJL0NPlLAH0i0R4oEShXHyotI?authuser=0&hl=id&rclk=1,-8.4494132,115.6081485,https://www.tiktok.com/@dewi01612/video/7638610991340604679,https://www.tiktok.com/@pawon_kendes/video/7637012987177389329,
1205,Hakomamie Karangasem,Karangasem,4.6,49,Work from Cafe | Vibrant Nightlife | Budget Friendly,"['harga', 'gelas', 'pangsit', 'jujur', 'gurih', 'kasirnya']",Rp 15–50k,Malam jam 7pm+,https://www.google.com/maps/place/Hakomamie+Karangasem/data=!4m7!3m6!1s0x2dd207498d7dc0a7:0xb7cfea236ec072fc!8m2!3d-8.4411014!4d115.5919294!16s%2Fg%2F11w30_dp__!19sChIJp8B9jUkH0i0R_HLAbiPqz7c?authuser=0&hl=id&rclk=1,-8.4411014,115.5919294,https://www.tiktok.com/@hakomamie/video/7457401129488436485,https://www.tiktok.com/@hakomamie/video/7458354946656701701,https://www.tiktok.com/@hakomamie/video/7504966884081569029
1206,Anandinii Organic Garden & Kitchen,Karangasem,5.0,1004,Sunset & View | Work from Cafe | Vibrant Nightlife,"['vegan', 'taman', 'bali', 'sawah', 'sungai', 'panen']",Rp 150–400k,Sunset jam 5–7pm,https://www.google.com/maps/place/Anandinii+Organic+Garden+%26+Kitchen/data=!4m7!3m6!1s0x2dd2119fd23dde0b:0xb408c7aa13f78137!8m2!3d-8.4810747!4d115.4410438!16s%2Fg%2F11fs0b89bb!19sChIJC9490p8R0i0RN4H3E6rHCLQ?authuser=0&hl=id&rclk=1,-8.4810747,115.4410438,https://www.tiktok.com/@marleegrace195/video/7455863658246098194,https://www.tiktok.com/@raraardhitaa/video/7593281838240533778,https://www.tiktok.com/@ukon.mas/video/7611065073175612692
1207,Mahagiri Panoramic Resort & Restaurant,Karangasem,4.1,907,Work from Cafe | Vibrant Nightlife,['restoran'],Rp 30–100k,Malam jam 7pm+,https://www.google.com/maps/place/Mahagiri+Panoramic+Resort+%26+Restaurant/data=!4m10!3m9!1s0x2dd21b087af14de9:0x6b4e4379e63423dd!5m2!4m1!1i2!8m2!3d-8.4232089!4d115.4282001!16s%2Fg%2F11b6wkbdfm!19sChIJ6U3xeggb0i0R3SM05nlDTms?authuser=0&hl=id&rclk=1,-8.4232089,115.4282001,https://www.tiktok.com/@bimard.arnata/video/7554678139973160210,https://www.tiktok.com/@mstasiadontplay/video/7628827607332670741,https://www.tiktok.com/@bimard.arnata/video/7602066929221700884
1208,Maha Neka Villa (Guesthouse & Warung),Karangasem,4.9,90,Sunset & View | Work from Cafe | Vibrant Nightlife | Budget Friendly,"['restoran', 'harga', 'pork ribs', 'gunung agung', 'tuna', 'bungalow']",Rp 15–50k,Sunset jam 5–7pm,https://www.google.com/maps/place/Maha+Neka+Villa+%28Guesthouse+%26+Warung%29/data=!4m10!3m9!1s0x2dd21077b3cea817:0xbcb6b7c980693f36!5m2!4m1!1i2!8m2!3d-8.4733492!4d115.4412085!16s%2Fg%2F11c5c0904r!19sChIJF6jOs3cQ0i0RNj9pgMm3trw?authuser=0&hl=id&rclk=1,-8.4733492,115.4412085,https://www.tiktok.com/@wiswa.xaviermarks/video/7628224933738433800,https://www.tiktok.com/@managertripid/video/7554215107270561035,
1209,Warung Kokak,Karangasem,4.9,350,Work from Cafe | Vibrant Nightlife,"['lumbalumba', 'handuk', 'snorkeling', 'ikan mahi mahi panggang', 'kakap', 'menombak ikan']",Rp 50–150k,Malam jam 7pm+,https://www.google.com/maps/place/Warung+Kokak/data=!4m7!3m6!1s0x2dd209c9989f345f:0x9061c48671e32b93!8m2!3d-8.498754!4d115.6114041!16s%2Fg%2F11g3gv3g2_!19sChIJXzSfmMkJ0i0RkyvjcYbEYZA?authuser=0&hl=id&rclk=1,-8.498754,115.6114041,https://www.tiktok.com/@sangmedek/video/7328034447725464837,,
1210,Warung Bu Jero,Karangasem,4.6,607,Work from Cafe | Vibrant Nightlife,"['kakap merah utara', 'karaoke', 'ikan bakar', 'bbq', 'bara api', 'ikan kakap panggang']",Rp 80–200k,Malam jam 7pm+,https://www.google.com/maps/place/Warung+Bu+Jero/data=!4m7!3m6!1s0x2dd20f19e2eafa1d:0x510237baabdaa7cc!8m2!3d-8.5319009!4d115.5075549!16s%2Fg%2F11t4ccfdgs!19sChIJHfrq4hkP0i0RzKfaq7o3AlE?authuser=0&hl=id&rclk=1,-8.5319009,115.5075549,https://www.tiktok.com/@yansu_42/video/7593916183074573575,https://www.tiktok.com/@dextikoktavia15/video/7571318519145516296,https://www.tiktok.com/@inidiakakakbudi/video/7592499717519756564
1211,Waroeng Jukung Jasri,Karangasem,4.7,57,Work from Cafe | Vibrant Nightlife | Budget Friendly,"['karaoke', 'rempah', 'harga', 'telur ikan', 'cumi', 'marlin']",Rp 15–50k,Malam jam 7pm+,https://www.google.com/maps/place/Waroeng+Jukung+Jasri/data=!4m7!3m6!1s0x2dd2090002d5e495:0x76a2573367d595f0!8m2!3d-8.476463!4d115.6159047!16s%2Fg%2F11wj01sdrj!19sChIJleTVAgAJ0i0R8JXVZzNXonY?authuser=0&hl=id&rclk=1,-8.476463,115.6159047,https://www.tiktok.com/@aaarykr/video/7569622306348076296,https://www.tiktok.com/@waroeng.jukung/video/7411740356137471238,
1212,Umaduran Sidemen Cottage & Resto,Karangasem,4.9,80,Sunset & View | Work from Cafe | Vibrant Nightlife | Budget Friendly,"['sawah', 'harga', 'pijat', 'makan malam', 'scooter', 'ayam']",Rp 15–50k,Sunset jam 5–7pm,https://www.google.com/maps/place/Umaduran+Sidemen+Cottage+%26+Resto/data=!4m7!3m6!1s0x2dd21149106a405d:0xf32c546b07875f30!8m2!3d-8.4835478!4d115.435002!16s%2Fg%2F11s7w647qf!19sChIJXUBqEEkR0i0RMF-HB2tULPM?authuser=0&hl=id&rclk=1,-8.4835478,115.435002,https://www.tiktok.com/@umaduran_cottage/video/7387248158964845830,https://www.tiktok.com/@umaduran_cottage/video/7455278304170364165,https://www.tiktok.com/@umaduran_cottage/video/7369991191363980550
1213,La Grande,Karangasem,4.2,408,Sunset & View | Work from Cafe | Vibrant Nightlife,"['sawah', 'tirta gangga', 'nasi goreng', 'pemandangan', 'tarian', 'water park']",Rp 30–100k,Sunset jam 5–7pm,https://www.google.com/maps/place/La+Grande/data=!4m7!3m6!1s0x2dd207b85921b4e1:0xb0474c380c19679a!8m2!3d-8.4123552!4d115.5880627!16s%2Fg%2F11fmbbs_f2!19sChIJ4bQhWbgH0i0RmmcZDDhMR7A?authuser=0&hl=id&rclk=1,-8.4123552,115.5880627,https://www.tiktok.com/@legrandebali/video/7605531102714809617,https://www.tiktok.com/@legrandebali/video/7620378752748506376,https://www.tiktok.com/@legrandebali/video/7633720960163630344
1214,Amed Stop Inn Rooftop Restaurant and Bar,Karangasem,4.7,112,Sunset & View | Work from Cafe | Vibrant Nightlife | Budget Friendly,"['harga', 'gunung', 'sawah', 'kamar', 'sarapan', 'the view']",Rp 15–50k,Sunset jam 5–7pm,https://www.google.com/maps/place/Amed+Stop+Inn+Rooftop+Restaurant+and+Bar/data=!4m10!3m9!1s0x2dd2011a0e429661:0xb5a752cb8d588fb9!5m2!4m1!1i2!8m2!3d-8.3343875!4d115.6381406!16s%2Fg%2F11st9v_7j3!19sChIJYZZCDhoB0i0RuY9YjctSp7U?authuser=0&hl=id&rclk=1,-8.3343875,115.6381406,https://www.tiktok.com/@cherry_banana9/video/7550860673551551749,https://www.tiktok.com/@nightlife414/video/7565173155132673298,https://www.tiktok.com/@laurathefoodexplorer/video/7530770593336085766
1215,Waroeng Nusantara Jasri,Karangasem,4.4,104,Sunset & View | Work from Cafe | Vibrant Nightlife | Budget Friendly,"['harga', 'sawah', 'warung', 'madu', 'babi', 'pemandangan']",Rp 15–50k,Sunset jam 5–7pm,https://www.google.com/maps/place/Waroeng+Nusantara+Jasri/data=!4m7!3m6!1s0x2dd209127c2385a1:0x9776bc6e302290c4!8m2!3d-8.4661773!4d115.6206305!16s%2Fg%2F11qby4w6jf!19sChIJoYUjfBIJ0i0RxJAiMG68dpc?authuser=0&hl=id&rclk=1,-8.4661773,115.6206305,https://www.tiktok.com/@waroengnusantarajasri/video/7638154241755876629,https://www.tiktok.com/@waroengnusantarajasri/video/7612526118364548372,https://www.tiktok.com/@waroengnusantarajasri/video/7626614431090330900
1216,Omang Omang Café and Restaurant,Karangasem,4.6,536,Work from Cafe | Vibrant Nightlife | Romantic & Cozy,"['nachos', 'cocktail', 'taco', 'chilli con carne', 'rendang', 'quesadilla']",Rp 80–200k,Malam jam 7pm+,https://www.google.com/maps/place/Omang+Omang+Caf%C3%A9+and+Restaurant/data=!4m7!3m6!1s0x2dd20e67d8a3fa2b:0xa8b145011caa11bc!8m2!3d-8.5299969!4d115.5091586!16s%2Fg%2F11b6j72prr!19sChIJK_qj2GcO0i0RvBGqHAFFsag?authuser=0&hl=id&rclk=1,-8.5299969,115.5091586,https://www.tiktok.com/@kokokuliner/video/7630001153614368007,https://www.tiktok.com/@yudichelsealive/video/7500559876804922679,https://www.tiktok.com/@kokokuliner/video/7630001404601453831
1217,Warung Smiley,Karangasem,4.6,303,Work from Cafe | Vibrant Nightlife,"['service', 'cocktail', 'lagu', 'petang', 'arak', 'tamu']",Rp 50–150k,Malam jam 7pm+,https://www.google.com/maps/place/Warung+Smiley/data=!4m7!3m6!1s0x2dd20f20f0184bb7:0x60a23fafd12afb7c!8m2!3d-8.5032056!4d115.5515811!16s%2Fg%2F11cn8ysfy_!19sChIJt0sY8CAP0i0RfPsq0a8_omA?authuser=0&hl=id&rclk=1,-8.5032056,115.5515811,,,
1218,WARUNG PURIASIH SIDEMEN,Karangasem,5.0,400,Sunset & View | Work from Cafe | Vibrant Nightlife,"['sawah', 'spring roll', 'pad thai', 'taman', 'sate lilit', 'bali']",Rp 50–150k,Sunset jam 5–7pm,https://www.google.com/maps/place/WARUNG+PURIASIH+SIDEMEN/data=!4m7!3m6!1s0x2dd21b32bfdfaf09:0x9a8914c19f099a81!8m2!3d-8.4692884!4d115.4357164!16s%2Fg%2F11fs_j3w15!19sChIJCa_fvzIb0i0RgZoJn8EUiZo?authuser=0&hl=id&rclk=1,-8.4692884,115.4357164,,,
1219,New Queen Pub & Restaurant,Karangasem,4.6,323,Work from Cafe | Vibrant Nightlife,"['konser', 'cocktail', 'atmosphere', 'beer', 'pierogi', 'petang']",Rp 50–150k,Malam jam 7pm+,https://www.google.com/maps/place/New+Queen+Pub+%26+Restaurant/data=!4m7!3m6!1s0x2dd20ed495dc7b23:0xd3171604e793cb91!8m2!3d-8.508258!4d115.5663467!16s%2Fg%2F12cp8tn_3!19sChIJI3vcldQO0i0RkcuT5wQWF9M?authuser=0&hl=id&rclk=1,-8.508258,115.5663467,,,
1220,Sate Pepes Sop Ikan Marlin Bu Ribu Sejak 1950,Karangasem,4.5,371,Work from Cafe | Vibrant Nightlife,"['dapur', 'tradisional', 'mobil', 'gang', 'sate ikan', 'pepes ikan']",Rp 50–150k,Malam jam 7pm+,https://www.google.com/maps/place/Sate+Pepes+Sop+Ikan+Marlin+Bu+Ribu+Sejak+1950/data=!4m7!3m6!1s0x2dd20fcc951d7295:0x6452d90c6e26c321!8m2!3d-8.5025108!4d115.5501772!16s%2Fg%2F11lgt3wkn8!19sChIJlXIdlcwP0i0RIcMmbgzZUmQ?authuser=0&hl=id&rclk=1,-8.5025108,115.5501772,https://www.tiktok.com/@ssouriez/video/7506866673501097224,https://www.tiktok.com/@gabztania/video/7516110938311773458,https://www.tiktok.com/@ppn100persen/video/7562409550729579797
1221,LA BOTTEGA Melasti,Karangasem,4.4,290,Sunset & View | Work from Cafe | Vibrant Nightlife,"['lasagna', 'kue cokelat cair', 'toping', 'gnocchi pesto', 'makan malam', 'tuna']",Rp 50–150k,Sunset jam 5–7pm,https://www.google.com/maps/place/LA+BOTTEGA+Melasti/data=!4m7!3m6!1s0x2dd201f82bb21e99:0x74bf6b6d4bc78f84!8m2!3d-8.3312719!4d115.6383783!16s%2Fg%2F11k3l44s4l!19sChIJmR6yK_gB0i0RhI_HS21rv3Q?authuser=0&hl=id&rclk=1,-8.3312719,115.6383783,,,
1222,Petani's Warung and Catering,Karangasem,4.6,154,Sunset & View | Family Friendly | Work from Cafe | Vibrant Nightlife | Budget Friendly,"['harga', 'sawah', 'ikan', 'ayam panggang', 'service', 'ayam ricarica']",Rp 15–50k,Sunset jam 5–7pm,https://www.google.com/maps/place/Petani%27s+Warung+and+Catering/data=!4m7!3m6!1s0x2dd2066aae675bb1:0xe935d3124fafe208!8m2!3d-8.4430001!4d115.5906557!16s%2Fg%2F11g6ngt7q8!19sChIJsVtnrmoG0i0RCOKvTxLTNek?authuser=0&hl=id&rclk=1,-8.4430001,115.5906557,https://www.tiktok.com/@warungmesaribali/video/7625248628923190546,https://www.tiktok.com/@yohana333888/video/7579460882208541972,https://www.tiktok.com/@warungkude/video/7548840343135931656
1223,Waeni's Sunset View Bar & Restaurant,Karangasem,4.1,367,Sunset & View,"['restoran', 'transportasi umum', 'atm', 'koktail', 'happy hour', 'penglihatan']",Rp 30–100k,Sunset jam 5–7pm,https://www.google.com/maps/place/Waeni%27s+Sunset+View+Bar+%26+Restaurant/data=!4m7!3m6!1s0x2dcdff700c314a75:0x7059ee3bf77874b4!8m2!3d-8.3449776!4d115.6751628!16s%2Fg%2F1q67q6t9_!19sChIJdUoxDHD_zS0RtHR49zvuWXA?authuser=0&hl=id&rclk=1,-8.3449776,115.6751628,https://www.tiktok.com/@darma_771/video/7610980419223178503,https://www.tiktok.com/@mandadeebali/video/7523250184281951494,https://www.tiktok.com/@madesani123/video/7506136070338252039
1224,Adi Restaurant,Karangasem,4.5,92,Work from Cafe | Vibrant Nightlife | Budget Friendly,"['sarapan', 'taman', 'harga', 'pasar', 'vegetarian', 'bali']",Rp 15–50k,Malam jam 7pm+,https://www.google.com/maps/place/Adi+Restaurant/data=!4m7!3m6!1s0x2dcdffde7169b1e5:0x4331a7a924e162cf!8m2!3d-8.3459882!4d115.6717641!16s%2Fg%2F11rzsg33l7!19sChIJ5bFpcd7_zS0Rz2LhJKmnMUM?authuser=0&hl=id&rclk=1,-8.3459882,115.6717641,https://www.tiktok.com/@adidharmahotel/video/7622989392147156245,https://www.tiktok.com/@adidharmahotel/video/7608431262490955029,https://www.tiktok.com/@adidharmahotel/video/7613295632895233301
1225,MieBujuh Karangasem,Karangasem,3.9,508,Family Friendly | Work from Cafe | Vibrant Nightlife,"['pedas', 'pelayanan', 'panas', 'keju', 'udang', 'luas']",Rp 30–100k,Malam jam 7pm+,https://www.google.com/maps/place/MieBujuh+Karangasem/data=!4m7!3m6!1s0x2dd20641913c5c3d:0x73ad934c4b3ffefe!8m2!3d-8.4398416!4d115.5927908!16s%2Fg%2F11cnc47ryw!19sChIJPVw8kUEG0i0R_v4_S0yTrXM?authuser=0&hl=id&rclk=1,-8.4398416,115.5927908,https://www.tiktok.com/@miebujuhbali2/video/7619534067226119445,https://www.tiktok.com/@_dewi46/video/7575507884105157904,https://www.tiktok.com/@miebujuhbali2/video/7625255603794955540
1226,Warung Gayatri,Karangasem,4.7,143,Work from Cafe | Vibrant Nightlife | Budget Friendly,"['nasi campur', 'harga', 'pilihan', 'vegetarian', 'jus', 'atmosphere']",Rp 15–50k,Malam jam 7pm+,https://www.google.com/maps/place/Warung+Gayatri/data=!4m7!3m6!1s0x2dd20184ec0a668b:0x29bf841f6f2d16fe!8m2!3d-8.3357167!4d115.6476118!16s%2Fg%2F11sk5yx33f!19sChIJi2YK7IQB0i0R_hYtbx-Evyk?authuser=0&hl=id&rclk=1,-8.3357167,115.6476118,,,
1227,Warung Ida & Artshop,Karangasem,4.7,268,Sunset & View | Work from Cafe | Vibrant Nightlife,"['sidemen', 'rijsttafel', 'sate', 'service', 'makanan lokal', 'makan malam']",Rp 50–150k,Sunset jam 5–7pm,https://www.google.com/maps/place/Warung+Ida+%26+Artshop/data=!4m7!3m6!1s0x2dd2107635b6618b:0xddaba7c098158575!8m2!3d-8.4738354!4d115.4412437!16s%2Fg%2F11b8tfp1kr!19sChIJi2G2NXYQ0i0RdYUVmMCnq90?authuser=0&hl=id&rclk=1,-8.4738354,115.4412437,https://www.tiktok.com/@tallatiara/video/7631444532533447943,https://www.tiktok.com/@catatan_ivo/video/7636747253675216135,
1228,Joglo Bar & Restaurant,Karangasem,4.6,240,Sunset & View | Work from Cafe | Vibrant Nightlife,"['taman', 'makan malam', 'service', 'atmosphere', 'ikan lemadang', 'dessert']",Rp 50–150k,Sunset jam 5–7pm,https://www.google.com/maps/place/Joglo+Bar+%26+Restaurant/data=!4m7!3m6!1s0x2dd20ed4bc3a5443:0xae21547abeed9679!8m2!3d-8.5084313!4d115.5669605!16s%2Fg%2F11x98ztzt!19sChIJQ1Q6vNQO0i0ReZbtvnpUIa4?authuser=0&hl=id&rclk=1,-8.5084313,115.5669605,https://www.tiktok.com/@maysha_sarah/video/7499414015886626053,,
1229,Geringsing Restaurant,Karangasem,4.7,136,Sunset & View | Work from Cafe | Vibrant Nightlife,"['sarapan', 'samudra', 'service', 'pilihan', 'masakan indonesia', 'burrito']",Rp 50–150k,Sunset jam 5–7pm,https://www.google.com/maps/place/Geringsing+Restaurant/data=!4m7!3m6!1s0x2dd20955dc3f48a9:0x3318d0be18a7b4aa!8m2!3d-8.5138214!4d115.5790859!16s%2Fg%2F11h234zvb5!19sChIJqUg_3FUJ0i0RqrSnGL7QGDM?authuser=0&hl=id&rclk=1,-8.5138214,115.5790859,,,
1230,Bukit Segara Restaurant,Karangasem,4.5,28,Work from Cafe | Vibrant Nightlife,"['samudra', 'ikan', 'nasi goreng']",Rp 50–150k,Malam jam 7pm+,https://www.google.com/maps/place/Bukit+Segara+Restaurant/data=!4m7!3m6!1s0x2dd201210887aa59:0x8c9cf2ac93507294!8m2!3d-8.3466702!4d115.6793182!16s%2Fg%2F11khzl_kg6!19sChIJWaqHCCEB0i0RlHJQk6zynIw?authuser=0&hl=id&rclk=1,-8.3466702,115.6793182,https://www.tiktok.com/@tepibukit_restaur/video/7575720831435771154,https://www.tiktok.com/@kenyanindia/video/7274174196803030278,
1231,The Cup Resto and Bar,Karangasem,4.5,162,Sunset & View | Work from Cafe | Vibrant Nightlife | Budget Friendly,"['harga', 'gunung agung', 'atap', 'musik', 'cappucino', 'service']",Rp 15–50k,Sunset jam 5–7pm,https://www.google.com/maps/place/The+Cup+Resto+and+Bar/data=!4m7!3m6!1s0x2dd20060e4113b1b:0x283f4d7c26cc910e!8m2!3d-8.3357291!4d115.6501041!16s%2Fg%2F11c1p72271!19sChIJGzsR5GAA0i0RDpHMJnxNPyg?authuser=0&hl=id&rclk=1,-8.3357291,115.6501041,https://www.tiktok.com/@cup.el_official/video/7590974892653235474,https://www.tiktok.com/@cup.el_official/video/7588427150089342229,https://www.tiktok.com/@cup.el_official/video/7614070609399549191
1232,Ashyana Resort Restaurant,Karangasem,4.4,55,Sunset & View | Work from Cafe | Vibrant Nightlife | Budget Friendly,"['pantai', 'harga', 'kamar', 'resepsionis', 'makan siang']",Rp 15–50k,Sunset jam 5–7pm,https://www.google.com/maps/place/Ashyana+Resort+Restaurant/data=!4m7!3m6!1s0x2dd20fd606917c77:0x9982eac399c72bb9!8m2!3d-8.5089024!4d115.5658767!16s%2Fg%2F11x6pg7mb1!19sChIJd3yRBtYP0i0RuSvHmcPqgpk?authuser=0&hl=id&rclk=1,-8.5089024,115.5658767,https://www.tiktok.com/@seriawati/video/7600343799503637778,https://www.tiktok.com/@lisalocallens/video/7535239025070771463,https://www.tiktok.com/@lianaode99/video/7570185148512144658
1233,Topi Inn & Restaurant,Karangasem,4.2,428,Work from Cafe | Vibrant Nightlife,"['restoran', 'diving', 'kamar', 'shower', 'nasi campur', 'jus']",Rp 30–100k,Malam jam 7pm+,https://www.google.com/maps/place/Topi+Inn+%26+Restaurant/data=!4m10!3m9!1s0x2dd20e67a808ac05:0x6748c46e38b55f5e!5m2!4m1!1i2!8m2!3d-8.5302519!4d115.5118543!16s%2Fg%2F1tfswgz1!19sChIJBawIqGcO0i0RXl-1OG7ESGc?authuser=0&hl=id&rclk=1,-8.5302519,115.5118543,https://www.tiktok.com/@travelwithtashy/video/7615950447790050582,https://www.tiktok.com/@bali.stuti.jimbar/video/7602098092912971028,https://www.tiktok.com/@yan_di002/video/7598778060141268245
1234,Warung Pantai,Karangasem,4.3,323,Work from Cafe | Vibrant Nightlife,"['barbecue', 'kari', 'nasi campur', 'sate', 'barakuda', 'snorkling']",Rp 50–150k,Malam jam 7pm+,https://www.google.com/maps/place/Warung+Pantai/data=!4m7!3m6!1s0x2dd2007e16f609b3:0xde3596f680eaca45!8m2!3d-8.336301!4d115.658202!16s%2Fg%2F1q65_cfpm!19sChIJswn2Fn4A0i0RRcrqgPaWNd4?authuser=0&hl=id&rclk=1,-8.336301,115.658202,https://www.tiktok.com/@udinkuliner/video/7635943133880257800,https://www.tiktok.com/@kathkhulman/video/7539151133273509138,https://www.tiktok.com/@balihints/video/7555827780374564108
1235,ATI'S RESTAURANT @ Subak Tabola Villa,Karangasem,4.7,119,Sunset & View | Work from Cafe | Vibrant Nightlife,"['masakan india', 'thali', 'perasaan', 'damai', 'thai', 'samosa']",Rp 50–150k,Sunset jam 5–7pm,https://www.google.com/maps/place/ATI%27S+RESTAURANT+@+Subak+Tabola+Villa/data=!4m7!3m6!1s0x2dd2116765b639f1:0x751edfc47a6d4f77!8m2!3d-8.48014!4d115.4424906!16s%2Fg%2F11smvr9zn5!19sChIJ8Tm2ZWcR0i0Rd09tesTfHnU?authuser=0&hl=id&rclk=1,-8.48014,115.4424906,https://www.tiktok.com/@windawillemsen/video/7559486922754641208,,
1236,Puri Pandan Restaurant and Bungalows,Karangasem,4.3,297,Work from Cafe | Vibrant Nightlife,['restoran'],Rp 50–150k,Malam jam 7pm+,https://www.google.com/maps/place/Puri+Pandan+Restaurant+and+Bungalows/data=!4m7!3m6!1s0x2dd2092cbb00f1db:0xb8f174afc0621172!8m2!3d-8.5095395!4d115.5678621!16s%2Fg%2F11zxsjb6d!19sChIJ2_EAuywJ0i0RchFiwK908bg?authuser=0&hl=id&rclk=1,-8.5095395,115.5678621,https://www.tiktok.com/@puri.pandan/video/7552378814974741772,https://www.tiktok.com/@puri.pandan/video/7541233616764865810,https://www.tiktok.com/@puri.pandan/video/7546147025079864632
1237,Martini's,Karangasem,4.8,646,Work from Cafe | Vibrant Nightlife,"['gado gado', 'makanan lokal', 'perahu', 'kuantitas', 'kepemilikan', 'vegan']",Rp 80–200k,Malam jam 7pm+,https://www.google.com/maps/place/Martini%27s/data=!4m7!3m6!1s0x2dd20e67d6f8db21:0x21dd124f4d5bc46f!8m2!3d-8.5306022!4d115.5090894!16s%2Fg%2F11c3k52s72!19sChIJIdv41mcO0i0Rb8RbTU8S3SE?authuser=0&hl=id&rclk=1,-8.5306022,115.5090894,,,
1238,Mimba foods corner,Karangasem,4.9,445,Sunset & View | Work from Cafe | Vibrant Nightlife,"['pantai', 'makan malam', 'warung', 'spesies', 'grill', 'tuna']",Rp 50–150k,Sunset jam 5–7pm,https://www.google.com/maps/place/Mimba+foods+corner/data=!4m7!3m6!1s0x2dd20f67ac34d117:0xebe3df26321151fd!8m2!3d-8.5388399!4d115.5060384!16s%2Fg%2F11h0j44qcg!19sChIJF9E0rGcP0i0R_VERMibf4-s?authuser=0&hl=id&rclk=1,-8.5388399,115.5060384,,,
1239,Bloo Lagoon Restaurant & Cafe,Karangasem,4.3,282,Sunset & View | Work from Cafe | Vibrant Nightlife,"['laut', 'pizza', 'service', 'dinner', 'atmosphere', 'pemandangan']",Rp 50–150k,Sunset jam 5–7pm,https://www.google.com/maps/place/Bloo+Lagoon+Restaurant+%26+Cafe/data=!4m7!3m6!1s0x2dd20e67608551b9:0x44ae2cb5f4613322!8m2!3d-8.5284517!4d115.5132913!16s%2Fg%2F11cn0qs2y4!19sChIJuVGFYGcO0i0RIjNh9LUsrkQ?authuser=0&hl=id&rclk=1,-8.5284517,115.5132913,https://www.tiktok.com/@thebaliguideline/video/7521247141440834822,https://www.tiktok.com/@a.thessalona/video/7530098437480615175,https://www.tiktok.com/@mai_douma/video/7534950345995242808
1240,Genta Bali,Karangasem,4.6,46,Work from Cafe | Vibrant Nightlife | Budget Friendly,"['harga', 'wine', 'beras hitam', 'daun pisang', 'mie goreng', 'jus']",Rp 15–50k,Malam jam 7pm+,https://www.google.com/maps/place/Genta+Bali/data=!4m7!3m6!1s0x2dd206eedaa829d1:0x8aa62d40ab87d7fc!8m2!3d-8.4110086!4d115.5879886!16s%2Fg%2F1pzqj1_8p!19sChIJ0Smo2u4G0i0R_NeHq0Atpoo?authuser=0&hl=id&rclk=1,-8.4110086,115.5879886,https://www.tiktok.com/@bajra_gentha/video/7277941365927939334,https://www.tiktok.com/@tuananta/video/7529732716695194887,https://www.tiktok.com/@tuananta/video/7543635875108818183
1241,Flamingo Restaurant,Karangasem,4.1,114,Sunset & View | Work from Cafe | Vibrant Nightlife | Budget Friendly,"['harga', 'kolam renang', 'cocktail', 'samudra', 'pizza', 'makan malam']",Rp 15–50k,Sunset jam 5–7pm,https://www.google.com/maps/place/Flamingo+Restaurant/data=!4m7!3m6!1s0x2dd2096039222225:0xbdefa1f773b2faf3!8m2!3d-8.5104553!4d115.5702147!16s%2Fg%2F11gk4ypwwy!19sChIJJSIiOWAJ0i0R8_qyc_eh770?authuser=0&hl=id&rclk=1,-8.5104553,115.5702147,https://www.tiktok.com/@snovvflower_/video/7594707306529426695,https://www.tiktok.com/@sagaracandidasa/video/7500204228359720200,https://www.tiktok.com/@nabilasyabrinaa/video/7286796123430325509
1242,Astawa Warung,Karangasem,4.5,322,Sunset & View | Work from Cafe | Vibrant Nightlife,"['service', 'seafood', 'set menu', 'makan malam', 'dessert', 'spring roll']",Rp 50–150k,Sunset jam 5–7pm,https://www.google.com/maps/place/Astawa+Warung/data=!4m7!3m6!1s0x2dd2092c2f21728d:0x23a5239b0803c68b!8m2!3d-8.5109415!4d115.5736884!16s%2Fg%2F1pzxst5th!19sChIJjXIhLywJ0i0Ri8YDCJsjpSM?authuser=0&hl=id&rclk=1,-8.5109415,115.5736884,,,
1243,LaRouge restaurant,Karangasem,4.2,215,Work from Cafe | Vibrant Nightlife | Budget Friendly,"['service', 'harga', 'hidangan india', 'steak', 'cocktail', 'bahagia']",Rp 15–50k,Malam jam 7pm+,https://www.google.com/maps/place/LaRouge+restaurant/data=!4m7!3m6!1s0x2dd20ed48b0b3c79:0x2007d3a640fd1488!8m2!3d-8.5083046!4d115.5655782!16s%2Fg%2F12hqvn_bl!19sChIJeTwLi9QO0i0RiBT9QKbTByA?authuser=0&hl=id&rclk=1,-8.5083046,115.5655782,,,
1244,Wayan's Warung,Karangasem,4.6,260,Work from Cafe | Vibrant Nightlife,"['service', 'grill', 'ikan lemadang', 'masakan indonesia', 'makanan lokal', 'sate']",Rp 50–150k,Malam jam 7pm+,https://www.google.com/maps/place/Wayan%27s+Warung/data=!4m7!3m6!1s0x2dcdff6b9f5ca8cd:0x86c7c5b2b4cf7cb9!8m2!3d-8.3516072!4d115.6832113!16s%2Fg%2F1q665m481!19sChIJzahcn2v_zS0RuXzPtLLFx4Y?authuser=0&hl=id&rclk=1,-8.3516072,115.6832113,https://www.tiktok.com/@wayans_warung/video/7636667951684373768,https://www.tiktok.com/@wayans_warung/video/7611897668700228882,
1245,Babi Guling Pan Benyek karangasem,Karangasem,4.6,163,Family Friendly | Work from Cafe | Vibrant Nightlife | Budget Friendly,"['kulit', 'bumbu', 'harga', 'luas', 'pagi', 'makan siang']",Rp 15–50k,Malam jam 7pm+,https://www.google.com/maps/place/Babi+Guling+Pan+Benyek+karangasem/data=!4m7!3m6!1s0x2dd20f220ce37beb:0xf16434f5a92bc2e1!8m2!3d-8.4786285!4d115.5370633!16s%2Fg%2F11krd79pdb!19sChIJ63vjDCIP0i0R4cIrqfU0ZPE?authuser=0&hl=id&rclk=1,-8.4786285,115.5370633,https://www.tiktok.com/@bali.kelana/video/7636285506879229202,https://www.tiktok.com/@jesmillll/video/7596307194786663698,https://www.tiktok.com/@cancersw11/video/7635896845620776213
1246,Ozone Café,Karangasem,4.4,622,Sunset & View | Work from Cafe | Vibrant Nightlife,"['atmosphere', 'perahu', 'burger', 'musik', 'service', 'makan malam']",Rp 50–150k,Sunset jam 5–7pm,https://www.google.com/maps/place/Ozone+Caf%C3%A9/data=!4m7!3m6!1s0x2dd20e6888fed7c7:0xd043aa71241741ae!8m2!3d-8.530761!4d115.5084605!16s%2Fg%2F11b6hv81nr!19sChIJx9f-iGgO0i0RrkEXJHGqQ9A?authuser=0&hl=id&rclk=1,-8.530761,115.5084605,,,
1247,WARUNG RATNA KHAS JAWA TIMUR,Karangasem,4.4,78,Work from Cafe | Vibrant Nightlife | Budget Friendly,"['halal', 'harga', 'nasi goreng', 'lalapan', 'capcay', 'mie goreng']",Rp 15–50k,Malam jam 7pm+,https://www.google.com/maps/place/WARUNG+RATNA+KHAS+JAWA+TIMUR/data=!4m7!3m6!1s0x2dd2088279639393:0x90acf3e49b1b984!8m2!3d-8.4616146!4d115.6070849!16s%2Fg%2F11f3cj1wjz!19sChIJk5NjeYII0i0RhLmxST7PCgk?authuser=0&hl=id&rclk=1,-8.4616146,115.6070849,https://www.tiktok.com/@sisiltaneal/video/7548999133080685842,https://www.tiktok.com/@nafis0207/video/7631157324618468616,https://www.tiktok.com/@nafis0207/video/7630055334106942738
1248,Samani Resto,Karangasem,4.2,128,Sunset & View | Work from Cafe | Vibrant Nightlife | Budget Friendly,"['pemandangan', 'harga', 'pura besakih', 'makan siang', 'bukit', 'alam']",Rp 15–50k,Sunset jam 5–7pm,https://www.google.com/maps/place/Samani+Resto/data=!4m7!3m6!1s0x2dd210a039aca797:0x9bb5050c3f144b06!8m2!3d-8.4769967!4d115.4006588!16s%2Fg%2F11byvc20xj!19sChIJl6esOaAQ0i0RBksUPwwFtZs?authuser=0&hl=id&rclk=1,-8.4769967,115.4006588,,,
1249,Ocean Terrace Restaurant,Karangasem,4.5,358,Work from Cafe | Vibrant Nightlife | Budget Friendly,"['laut', 'harga', 'prasmanan', 'dapur', 'warung', 'cocktail']",Rp 15–50k,Malam jam 7pm+,https://www.google.com/maps/place/Ocean+Terrace+Restaurant/data=!4m7!3m6!1s0x2dd20f276f2effdb:0xfa59c75cb31a3a66!8m2!3d-8.5044353!4d115.5520875!16s%2Fg%2F11c1xhrhjl!19sChIJ2_8ubycP0i0RZjoas1zHWfo?authuser=0&hl=id&rclk=1,-8.5044353,115.5520875,https://www.tiktok.com/@legianbeachhotel/video/7596609950726556948,https://www.tiktok.com/@royalsantrianvillasbali/video/7569454106184584468,https://www.tiktok.com/@deprianthony/video/7555402405173595410
1250,Natnat Thai Comfort Food,Karangasem,4.7,656,Work from Cafe | Vibrant Nightlife,"['pad thai', 'tomyam', 'kaeng khiao wan', 'tempe', 'tom kha kai', 'mango sticky rice']",Rp 80–200k,Malam jam 7pm+,https://www.google.com/maps/place/Natnat+Thai+Comfort+Food/data=!4m7!3m6!1s0x2dd201d717584b67:0xf7c12a79d599caa!8m2!3d-8.3351159!4d115.6431658!16s%2Fg%2F11ny12kpv6!19sChIJZ0tYF9cB0i0RqpxZnacSfA8?authuser=0&hl=id&rclk=1,-8.3351159,115.6431658,https://www.tiktok.com/@daviniafc/video/7059693415310609669,https://www.tiktok.com/@balihints/video/7525315934991502597,https://www.tiktok.com/@khaocanggu/video/7597372719050525973
1251,Warung Segara,Karangasem,4.5,454,Sunset & View | Work from Cafe | Vibrant Nightlife,"['pantai', 'rice', 'makan malam', 'sunset', 'ikan lemadang', 'gunung agung']",Rp 50–150k,Sunset jam 5–7pm,https://www.google.com/maps/place/Warung+Segara/data=!4m7!3m6!1s0x2dd20063db47b093:0xa98f84bd833caaed!8m2!3d-8.3345226!4d115.6457191!16s%2Fg%2F11bv382gjq!19sChIJk7BH22MA0i0R7ao8g72Ej6k?authuser=0&hl=id&rclk=1,-8.3345226,115.6457191,https://www.tiktok.com/@jajanan.banyuwangi/video/7513413471409573176,https://www.tiktok.com/@benzspencer/video/7555444512445713665,https://www.tiktok.com/@dewagedesatria/video/7545867023541210373
1252,Lembah Arca Restaurant,Karangasem,3.8,64,Work from Cafe | Vibrant Nightlife,['mandi'],Rp 30–100k,Malam jam 7pm+,https://www.google.com/maps/place/Lembah+Arca+Restaurant/data=!4m7!3m6!1s0x2dd21b9e9097fcc3:0x56e6317767365901!8m2!3d-8.406991!4d115.4262353!16s%2Fg%2F1pzrh8mc0!19sChIJw_yXkJ4b0i0RAVk2Z3cx5lY?authuser=0&hl=id&rclk=1,-8.406991,115.4262353,https://www.tiktok.com/@srikandi_gunung/video/7633662318425099527,https://www.tiktok.com/@tongos.melali/video/7630963685791452434,https://www.tiktok.com/@wh.andre/video/7606285395210308872
1253,Mertha Sari Resto and Bungalow,Klungkung,4.9,79,Sunset & View | Work from Cafe | Vibrant Nightlife | Budget Friendly,"['pelayanan', 'harga', 'kamar', 'pantai', 'sate maranggi', 'skuter']",Rp 15–50k,Sunset jam 5–7pm,https://www.google.com/maps/place/Mertha+Sari+Resto+and+Bungalow/data=!4m10!3m9!1s0x2dd271e1e8e469a9:0x70ad0d8a5084a2fe!5m2!4m1!1i2!8m2!3d-8.7180956!4d115.5038903!16s%2Fg%2F11srd1lbpp!19sChIJqWnk6OFx0i0R_qKEUIoNrXA?authuser=0&hl=id&rclk=1,-8.7180956,115.5038903,https://www.tiktok.com/@nenden.kusniawati/video/7325775883262872838,https://www.tiktok.com/@merthasarinusa/video/7308358021258824966,https://www.tiktok.com/@nomnombali/video/7232108943714045210
1254,Warung Makan Oldies Garage,Klungkung,4.6,106,Family Friendly | Work from Cafe | Vibrant Nightlife,"['sate', 'gulai', 'luas', 'lawar', 'kambing', 'nyaman']",Rp 50–150k,Malam jam 7pm+,https://www.google.com/maps/place/Warung+Makan+Oldies+Garage/data=!4m7!3m6!1s0x2dd2113d4a54e6e3:0x2db3a11bf8a2ef4f!8m2!3d-8.5261079!4d115.40097!16s%2Fg%2F11gh2qmjh4!19sChIJ4-ZUSj0R0i0RT--i-Buhsy0?authuser=0&hl=id&rclk=1,-8.5261079,115.40097,https://www.tiktok.com/@fati.amor97/video/7516132185145871623,https://www.tiktok.com/@farida.nurhan/video/7553551232195956024,https://www.tiktok.com/@nomnombali/video/7534202807986015495
1255,KASIKU Lawar Kuwir,Klungkung,4.4,490,Sunset & View | Family Friendly | Work from Cafe | Vibrant Nightlife | Budget Friendly,"['harga', 'daging bebek', 'sate lilit', 'luas', 'daun', 'lokal']",Rp 15–50k,Sunset jam 5–7pm,https://www.google.com/maps/place/KASIKU+Lawar+Kuwir/data=!4m7!3m6!1s0x2dd213f767a9b203:0x8f7b6606285afded!8m2!3d-8.5680722!4d115.3827832!16s%2Fg%2F11bxg9f20z!19sChIJA7KpZ_cT0i0R7f1aKAZme48?authuser=0&hl=id&rclk=1,-8.5680722,115.3827832,https://www.tiktok.com/@aguswijaya773/video/7484899649443106053,https://www.tiktok.com/@omsukareview.punyacerita/video/7596114847071243527,https://www.tiktok.com/@omsukareview.punyacerita/video/7558305094882659640
1256,Rock'N Roll Food Corner,Klungkung,4.6,46,Work from Cafe | Vibrant Nightlife | Budget Friendly,"['musik', 'tersembunyi', 'harga']",Rp 15–50k,Malam jam 7pm+,https://www.google.com/maps/place/Rock%27N+Roll+Food+Corner/data=!4m7!3m6!1s0x2dd2116695c6834b:0xba2c934f84193ceb!8m2!3d-8.5493958!4d115.4069839!16s%2Fg%2F11crxrg63x!19sChIJS4PGlWYR0i0R6zwZhE-TLLo?authuser=0&hl=id&rclk=1,-8.5493958,115.4069839,https://www.tiktok.com/@sensis.enak/video/7536438920662322488,https://www.tiktok.com/@westsecret/video/7525116955062258951,https://www.tiktok.com/@latenkproduction/video/7115789743694073115
1257,Bima Kuliner,Klungkung,5.0,20,Work from Cafe | Vibrant Nightlife,"['lalapan', 'warung', 'sambal', 'bumbu', 'ayam bakar', 'pedes']",Rp 50–150k,Malam jam 7pm+,https://www.google.com/maps/place/Bima+Kuliner/data=!4m7!3m6!1s0x2dd2110067f70d99:0xe8405d162926ad90!8m2!3d-8.5371403!4d115.3956897!16s%2Fg%2F11xdwsmzt7!19sChIJmQ33ZwAR0i0RkK0mKRZdQOg?authuser=0&hl=id&rclk=1,-8.5371403,115.3956897,https://www.tiktok.com/@bima.kuliner/video/7633465194949233928,https://www.tiktok.com/@bima.kuliner/video/7635649352949648648,https://www.tiktok.com/@bima.kuliner/video/7637807650419281160
1258,Babi Kriuk Mek Sunadi,Klungkung,4.6,49,Work from Cafe | Vibrant Nightlife | Budget Friendly,"['harga', 'antrean', 'sambal', 'sistem', 'siang', 'orang']",Rp 15–50k,Malam jam 7pm+,https://www.google.com/maps/place/Babi+Kriuk+Mek+Sunadi/data=!4m7!3m6!1s0x2dd217201253ad4d:0xd4c614c641590c29!8m2!3d-8.5167094!4d115.3764991!16s%2Fg%2F11lgjdgkd2!19sChIJTa1TEiAX0i0RKQxZQcYUxtQ?authuser=0&hl=id&rclk=1,-8.5167094,115.3764991,https://www.tiktok.com/@balihints/video/7636299231166270740,https://www.tiktok.com/@hippo.hopee.happydog/video/7621469515846618389,https://www.tiktok.com/@gunturiwayan/video/7483810407166053639
1259,Dapur Mama Wah,Klungkung,4.8,52,Budget Friendly,"['restoran', 'transportasi umum', 'atm', 'harga', 'menu', 'cemilan']",Rp 15–50k,Lunch atau dinner,https://www.google.com/maps/place/Dapur+Mama+Wah/data=!4m7!3m6!1s0x2dd211376ae00739:0xaecf976496680309!8m2!3d-8.5406025!4d115.4074894!16s%2Fg%2F11p_28xjk5!19sChIJOQfgajcR0i0RCQNolmSXz64?authuser=0&hl=id&rclk=1,-8.5406025,115.4074894,https://www.tiktok.com/@dapurmamawah_/video/7633685144632610069,https://www.tiktok.com/@dapurmamawah_/video/7633248489278868757,https://www.tiktok.com/@dapurmamawah_/video/7524145185324797240
1260,Rumah Makan Pesinggahan,Klungkung,4.6,53,Work from Cafe | Vibrant Nightlife,['sate'],Rp 50–150k,Malam jam 7pm+,https://www.google.com/maps/place/Rumah+Makan+Pesinggahan/data=!4m7!3m6!1s0x2dd2120267ea569b:0xe727348c0771a04b!8m2!3d-8.5528716!4d115.4651763!16s%2Fg%2F11dz5q384c!19sChIJm1bqZwIS0i0RS6BxB4w0J-c?authuser=0&hl=id&rclk=1,-8.5528716,115.4651763,https://www.tiktok.com/@siiegabut/video/7541803687233129784,https://www.tiktok.com/@putrinovasta/video/7608434385804741906,https://www.tiktok.com/@wah.uni.uni/video/7610024481079315733
1261,Rumah Makan Keluarga Kumendel,Klungkung,4.3,463,Sunset & View | Family Friendly | Work from Cafe | Vibrant Nightlife | Budget Friendly,"['harga', 'sate', 'pantai', 'sambel', 'luas', 'pelayanan']",Rp 15–50k,Sunset jam 5–7pm,https://www.google.com/maps/place/Rumah+Makan+Keluarga+Kumendel/data=!4m7!3m6!1s0x2dd21201f9b3632d:0x969abdb91c6083dd!8m2!3d-8.5523259!4d115.4664708!16s%2Fg%2F11gh2qt80n!19sChIJLWOz-QES0i0R3YNgHLm9mpY?authuser=0&hl=id&rclk=1,-8.5523259,115.4664708,https://www.tiktok.com/@kumendel_krngsm/video/7524988052020776197,https://www.tiktok.com/@tiaraexplorer/video/7537685261233229112,https://www.tiktok.com/@rm.kumendel.goala/video/7569061277918596360
1262,Warung Sai Te Puuk,Klungkung,4.0,58,Sunset & View | Work from Cafe | Vibrant Nightlife,"['pelayanan', 'capcay', 'es teler', 'sambal', 'feedback', 'spageti']",Rp 30–100k,Sunset jam 5–7pm,https://www.google.com/maps/place/Warung+Sai+Te+Puuk/data=!4m7!3m6!1s0x2dd211645bde57e3:0xd00813dfc9978e9d!8m2!3d-8.5330414!4d115.4089217!16s%2Fg%2F11rp7q_wkp!19sChIJ41feW2QR0i0RnY6Xyd8TCNA?authuser=0&hl=id&rclk=1,-8.5330414,115.4089217,https://www.tiktok.com/@itsgauri12/video/7606698158059474184,https://www.tiktok.com/@wstwarungsaitepuk/video/7571747786551676178,https://www.tiktok.com/@wstwarungsaitepuk/video/7571743927544433928
1263,Lalapan Devi,Klungkung,4.7,48,Work from Cafe | Vibrant Nightlife,"['sambal', 'nasi', 'dada', 'ida bagus mantra', 'lalapan ayam', 'paha']",Rp 50–150k,Malam jam 7pm+,https://www.google.com/maps/place/Lalapan+Devi/data=!4m7!3m6!1s0x2dd213c5250f59e7:0x1aeca044c266de54!8m2!3d-8.5678144!4d115.3821556!16s%2Fg%2F11r9m9snk9!19sChIJ51kPJcUT0i0RVN5mwkSg7Bo?authuser=0&hl=id&rclk=1,-8.5678144,115.3821556,https://www.tiktok.com/@nung.leleh/video/7501638509883673861,https://www.tiktok.com/@echa.madejuniati/video/7536536527841578248,https://www.tiktok.com/@kulinerlalapan/video/7624905174783397138
1264,WARUNG PUTRI PAN_GOLA,Klungkung,4.8,63,Work from Cafe | Vibrant Nightlife | Budget Friendly,"['laut', 'harga', 'service', 'ikan bakar', 'mengemudi', 'santai']",Rp 15–50k,Malam jam 7pm+,https://www.google.com/maps/place/WARUNG+PUTRI+PAN_GOLA/data=!4m7!3m6!1s0x2dd2131c4f143a3b:0x4df581009ea3d752!8m2!3d-8.5519896!4d115.4703157!16s%2Fg%2F11ft6w18gp!19sChIJOzoUTxwT0i0RUtejngCB9U0?authuser=0&hl=id&rclk=1,-8.5519896,115.4703157,https://www.tiktok.com/@warungmbakputrii/video/7610708481628212487,https://www.tiktok.com/@putlestarii28/video/7559239433506098488,
1265,Warung Pesinggahan,Klungkung,4.4,93,Family Friendly | Work from Cafe | Vibrant Nightlife | Budget Friendly,"['sate', 'makanan laut', 'harga', 'sambal matah', 'pepes', 'kuah']",Rp 15–50k,Malam jam 7pm+,https://www.google.com/maps/place/Warung+Pesinggahan/data=!4m7!3m6!1s0x2dd211f8384f7ebb:0xee7cfc1c87f45f7!8m2!3d-8.5501389!4d115.462857!16s%2Fg%2F11bv1nn5kt!19sChIJu35POPgR0i0R90V_yMHP5w4?authuser=0&hl=id&rclk=1,-8.5501389,115.462857,https://www.tiktok.com/@putuariawan79/video/7517882205348138247,https://www.tiktok.com/@wayansudianti07/video/7511316738240302341,https://www.tiktok.com/@eatbalieat/video/7502333339043417351
1266,D'Kubu Resto,Klungkung,4.5,125,Sunset & View | Work from Cafe | Vibrant Nightlife,"['cocktail', 'makan malam', 'ikan', 'mie goreng', 'rendang daging sapi', 'grill']",Rp 50–150k,Sunset jam 5–7pm,https://www.google.com/maps/place/D%27Kubu+Resto/data=!4m7!3m6!1s0x2dd26de7ef21eacf:0xffbebd0de43b564a!8m2!3d-8.6889686!4d115.4339266!16s%2Fg%2F11sbbkw7qf!19sChIJz-oh7-dt0i0RSlY75A29vv8?authuser=0&hl=id&rclk=1,-8.6889686,115.4339266,,,
1267,KANA BAY RESTAURANT,Klungkung,4.6,153,Work from Cafe | Vibrant Nightlife | Budget Friendly,"['musik', 'harga', 'petang', 'pizza', 'taco', 'juice']",Rp 15–50k,Malam jam 7pm+,https://www.google.com/maps/place/KANA+BAY+RESTAURANT/data=!4m7!3m6!1s0x2dd26f10513293a5:0x5577923bfdf2f8e1!8m2!3d-8.7178785!4d115.4635933!16s%2Fg%2F11kk5wf3xn!19sChIJpZMyURBv0i0R4fjy_TuSd1U?authuser=0&hl=id&rclk=1,-8.7178785,115.4635933,,,
1268,Rumah Makan Nirmala Klungkung,Klungkung,4.5,16,Work from Cafe | Vibrant Nightlife,[],Rp 50–150k,Malam jam 7pm+,https://www.google.com/maps/place/Rumah+Makan+Nirmala+Klungkung/data=!4m7!3m6!1s0x2dd213fe6d1d5d41:0xbb9c09c8a7ae19d8!8m2!3d-8.5683041!4d115.3839866!16s%2Fg%2F11j1h03k1b!19sChIJQV0dbf4T0i0R2Bmup8gJnLs?authuser=0&hl=id&rclk=1,-8.5683041,115.3839866,https://www.tiktok.com/@nikadekrustini775/video/7526816125611478278,https://www.tiktok.com/@nikadekrustini775/video/7532469704439401733,https://www.tiktok.com/@nikadekrustini775/video/7538715729588260102
1269,Miebujuh klungkung,Klungkung,3.1,491,Family Friendly | Work from Cafe | Vibrant Nightlife,"['lama', 'dingin', 'orang', 'kasir', 'lapar', 'luas']",Rp 30–100k,Malam jam 7pm+,https://www.google.com/maps/place/Miebujuh+klungkung/data=!4m7!3m6!1s0x2dd211673ea0d9c3:0x4e97175cf2236a67!8m2!3d-8.5391245!4d115.4101377!16s%2Fg%2F11h1f23tg4!19sChIJw9mgPmcR0i0RZ2oj8lwXl04?authuser=0&hl=id&rclk=1,-8.5391245,115.4101377,https://www.tiktok.com/@miebujuhbali2/video/7619534067226119445,https://www.tiktok.com/@miebujuhbali2/video/7625255603794955540,https://www.tiktok.com/@miebujuhbali2/video/7533752689507814712
1270,Warung Nasi Babi Guling Pan Edy,Klungkung,4.6,175,Sunset & View | Work from Cafe | Vibrant Nightlife | Budget Friendly,"['sawah', 'harga', 'kulit', 'pemandangan', 'cabe', 'gunung agung']",Rp 15–50k,Sunset jam 5–7pm,https://www.google.com/maps/place/Warung+Nasi+Babi+Guling+Pan+Edy/data=!4m7!3m6!1s0x2dd2111bdd86638f:0xfe5df692ec7821a8!8m2!3d-8.483113!4d115.3788013!16s%2Fg%2F11k6rmwdfv!19sChIJj2OG3RsR0i0RqCF47JL2Xf4?authuser=0&hl=id&rclk=1,-8.483113,115.3788013,https://www.tiktok.com/@yohanajoevanca/video/7584700928981355794,https://www.tiktok.com/@teguhastawan/video/7600708984131144968,https://www.tiktok.com/@chigindut/video/7621226587358301460
1271,Warung Lesehan Aulia,Klungkung,4.6,193,Work from Cafe | Vibrant Nightlife | Budget Friendly,"['ikan', 'halal', 'sate lilit', 'pepes', 'harga', 'sambal']",Rp 15–50k,Malam jam 7pm+,https://www.google.com/maps/place/Warung+Lesehan+Aulia/data=!4m7!3m6!1s0x2dd212170a832a2b:0x50592e84fc549d14!8m2!3d-8.5640427!4d115.4525702!16s%2Fg%2F11g8zsv5jr!19sChIJKyqDChcS0i0RFJ1U_IQuWVA?authuser=0&hl=id&rclk=1,-8.5640427,115.4525702,https://www.tiktok.com/@makanan_klungkung/video/7581419080830160146,https://www.tiktok.com/@relin.gat/video/7279700205212011782,https://www.tiktok.com/@warung_lesehan_mbak_elis/video/7480897092035087637
1272,Warung Legong Nusa Penida,Klungkung,4.6,421,Sunset & View | Work from Cafe | Vibrant Nightlife,"['service', 'atmosphere', 'makan malam', 'musik', 'pizza', 'cocktail']",Rp 50–150k,Sunset jam 5–7pm,https://www.google.com/maps/place/Warung+Legong+Nusa+Penida/data=!4m7!3m6!1s0x2dd2736d3e83bce7:0xdeffffacc7f28f3c!8m2!3d-8.6746718!4d115.563509!16s%2Fg%2F11fmvcvvpy!19sChIJ57yDPm1z0i0RPI_yx6z__94?authuser=0&hl=id&rclk=1,-8.6746718,115.563509,https://www.tiktok.com/@dewieveraers/video/7617832485035986196,https://www.tiktok.com/@catnthewild/video/7628381860497739021,https://www.tiktok.com/@gallery_made_ar/video/7493811906856127750
1273,Warung Gamat,Klungkung,4.9,166,Sunset & View | Work from Cafe | Vibrant Nightlife,"['pantai', 'snorkling', 'rental', 'teluk', 'sirip renang', 'bean bag']",Rp 50–150k,Sunset jam 5–7pm,https://www.google.com/maps/place/Warung+Gamat/data=!4m7!3m6!1s0x2dd26d47842e6faf:0xae3cec9c4463b644!8m2!3d-8.7012622!4d115.4695766!16s%2Fg%2F11sc2sbjpw!19sChIJr28uhEdt0i0RRLZjRJzsPK4?authuser=0&hl=id&rclk=1,-8.7012622,115.4695766,,,
1274,COCOLEAF RESTO,Klungkung,4.4,297,Sunset & View | Work from Cafe | Vibrant Nightlife | Budget Friendly,"['harga', 'service', 'pizza', 'makan malam', 'pancake', 'pulau']",Rp 15–50k,Sunset jam 5–7pm,https://www.google.com/maps/place/COCOLEAF+RESTO/data=!4m7!3m6!1s0x2dd2738635e3d1c5:0xd6330fc17538e48f!8m2!3d-8.67466!4d115.5648342!16s%2Fg%2F11fx8bz594!19sChIJxdHjNYZz0i0Rj-Q4dcEPM9Y?authuser=0&hl=id&rclk=1,-8.67466,115.5648342,,,
1275,Warung Bu Imam,Klungkung,4.4,260,Family Friendly | Work from Cafe | Vibrant Nightlife | Budget Friendly,"['halal', 'harga', 'ayam bakar', 'lauk', 'luas', 'nasi']",Rp 15–50k,Malam jam 7pm+,https://www.google.com/maps/place/Warung+Bu+Imam/data=!4m7!3m6!1s0x2dd2114533e7b923:0xb714c40d0db50e11!8m2!3d-8.5458423!4d115.3932306!16s%2Fg%2F1pzwtd8n9!19sChIJI7nnM0UR0i0REQ61DQ3EFLc?authuser=0&hl=id&rclk=1,-8.5458423,115.3932306,https://www.tiktok.com/@nomnombali/video/7422991562457484550,https://www.tiktok.com/@tria_81/video/7560918464152620300,
1276,Warung Cassava,Klungkung,4.7,388,Work from Cafe | Vibrant Nightlife,"['taman', 'pulau', 'kepemilikan', 'bali', 'kaktus', 'villa']",Rp 50–150k,Malam jam 7pm+,https://www.google.com/maps/place/Warung+Cassava/data=!4m7!3m6!1s0x2dd26d99ca82167b:0x86758eb5a6e8ffa9!8m2!3d-8.6825505!4d115.4527302!16s%2Fg%2F11fz2rb_zm!19sChIJexaCyplt0i0Rqf_oprWOdYY?authuser=0&hl=id&rclk=1,-8.6825505,115.4527302,https://www.tiktok.com/@warungcassava/video/7553591469538315531,,
1277,Singabu bar dan restoran,Klungkung,4.2,97,Work from Cafe | Vibrant Nightlife | Budget Friendly,"['harga', 'mie', 'cocktail', 'pulau', 'brownies', 'quesadilla']",Rp 15–50k,Malam jam 7pm+,https://www.google.com/maps/place/Singabu+bar+dan+restoran/data=!4m7!3m6!1s0x2dd273f1c069f2a1:0x28c1f18114bf7e1d!8m2!3d-8.674756!4d115.5646468!16s%2Fg%2F11tg0fssnr!19sChIJofJpwPFz0i0RHX6_FIHxwSg?authuser=0&hl=id&rclk=1,-8.674756,115.5646468,https://www.tiktok.com/@balitravelfolder/video/7289722135679913222,https://www.tiktok.com/@bli.najo/video/7526501816037641528,https://www.tiktok.com/@djimbaran/video/7479775211311615240
1278,Warung Muslim Lesehan Bu Lulu,Klungkung,4.7,18,Work from Cafe | Vibrant Nightlife | Budget Friendly,"['rawon', 'rujak cingur', 'harga']",Rp 15–50k,Malam jam 7pm+,https://www.google.com/maps/place/Warung+Muslim+Lesehan+Bu+Lulu/data=!4m7!3m6!1s0x2dd2116ca58f91bf:0x88e8284e946ea9a!8m2!3d-8.5359526!4d115.4077745!16s%2Fg%2F11bxkthqnn!19sChIJv5GPpWwR0i0RmupG6YSCjgg?authuser=0&hl=id&rclk=1,-8.5359526,115.4077745,https://www.tiktok.com/@agusdwisetiabudi/video/7571682689061768468,https://www.tiktok.com/@wrmbklulukgeprek/video/7563126894212762898,https://www.tiktok.com/@bclodyy/video/7303111235153693957
1279,La Bianca,Klungkung,4.2,921,Sunset & View | Work from Cafe | Vibrant Nightlife,"['sunset', 'cocktail', 'pulau', 'sofa', 'tuna', 'ikan lemadang']",Rp 30–100k,Sunset jam 5–7pm,https://www.google.com/maps/place/La+Bianca/data=!4m7!3m6!1s0x2dd26d23426e8c51:0x1775becd8d12637d!8m2!3d-8.6773971!4d115.4465808!16s%2Fg%2F11t2byc4hv!19sChIJUYxuQiNt0i0RfWMSjc2-dRc?authuser=0&hl=id&rclk=1,-8.6773971,115.4465808,https://www.tiktok.com/@rth.rahma/video/7604726053956881682,https://www.tiktok.com/@la.bianca.bali/video/7530092570798525714,https://www.tiktok.com/@iyahdyahhh/video/7603695245473090834
1280,Warung beach,Klungkung,4.8,519,Sunset & View | Work from Cafe | Vibrant Nightlife,"['makanan lokal', 'mie goreng', 'nasi goreng', 'pulau', 'tempe', 'urap']",Rp 80–200k,Sunset jam 5–7pm,https://www.google.com/maps/place/Warung+beach/data=!4m7!3m6!1s0x2dd2735c9e8e93cd:0xcb62b0778842b2be!8m2!3d-8.6757886!4d115.5120594!16s%2Fg%2F11frnd7wk6!19sChIJzZOOnlxz0i0RvrJCiHewYss?authuser=0&hl=id&rclk=1,-8.6757886,115.5120594,https://www.tiktok.com/@adam.setiadii/video/7593676164334488840,https://www.tiktok.com/@balitravelfolder/video/7582157899661708552,https://www.tiktok.com/@balinextstop/video/7584393405321563400
1281,Rumah Makan Sederhana,Klungkung,4.8,11,Work from Cafe | Vibrant Nightlife,"['gulai', 'kambing', 'sate']",Rp 50–150k,Malam jam 7pm+,https://www.google.com/maps/place/Rumah+Makan+Sederhana/data=!4m7!3m6!1s0x2dd2116b2f3ac393:0x2e6ade8a2fb68a3b!8m2!3d-8.5364136!4d115.4056931!16s%2Fg%2F11c45p3myq!19sChIJk8M6L2sR0i0RO4q2L4reai4?authuser=0&hl=id&rclk=1,-8.5364136,115.4056931,https://www.tiktok.com/@balimaknyus/video/7551795245952912648,https://www.tiktok.com/@humaerahnur/video/7557707404419353867,https://www.tiktok.com/@lia72255/video/7632303872035261703
1282,Nyoman's Warung,Klungkung,4.6,578,Sunset & View | Work from Cafe | Vibrant Nightlife,"['ikan sukang', 'pulau', 'daun pisang', 'tuna', 'gunung agung', 'sate']",Rp 80–200k,Sunset jam 5–7pm,https://www.google.com/maps/place/Nyoman%27s+Warung/data=!4m7!3m6!1s0x2dd26d71f97d58ad:0x3bd09d491763cbed!8m2!3d-8.6637623!4d115.4559747!16s%2Fg%2F11cnbmkhzh!19sChIJrVh9-XFt0i0R7ctjF0md0Ds?authuser=0&hl=id&rclk=1,-8.6637623,115.4559747,,,
1283,Stengbali restaurant Nusa Lembongan,Klungkung,4.8,338,Work from Cafe | Vibrant Nightlife,"['tuna tartar', 'steak tuna', 'pulau', 'bbq', 'steak tartare', 'ceviche']",Rp 50–150k,Malam jam 7pm+,https://www.google.com/maps/place/Stengbali+restaurant+Nusa+Lembongan/data=!4m7!3m6!1s0x2dd26dc444f63de5:0x7da3cb03daa2d0c2!8m2!3d-8.6880446!4d115.4417476!16s%2Fg%2F11j8fxfdxf!19sChIJ5T32RMRt0i0RwtCi2gPLo30?authuser=0&hl=id&rclk=1,-8.6880446,115.4417476,https://www.tiktok.com/@ngurahmarley98/video/7296687722918399237,https://www.tiktok.com/@nxtdestination/video/7531955410618567991,https://www.tiktok.com/@travelwithsophugc/video/7488821461981924630
1284,My Pizza,Klungkung,4.4,82,Work from Cafe | Vibrant Nightlife | Budget Friendly,['harga'],Rp 15–50k,Malam jam 7pm+,https://www.google.com/maps/place/My+Pizza/data=!4m7!3m6!1s0x2dd21143d4138aa1:0xd3337069b3b7ed8!8m2!3d-8.5414383!4d115.3989583!16s%2Fg%2F11bxjjw3s8!19sChIJoYoT1EMR0i0R2H47mwY3Mw0?authuser=0&hl=id&rclk=1,-8.5414383,115.3989583,https://www.tiktok.com/@stellazefanyaa/video/7523038869122600248,https://www.tiktok.com/@filadelfiasushi_/video/7638788891645906184,https://www.tiktok.com/@putriyunadii/video/7598522149501947156
1285,Virgin Beach Restaurant,Klungkung,4.5,1129,Sunset & View | Work from Cafe | Vibrant Nightlife,"['sunset', 'cocktail', 'snorkling', 'juli', 'pajak', 'samudra']",Rp 80–200k,Sunset jam 5–7pm,https://www.google.com/maps/place/Virgin+Beach+Restaurant/data=!4m7!3m6!1s0x2dd27313accee2c1:0xf3dda07b07bc91e3!8m2!3d-8.6726056!4d115.5001095!16s%2Fg%2F11gycxv0y7!19sChIJweLOrBNz0i0R45G8B3ug3fM?authuser=0&hl=id&rclk=1,-8.6726056,115.5001095,https://www.tiktok.com/@virginbeachpenida/video/7617324313426906389,https://www.tiktok.com/@vierdewii/video/7507615007018929413,https://www.tiktok.com/@arinta3306/video/7585161832826965269
1286,BFC,Klungkung,2.7,20,Work from Cafe | Vibrant Nightlife,"['pesan', 'strategis', 'busuk', 'nasi', 'sakit', 'geprek']",Rp 30–100k,Malam jam 7pm+,https://www.google.com/maps/place/BFC/data=!4m7!3m6!1s0x2dd2114726d47725:0xb11878e98421b1c1!8m2!3d-8.5388171!4d115.3952531!16s%2Fg%2F11hz8yl1py!19sChIJJXfUJkcR0i0RwbEhhOl4GLE?authuser=0&hl=id&rclk=1,-8.5388171,115.3952531,https://www.tiktok.com/@yokbastian/video/7572501613936413973,https://www.tiktok.com/@balinews.id2/video/7526759565845744904,https://www.tiktok.com/@buleleng_baratfightclub/video/7561264778673474834
1287,Warung sate jodog,Klungkung,4.3,130,Work from Cafe | Vibrant Nightlife | Budget Friendly,"['babi', 'harga', 'kuah', 'bali', 'dpt', 'pedas']",Rp 15–50k,Malam jam 7pm+,https://www.google.com/maps/place/Warung+sate+jodog/data=!4m7!3m6!1s0x2dd2112fa3f147e1:0xdfa39809e67d3399!8m2!3d-8.503593!4d115.4036938!16s%2Fg%2F11j7c08r9_!19sChIJ4Ufxoy8R0i0RmTN95gmYo98?authuser=0&hl=id&rclk=1,-8.503593,115.4036938,https://www.tiktok.com/@balihints/video/7510077369948900664,https://www.tiktok.com/@moko_/video/7544991290438454534,https://www.tiktok.com/@balifoodie/video/7630422902550121749
1288,Next Level Penida,Klungkung,4.8,779,Sunset & View | Work from Cafe | Vibrant Nightlife,"['laut', 'smoothie bowl', 'cocktail', 'sunset', 'snorkling', 'cappucino']",Rp 80–200k,Sunset jam 5–7pm,https://www.google.com/maps/place/Next+Level+Penida/data=!4m7!3m6!1s0x2dd2737006fd4ee3:0xe5efbdcafa2b21b2!8m2!3d-8.6754063!4d115.510882!16s%2Fg%2F11g18zl3_b!19sChIJ4079BnBz0i0RsiEr-sq97-U?authuser=0&hl=id&rclk=1,-8.6754063,115.510882,https://www.tiktok.com/@andressnw/video/7551945445111581964,https://www.tiktok.com/@sandiarniputri/video/7611806288330132756,https://www.tiktok.com/@jiaozi.kapal.sela/video/7615522306428800264
1289,Godamn,Klungkung,4.2,157,Family Friendly | Work from Cafe | Vibrant Nightlife | Budget Friendly,"['harga', 'lama', 'barista', 'kasir', 'luas', 'mangkok']",Rp 15–50k,Malam jam 7pm+,https://www.google.com/maps/place/Godamn/data=!4m7!3m6!1s0x2dd2116caf4abd25:0xe60eb9f3e9203716!8m2!3d-8.5272541!4d115.4040665!16s%2Fg%2F11lr_7k3y8!19sChIJJb1Kr2wR0i0RFjcg6fO5DuY?authuser=0&hl=id&rclk=1,-8.5272541,115.4040665,https://www.tiktok.com/@godamnfah/video/7624807488080121108,,
1290,PENIDA TROPICAL,Klungkung,4.9,1670,Work from Cafe | Vibrant Nightlife,"['happy hour', 'nasi goreng', 'mie goreng', 'smoothie bowl', 'club sandwich', 'mango sticky rice']",Rp 150–400k,Malam jam 7pm+,https://www.google.com/maps/place/PENIDA+TROPICAL/data=!4m7!3m6!1s0x2dd2737d1b82318f:0xc87a6ff3d25dd25f!8m2!3d-8.6807525!4d115.4889627!16s%2Fg%2F11h9gq5pdt!19sChIJjzGCG31z0i0RX9Jd0vNvesg?authuser=0&hl=id&rclk=1,-8.6807525,115.4889627,https://www.tiktok.com/@fancyindo/video/7584795133351283976,https://www.tiktok.com/@everythingisbali/video/7597343016038173960,https://www.tiktok.com/@aylinkko__/video/7592557093538876679
1291,Ayka Restaurant & Lounge,Klungkung,4.7,12,Work from Cafe | Vibrant Nightlife,"['penerangan', 'petang']",Rp 50–150k,Malam jam 7pm+,https://www.google.com/maps/place/Ayka+Restaurant+%26+Lounge/data=!4m7!3m6!1s0x2dd2775d82006a59:0xcde0594163e3cda!8m2!3d-8.7289104!4d115.6013452!16s%2Fg%2F11xdpxvr_2!19sChIJWWoAgl130i0R2jw-FpQF3gw?authuser=0&hl=id&rclk=1,-8.7289104,115.6013452,https://www.tiktok.com/@annelnawasany/video/7476474720590777617,https://www.tiktok.com/@balitravelfolder/video/7471531118194478337,https://www.tiktok.com/@foodbali/video/7506722116289432888
1292,The Blue Yogi Beach Restaurant,Klungkung,4.7,186,Sunset & View | Work from Cafe | Vibrant Nightlife,"['sunset', 'cocktail', 'makan malam', 'happy hour', 'bbq', 'bean bag']",Rp 50–150k,Sunset jam 5–7pm,https://www.google.com/maps/place/The+Blue+Yogi+Beach+Restaurant/data=!4m7!3m6!1s0x2dd26d2f76863e07:0xbafc206386ff0e0!8m2!3d-8.6672371!4d115.4481858!16s%2Fg%2F11tdgjym51!19sChIJBz6Gdi9t0i0R4PBvOAbCrws?authuser=0&hl=id&rclk=1,-8.6672371,115.4481858,https://www.tiktok.com/@kulinercicigemoy/video/7532449839490305285,https://www.tiktok.com/@orangemagtv/video/7568444302393609479,https://www.tiktok.com/@lupo_africa/video/7639077193213054215
1293,Curry Traders Restaurant and Bar,Klungkung,4.6,684,Work from Cafe | Vibrant Nightlife,"['india', 'pulau', 'naan', 'rogan josh', 'cerutu', 'kari ikan goa']",Rp 80–200k,Malam jam 7pm+,https://www.google.com/maps/place/Curry+Traders+Restaurant+and+Bar/data=!4m7!3m6!1s0x2dd26d68c94322c7:0x9143a19abe7322ca!8m2!3d-8.6672347!4d115.4506428!16s%2Fg%2F11tmwt8w64!19sChIJxyJDyWht0i0RyiJzvpqhQ5E?authuser=0&hl=id&rclk=1,-8.6672347,115.4506428,https://www.tiktok.com/@travelwithsophugc/video/7488821461981924630,https://www.tiktok.com/@currytraderssanur/video/7571017095744441618,https://www.tiktok.com/@currytraderssanur/video/7574297349451812104
1294,Jala Restaurant,Klungkung,4.8,506,Sunset & View | Work from Cafe | Vibrant Nightlife | Romantic & Cozy,"['yoga', 'desi', 'yuta okkotsu', 'server', 'pulau', 'tim']",Rp 80–200k,Sunset jam 5–7pm,https://www.google.com/maps/place/Jala+Restaurant/data=!4m7!3m6!1s0x2dd26d3f360cbd9f:0xb9af4d9c8eb348ed!8m2!3d-8.689733!4d115.4513081!16s%2Fg%2F11fd6n1s1d!19sChIJn70MNj9t0i0R7UizjpxNr7k?authuser=0&hl=id&rclk=1,-8.689733,115.4513081,https://www.tiktok.com/@chopeid/video/7417701363129355528,https://www.tiktok.com/@jala_penida/video/7620999219939511572,https://www.tiktok.com/@jala_penida/video/7598470182289411336
1295,Red Pomelo Bar & Restaurant,Klungkung,4.7,564,Work from Cafe | Vibrant Nightlife,"['cocktail', 'island', 'smoothie bowl', 'carbonara', 'spring roll', 'feta']",Rp 80–200k,Malam jam 7pm+,https://www.google.com/maps/place/Red+Pomelo+Bar+%26+Restaurant/data=!4m7!3m6!1s0x2dd271ecbe74cb33:0x6c8992ae78594b60!8m2!3d-8.7116898!4d115.5011768!16s%2Fg%2F11fnv6z7zg!19sChIJM8t0vuxx0i0RYEtZeK6SiWw?authuser=0&hl=id&rclk=1,-8.7116898,115.5011768,https://www.tiktok.com/@rah.nochi/video/7507792351679515911,,
1296,Secret beach,Klungkung,4.2,936,Sunset & View | Vibrant Nightlife,"['restoran', 'transportasi umum', 'atm', 'pantai', 'resort', 'ombak']",Rp 30–100k,Sunset jam 5–7pm,https://www.google.com/maps/place/Secret+beach/data=!4m7!3m6!1s0x2dd26ddc1a9ae515:0xe982c406910e7d4a!8m2!3d-8.7089283!4d115.4448526!16s%2Fg%2F11bwt3_70h!19sChIJFeWaGtxt0i0RSn0OkQbEguk?authuser=0&hl=id&rclk=1,-8.7089283,115.4448526,https://www.tiktok.com/@karma.kandara.bali/video/7537117077753072914,https://www.tiktok.com/@fienp14/video/7564733465275469088,https://www.tiktok.com/@jakehughesss/video/7613074871634906390
1297,Warung Ten Poh Lembongan,Klungkung,4.9,698,Sunset & View | Work from Cafe | Vibrant Nightlife,"['local food', 'kwetiau', 'makan malam', 'pisang goreng', 'spring roll', 'mi goreng']",Rp 80–200k,Sunset jam 5–7pm,https://www.google.com/maps/place/Warung+Ten+Poh+Lembongan/data=!4m7!3m6!1s0x2dd26d36d9e7a343:0xc6d2029a94497434!8m2!3d-8.6898955!4d115.4373734!16s%2Fg%2F11tdnm5q_w!19sChIJQ6Pn2TZt0i0RNHRJlJoC0sY?authuser=0&hl=id&rclk=1,-8.6898955,115.4373734,https://www.tiktok.com/@sarah_nve/video/7557939163304103190,https://www.tiktok.com/@baliloveaffair/video/7605211207561153800,https://www.tiktok.com/@oknusapenidatour/video/7628581199899856136
1298,BONZER CAFE,Klungkung,4.7,510,Work from Cafe | Vibrant Nightlife,"['pulau', 'croissant', 'cinnamon roll', 'cocktail', 'smoothies', 'pork belly']",Rp 80–200k,Malam jam 7pm+,https://www.google.com/maps/place/BONZER+CAFE/data=!4m7!3m6!1s0x2dd26da511218f81:0xbc37fe60731ff33d!8m2!3d-8.6649429!4d115.4516734!16s%2Fg%2F11t7m22w66!19sChIJgY8hEaVt0i0RPfMfc2D-N7w?authuser=0&hl=id&rclk=1,-8.6649429,115.4516734,https://www.tiktok.com/@baliloveaffair/video/7545811314443062535,https://www.tiktok.com/@togox13/video/7443970216717012242,https://www.tiktok.com/@travels.by.ali/video/7309857280755830021
1299,Jibaku Bar & Restorant,Klungkung,4.6,351,Sunset & View | Work from Cafe | Vibrant Nightlife,"['pantai', 'musik', 'grill', 'pesta', 'makan malam', 'nasi goreng']",Rp 50–150k,Sunset jam 5–7pm,https://www.google.com/maps/place/Jibaku+Bar+%26+Restorant/data=!4m7!3m6!1s0x2dd26d6d88481465:0xd324b81a0d1a99cd!8m2!3d-8.6635556!4d115.4536445!16s%2Fg%2F11bwc0st0w!19sChIJZRRIiG1t0i0RzZkaDRq4JNM?authuser=0&hl=id&rclk=1,-8.6635556,115.4536445,https://www.tiktok.com/@desjok6/video/7470735869335424264,,
1300,Blue lagoon resto,Klungkung,4.6,214,Work from Cafe | Vibrant Nightlife,"['pulau', 'cocktail', 'grill', 'nasi goreng', 'kakap', 'local food']",Rp 50–150k,Malam jam 7pm+,https://www.google.com/maps/place/Blue+lagoon+resto/data=!4m7!3m6!1s0x2dd26dda5bd7608d:0x70ade13ca0ab444e!8m2!3d-8.7069386!4d115.4397328!16s%2Fg%2F11c72x9zgn!19sChIJjWDXW9pt0i0RTkSroDzhrXA?authuser=0&hl=id&rclk=1,-8.7069386,115.4397328,https://www.tiktok.com/@tiaraexplorer/video/7634138955344186645,https://www.tiktok.com/@nongkimanjah/video/7572899878465080596,https://www.tiktok.com/@priliskaprofita/video/7602973774547504404
1301,Artrolling Bistro,Klungkung,4.3,441,Work from Cafe | Vibrant Nightlife,"['pulau', 'piza margherita', 'cocktail', 'ikan', 'cafe', 'bolognese']",Rp 50–150k,Malam jam 7pm+,https://www.google.com/maps/place/Artrolling+Bistro/data=!4m7!3m6!1s0x2dd2738634359e25:0xd6ec5cf7acdee73!8m2!3d-8.6748026!4d115.5648518!16s%2Fg%2F11b71vqk5c!19sChIJJZ41NIZz0i0Rc-7Nes_Fbg0?authuser=0&hl=id&rclk=1,-8.6748026,115.5648518,https://www.tiktok.com/@artrollingbistro/video/7579919492885630226,https://www.tiktok.com/@artrollingbistro/video/7391659624916684038,https://www.tiktok.com/@artrollingbistro/video/7569589835292314887
1302,Ombak Zero Waste Cafe,Klungkung,4.6,974,Sunset & View | Work from Cafe | Vibrant Nightlife,"['pantai', 'sunset', 'vegan', 'roti pisang', 'smoothie bowl', 'nasi campur']",Rp 80–200k,Sunset jam 5–7pm,https://www.google.com/maps/place/Ombak+Zero+Waste+Cafe/data=!4m7!3m6!1s0x2dd26d8ef81d8f97:0xb84252c814387b68!8m2!3d-8.667034!4d115.4483307!16s%2Fg%2F11h3_c6lbg!19sChIJl48d-I5t0i0RaHs4FMhSQrg?authuser=0&hl=id&rclk=1,-8.667034,115.4483307,https://www.tiktok.com/@louisejosephinex/video/7105185165261016325,https://www.tiktok.com/@nnynjeje/video/7558483827354651922,https://www.tiktok.com/@hafzud/video/7591070113042795784
1303,RM Anak Minang,Jembrana,4.5,228,Sunset & View | Family Friendly | Work from Cafe | Vibrant Nightlife | Budget Friendly,"['luas', 'harga', 'padang', 'pelayanan', 'sawah', 'perjalanan']",Rp 15–50k,Sunset jam 5–7pm,https://www.google.com/maps/place/RM+Anak+Minang/data=!4m7!3m6!1s0x2dd3d792d24c264f:0xf859296968f72014!8m2!3d-8.3895029!4d114.7236743!16s%2Fg%2F11pv28dp2p!19sChIJTyZM0pLX0y0RFCD3aGkpWfg?authuser=0&hl=id&rclk=1,-8.3895029,114.7236743,,,
1304,JFC JEMBRANA,Jembrana,4.0,107,Work from Cafe | Vibrant Nightlife | Budget Friendly,"['harga', 'pelayanan', 'ayam gorengnya']",Rp 15–50k,Malam jam 7pm+,https://www.google.com/maps/place/JFC+JEMBRANA/data=!4m7!3m6!1s0x2dd1620ef410f681:0xd8f4b57312e138a1!8m2!3d-8.3590327!4d114.6352795!16s%2Fg%2F11gh2sx53d!19sChIJgfYQ9A5i0S0RoTjhEnO19Ng?authuser=0&hl=id&rclk=1,-8.3590327,114.6352795,,,
1305,Rumah Makan Kiswah,Jembrana,4.0,100,Family Friendly | Work from Cafe | Vibrant Nightlife,"['luas', 'halal', 'pagi']",Rp 30–100k,Malam jam 7pm+,https://www.google.com/maps/place/Rumah+Makan+Kiswah/data=!4m7!3m6!1s0x2dd3d8270469e245:0xdabc4f4a40bca79f!8m2!3d-8.3883251!4d114.7117061!16s%2Fg%2F11hbc2lxx9!19sChIJReJpBCfY0y0Rn6e8QEpPvNo?authuser=0&hl=id&rclk=1,-8.3883251,114.7117061,,,
1306,masakan bali CUCUN SORO,Jembrana,4.3,94,Work from Cafe | Vibrant Nightlife | Budget Friendly,"['selatan', 'babi guling', 'ayam', 'warung', 'harga']",Rp 15–50k,Malam jam 7pm+,https://www.google.com/maps/place/masakan+bali+CUCUN+SORO/data=!4m7!3m6!1s0x2dd1639846ba3b47:0xa5abb1f3155e2fb6!8m2!3d-8.3618454!4d114.6206021!16s%2Fg%2F11ghznndst!19sChIJRzu6Rphj0S0Rti9eFfOxq6U?authuser=0&hl=id&rclk=1,-8.3618454,114.6206021,,,
1307,Rujak Cingur Hj. Nyamik,Jembrana,4.8,20,Work from Cafe | Vibrant Nightlife,[],Rp 50–150k,Malam jam 7pm+,https://www.google.com/maps/place/Rujak+Cingur+Hj.+Nyamik/data=!4m7!3m6!1s0x2dd162060d2ff39b:0x5a5acfeb7b58cbc5!8m2!3d-8.3615798!4d114.6298428!16s%2Fg%2F11fzsnhmyv!19sChIJm_MvDQZi0S0RxctYe-vPWlo?authuser=0&hl=id&rclk=1,-8.3615798,114.6298428,,,
1308,Lesehan Dua Dara,Jembrana,4.5,62,Sunset & View | Work from Cafe | Vibrant Nightlife | Budget Friendly,"['harga', 'ikan bakar', 'tempe', 'sup ikan', 'tahu', 'sambal']",Rp 15–50k,Sunset jam 5–7pm,https://www.google.com/maps/place/Lesehan+Dua+Dara/data=!4m7!3m6!1s0x2dd1606f12ba0d61:0xced9a69926daadf7!8m2!3d-8.3431229!4d114.5398144!16s%2Fg%2F1hm2bskbs!19sChIJYQ26Em9g0S0R963aJpmm2c4?authuser=0&hl=id&rclk=1,-8.3431229,114.5398144,,,
1309,Mami Zio Cake & Bakery,Jembrana,4.1,139,Work from Cafe | Vibrant Nightlife | Budget Friendly,"['harga', 'pesan', 'pelayanan', 'nasi', 'mie', 'menu']",Rp 15–50k,Malam jam 7pm+,https://www.google.com/maps/place/Mami+Zio+Cake+%26+Bakery/data=!4m7!3m6!1s0x2dd3d87efa85e329:0x7a8d39e0c6f0d654!8m2!3d-8.3553844!4d114.6230663!16s%2Fg%2F11gg3hj174!19sChIJKeOF-n7Y0y0RVNbwxuA5jXo?authuser=0&hl=id&rclk=1,-8.3553844,114.6230663,,,
1310,Warung Annisa,Jembrana,4.6,25,Work from Cafe | Vibrant Nightlife,"['negara', 'plecing ayam', 'ayam kampung', 'nasi campur', 'halal']",Rp 50–150k,Malam jam 7pm+,https://www.google.com/maps/place/Warung+Annisa/data=!4m7!3m6!1s0x2dd16203d5b3eae1:0xfc3473f71fbccbef!8m2!3d-8.3614961!4d114.6225091!16s%2Fg%2F11fyxfrq06!19sChIJ4eqz1QNi0S0R78u8H_dzNPw?authuser=0&hl=id&rclk=1,-8.3614961,114.6225091,,,
1311,Kedai 77,Jembrana,4.1,86,Work from Cafe | Vibrant Nightlife,[],Rp 30–100k,Malam jam 7pm+,https://www.google.com/maps/place/Kedai+77/data=!4m7!3m6!1s0x2dd16203b600fb31:0x5cfc4cd6378ec860!8m2!3d-8.3601495!4d114.6201645!16s%2Fg%2F11f0kqq5lb!19sChIJMfsAtgNi0S0RYMiON9ZM_Fw?authuser=0&hl=id&rclk=1,-8.3601495,114.6201645,,,
1312,Warung Babi Guling Lawar Bali,Jembrana,4.5,139,Work from Cafe | Vibrant Nightlife | Budget Friendly,"['negara', 'harga', 'nasi']",Rp 15–50k,Malam jam 7pm+,https://www.google.com/maps/place/Warung+Babi+Guling+Lawar+Bali/data=!4m7!3m6!1s0x2dd162026f262dd1:0x17de367d67092b8f!8m2!3d-8.359916!4d114.6202901!16s%2Fg%2F11g8chfbsl!19sChIJ0S0mbwJi0S0RjysJZ3023hc?authuser=0&hl=id&rclk=1,-8.359916,114.6202901,,,
1313,NEGARA HOTEL,Jembrana,4.2,1242,Work from Cafe | Vibrant Nightlife,['restoran'],Rp 30–100k,Malam jam 7pm+,https://www.google.com/maps/place/NEGARA+HOTEL/data=!4m10!3m9!1s0x2dd1635939cf4f8d:0xde2ff9c8a1704593!5m2!4m1!1i2!8m2!3d-8.360382!4d114.629015!16s%2Fg%2F1pty0flrf!19sChIJjU_POVlj0S0Rk0Vwocj5L94?authuser=0&hl=id&rclk=1,-8.360382,114.629015,,,
1314,Sobat Kuliner Jembrana,Jembrana,5.0,1,Work from Cafe | Vibrant Nightlife,[],Rp 50–150k,Malam jam 7pm+,https://www.google.com/maps/place/Sobat+Kuliner+Jembrana/data=!4m7!3m6!1s0x2dd16306ae53059d:0xe71aa170c03ee88b!8m2!3d-8.3641013!4d114.6211445!16s%2Fg%2F11t9bghf0v!19sChIJnQVTrgZj0S0Ri-g-wHChGuc?authuser=0&hl=id&rclk=1,-8.3641013,114.6211445,,,
1315,Warung Sate Saparoa,Jembrana,4.5,13,Work from Cafe | Vibrant Nightlife,"['sate kambing', 'gulai', 'kacang', 'siang', 'pelayanan', 'bumbu']",Rp 50–150k,Malam jam 7pm+,https://www.google.com/maps/place/Warung+Sate+Saparoa/data=!4m7!3m6!1s0x2dd1636ce5935a8f:0x54b329afd922a8b8!8m2!3d-8.3623957!4d114.6257475!16s%2Fg%2F11shm72lmg!19sChIJj1qT5Wxj0S0RuKgi2a8ps1Q?authuser=0&hl=id&rclk=1,-8.3623957,114.6257475,,,
1316,R.m Ampera Minang Raya,Jembrana,4.8,17,Work from Cafe | Vibrant Nightlife,"['masakan padang', 'bumbunya']",Rp 50–150k,Malam jam 7pm+,https://www.google.com/maps/place/R.m+Ampera+Minang+Raya/data=!4m7!3m6!1s0x2dd16300669cae81:0xd9372caadd71d6e3!8m2!3d-8.35749!4d114.6282373!16s%2Fg%2F11mdv584mm!19sChIJga6cZgBj0S0R49Zx3aosN9k?authuser=0&hl=id&rclk=1,-8.35749,114.6282373,,,
1317,Warung Sederhana,Jembrana,4.5,83,Work from Cafe | Vibrant Nightlife | Budget Friendly,"['capcay', 'harga', 'nasi goreng', 'negara', 'sate', 'ayam']",Rp 15–50k,Malam jam 7pm+,https://www.google.com/maps/place/Warung+Sederhana/data=!4m7!3m6!1s0x2dd1632f7034ca97:0x333ed19f52a99213!8m2!3d-8.358626!4d114.6227085!16s%2Fg%2F11f61w44dy!19sChIJl8o0cC9j0S0RE5KpUp_RPjM?authuser=0&hl=id&rclk=1,-8.358626,114.6227085,,,
1318,Soto Ayam Kampung Khas Jembrana Cak Man,Jembrana,4.5,23,Work from Cafe | Vibrant Nightlife,[],Rp 50–150k,Malam jam 7pm+,https://www.google.com/maps/place/Soto+Ayam+Kampung+Khas+Jembrana+Cak+Man/data=!4m7!3m6!1s0x2dd161ffa0146085:0x493807e1baded1b6!8m2!3d-8.3646636!4d114.6176845!16s%2Fg%2F11f3w6p356!19sChIJhWAUoP9h0S0RttHeuuEHOEk?authuser=0&hl=id&rclk=1,-8.3646636,114.6176845,,,
1319,Babi Guling Bu Yuni,Jembrana,4.3,219,Work from Cafe | Vibrant Nightlife | Budget Friendly,"['harga', 'negara', 'kulitnya', 'nasi', 'pelayanan', 'warung']",Rp 15–50k,Malam jam 7pm+,https://www.google.com/maps/place/Babi+Guling+Bu+Yuni/data=!4m7!3m6!1s0x2dd1620b7161341d:0x1987f2c2aeb59978!8m2!3d-8.361378!4d114.6405537!16s%2Fg%2F11d_8y15vc!19sChIJHTRhcQti0S0ReJm1rsLyhxk?authuser=0&hl=id&rclk=1,-8.361378,114.6405537,,,
1320,Warung Makan Cak Supar Surabaya,Jembrana,5.0,10,Work from Cafe | Vibrant Nightlife,[],Rp 50–150k,Malam jam 7pm+,https://www.google.com/maps/place/Warung+Makan+Cak+Supar+Surabaya/data=!4m7!3m6!1s0x2dd163623e405573:0xbadd217a5c4c81e6!8m2!3d-8.3613008!4d114.6250817!16s%2Fg%2F11ryllc_qn!19sChIJc1VAPmJj0S0R5oFMXHoh3bo?authuser=0&hl=id&rclk=1,-8.3613008,114.6250817,,,
1321,Warung Makan Yenny Chinese Food,Jembrana,4.0,48,Work from Cafe | Vibrant Nightlife | Budget Friendly,"['harga', 'pelayanan', 'mi goreng', 'capcay', 'fuyunghai']",Rp 15–50k,Malam jam 7pm+,https://www.google.com/maps/place/Warung+Makan+Yenny+Chinese+Food/data=!4m7!3m6!1s0x2dd16203b5acfcbf:0x4f047feba8fefbdf!8m2!3d-8.3602266!4d114.6224783!16s%2Fg%2F11dzdddy6l!19sChIJv_ystQNi0S0R3_v-qOt_BE8?authuser=0&hl=id&rclk=1,-8.3602266,114.6224783,,,
1322,Soto Betawi Mpok Upik,Jembrana,4.9,53,Work from Cafe | Vibrant Nightlife | Budget Friendly,"['negara', 'harga', 'bau', 'masyaallah', 'gurih']",Rp 15–50k,Malam jam 7pm+,https://www.google.com/maps/place/Soto+Betawi+Mpok+Upik/data=!4m7!3m6!1s0x2dd1630017c18409:0x96a6a323d83be226!8m2!3d-8.3595503!4d114.6227968!16s%2Fg%2F11y6wdjpnt!19sChIJCYTBFwBj0S0RJuI72COjppY?authuser=0&hl=id&rclk=1,-8.3595503,114.6227968,,,
1323,Wisata Kolam Pancing dan Resto Awen,Jembrana,4.1,44,Work from Cafe | Vibrant Nightlife,"['ikan bakar', 'karaoke']",Rp 30–100k,Malam jam 7pm+,https://www.google.com/maps/place/Wisata+Kolam+Pancing+dan+Resto+Awen/data=!4m7!3m6!1s0x2dd3df3855e8a131:0x2d332e9c85ce547b!8m2!3d-8.3860923!4d114.6102805!16s%2Fg%2F11g4g8hcyw!19sChIJMaHoVTjf0y0Re1TOhZwuMy0?authuser=0&hl=id&rclk=1,-8.3860923,114.6102805,,,
1324,Ayam Kecak,Jembrana,4.1,118,Work from Cafe | Vibrant Nightlife,"['ayam bakar', 'pedas', 'sambalnya', 'madu', 'kasir', 'nasi uduk']",Rp 30–100k,Malam jam 7pm+,https://www.google.com/maps/place/Ayam+Kecak/data=!4m7!3m6!1s0x2dd16205d0ecce31:0x72d94e351001bef4!8m2!3d-8.3605874!4d114.6294968!16s%2Fg%2F11c5_0c8gj!19sChIJMc7s0AVi0S0R9L4BEDVO2XI?authuser=0&hl=id&rclk=1,-8.3605874,114.6294968,,,
1325,Warung Makan Bu Rai,Jembrana,4.5,61,Work from Cafe | Vibrant Nightlife | Budget Friendly,"['betutu', 'harga']",Rp 15–50k,Malam jam 7pm+,https://www.google.com/maps/place/Warung+Makan+Bu+Rai/data=!4m7!3m6!1s0x2dd3d410be00a2fd:0xf2fcef3d2d889664!8m2!3d-8.4203808!4d114.8222546!16s%2Fg%2F11fxzgkf_p!19sChIJ_aIAvhDU0y0RZJaILT3v_PI?authuser=0&hl=id&rclk=1,-8.4203808,114.8222546,,,
1326,KFC,Jembrana,4.2,1252,Family Friendly | Work from Cafe | Vibrant Nightlife,"['pelayanan', 'kasir', 'luas', 'negara', 'strategis', 'standar']",Rp 30–100k,Malam jam 7pm+,https://www.google.com/maps/place/KFC/data=!4m7!3m6!1s0x2dd16205dab51583:0xde7bf32c436bb78b!8m2!3d-8.3605809!4d114.6290973!16s%2Fg%2F11b7dytrzq!19sChIJgxW12gVi0S0Ri7drQyzze94?authuser=0&hl=id&rclk=1,-8.3605809,114.6290973,,,
1327,Rumah Makan Fatimah,Jembrana,4.2,94,Work from Cafe | Vibrant Nightlife | Budget Friendly,"['harga', 'halal', 'pelayanan']",Rp 15–50k,Malam jam 7pm+,https://www.google.com/maps/place/Rumah+Makan+Fatimah/data=!4m7!3m6!1s0x2dd1605fc81f3f5f:0xf34606fd567f67e2!8m2!3d-8.333042!4d114.5492997!16s%2Fg%2F1hm3c8xc5!19sChIJXz8fyF9g0S0R4md_Vv0GRvM?authuser=0&hl=id&rclk=1,-8.333042,114.5492997,,,
1328,Satria Point Negara,Jembrana,5.0,5,Work from Cafe | Vibrant Nightlife,[],Rp 50–150k,Malam jam 7pm+,https://www.google.com/maps/place/Satria+Point+Negara/data=!4m7!3m6!1s0x2dd16353c935f09f:0x438fccb380a26131!8m2!3d-8.3575688!4d114.6273995!16s%2Fg%2F11sfdc3rgf!19sChIJn_A1yVNj0S0RMWGigLPMj0M?authuser=0&hl=id&rclk=1,-8.3575688,114.6273995,,,
1329,Warung Nasi Kepuh (Traditional Balinese Food),Jembrana,4.1,32,Work from Cafe | Vibrant Nightlife,[],Rp 30–100k,Malam jam 7pm+,https://www.google.com/maps/place/Warung+Nasi+Kepuh+%28Traditional+Balinese+Food%29/data=!4m7!3m6!1s0x2dd1621fba4d6a8f:0x36f261b1f6ec4f6c!8m2!3d-8.3483416!4d114.6212132!16s%2Fg%2F11bxgq59xr!19sChIJj2pNuh9i0S0RbE_s9rFh8jY?authuser=0&hl=id&rclk=1,-8.3483416,114.6212132,,,
1330,Warung Makan Putri Barokah,Jembrana,4.3,12,Work from Cafe | Vibrant Nightlife,[],Rp 50–150k,Malam jam 7pm+,https://www.google.com/maps/place/Warung+Makan+Putri+Barokah/data=!4m7!3m6!1s0x2dd162024f29f451:0x856aa53bbe8ab241!8m2!3d-8.3600946!4d114.6217104!16s%2Fg%2F11gbz0pldt!19sChIJUfQpTwJi0S0RQbKKvjulaoU?authuser=0&hl=id&rclk=1,-8.3600946,114.6217104,,,
1331,Warung Makan Ayam Betutu Melani,Jembrana,4.9,12,Work from Cafe | Vibrant Nightlife,[],Rp 50–150k,Malam jam 7pm+,https://www.google.com/maps/place/Warung+Makan+Ayam+Betutu+Melani/data=!4m7!3m6!1s0x2dd1630c071d3b3b:0xc6f832af25cdab5a!8m2!3d-8.3574532!4d114.62346!16s%2Fg%2F11g0yn5z25!19sChIJOzsdBwxj0S0RWqvNJa8y-MY?authuser=0&hl=id&rclk=1,-8.3574532,114.62346,,,
1332,Pawon Dahar,Jembrana,5.0,32,Work from Cafe | Vibrant Nightlife,"['bakmi', 'nasi goreng']",Rp 50–150k,Malam jam 7pm+,https://www.google.com/maps/place/Pawon+Dahar/data=!4m7!3m6!1s0x2dd1636bafc7af63:0x720f3e7635c7ab9e!8m2!3d-8.3620393!4d114.6317798!16s%2Fg%2F11fv3zfvcf!19sChIJY6_Hr2tj0S0RnqvHNXY-D3I?authuser=0&hl=id&rclk=1,-8.3620393,114.6317798,,,
1333,Warung Mandasari Nasi Jinggo Jembrana,Jembrana,5.0,4,Work from Cafe | Vibrant Nightlife,[],Rp 50–150k,Malam jam 7pm+,https://www.google.com/maps/place/Warung+Mandasari+Nasi+Jinggo+Jembrana/data=!4m7!3m6!1s0x2dd1637a4e7340d3:0x6fe90062da17a9bb!8m2!3d-8.3572931!4d114.6266257!16s%2Fg%2F11tnlfm5p7!19sChIJ00BzTnpj0S0Ru6kX2mIA6W8?authuser=0&hl=id&rclk=1,-8.3572931,114.6266257,,,
1334,Nasi Ayam BEJEK,Jembrana,4.9,15,Work from Cafe | Vibrant Nightlife,[],Rp 50–150k,Malam jam 7pm+,https://www.google.com/maps/place/Nasi+Ayam+BEJEK/data=!4m7!3m6!1s0x2dd16202f18178d9:0x2e480d9537c6750e!8m2!3d-8.3598969!4d114.6210413!16s%2Fg%2F11g8vcpxkd!19sChIJ2XiB8QJi0S0RDnXGN5UNSC4?authuser=0&hl=id&rclk=1,-8.3598969,114.6210413,,,
1335,Pantai Perancak,Jembrana,4.5,128,Sunset & View,"['restoran', 'transportasi umum', 'atm', 'sunset', 'pantainya', 'ikan bakar']",Rp 50–150k,Sunset jam 5–7pm,https://www.google.com/maps/place/Pantai+Perancak/data=!4m7!3m6!1s0x2dd3d9a4c4c09a93:0x20db8943ffb7039f!8m2!3d-8.4073506!4d114.6294111!16s%2Fg%2F11lx3gf313!19sChIJk5rAxKTZ0y0RnwO3_0OJ2yA?authuser=0&hl=id&rclk=1,-8.4073506,114.6294111,,,
1336,Warung Sate Kambing Muda,Jembrana,5.0,1,Work from Cafe | Vibrant Nightlife,[],Rp 50–150k,Malam jam 7pm+,https://www.google.com/maps/place/Warung+Sate+Kambing+Muda/data=!4m7!3m6!1s0x2dd16300504f958d:0xffe278540a9beab5!8m2!3d-8.3635813!4d114.6258852!16s%2Fg%2F11wr04f9sv!19sChIJjZVPUABj0S0RteqbClR44v8?authuser=0&hl=id&rclk=1,-8.3635813,114.6258852,,,
1337,Warung makan Tunjung emas Bali,Jembrana,4.3,4,General Chill,"['restoran', 'transportasi umum', 'atm']",Rp 50–150k,Lunch atau dinner,https://www.google.com/maps/place/Warung+makan+Tunjung+emas+Bali/data=!4m7!3m6!1s0x2dd3d9b8bff9ae2f:0xea92155ed765d414!8m2!3d-8.3973571!4d114.6780578!16s%2Fg%2F11pyc6lm61!19sChIJL675v7jZ0y0RFNRl114Vkuo?authuser=0&hl=id&rclk=1,-8.3973571,114.6780578,,,
1338,Bubur ayam kang jaka,Jembrana,4.7,10,Work from Cafe | Vibrant Nightlife,[],Rp 50–150k,Malam jam 7pm+,https://www.google.com/maps/place/Bubur+ayam+kang+jaka/data=!4m7!3m6!1s0x2dd163c2e30f77cb:0x43a7104ea56b32c!8m2!3d-8.3608634!4d114.6286469!16s%2Fg%2F11n0qcd068!19sChIJy3cP48Jj0S0RLLNW6gRxOgQ?authuser=0&hl=id&rclk=1,-8.3608634,114.6286469,,,
1339,Subur Fashion Center,Jembrana,4.8,1561,Family Friendly | Work from Cafe | Vibrant Nightlife,"['anak', 'negara', 'diskon', 'bermain', 'kasir', 'kebutuhan']",Rp 150–400k,Malam jam 7pm+,https://www.google.com/maps/place/Subur+Fashion+Center/data=!4m7!3m6!1s0x2dd162042c9a5919:0xbf964b9327da834e!8m2!3d-8.3608627!4d114.6281715!16s%2Fg%2F11clgrbby0!19sChIJGVmaLARi0S0RToPaJ5NLlr8?authuser=0&hl=id&rclk=1,-8.3608627,114.6281715,,,
1340,Warung Gudeg Jogja,Jembrana,4.4,34,Sunset & View | Work from Cafe | Vibrant Nightlife | Budget Friendly,"['sayur', 'makan malam', 'prasmanan', 'harga']",Rp 15–50k,Sunset jam 5–7pm,https://www.google.com/maps/place/Warung+Gudeg+Jogja/data=!4m7!3m6!1s0x2dd16205d113efa1:0x150ad07deb62537d!8m2!3d-8.360866!4d114.6286784!16s%2Fg%2F11dxd0hsmh!19sChIJoe8T0QVi0S0RfVNi633QChU?authuser=0&hl=id&rclk=1,-8.360866,114.6286784,,,
1341,Naratoz Pizza,Jembrana,4.6,7,Work from Cafe | Vibrant Nightlife,"['ukuran', 'kota kecil']",Rp 50–150k,Malam jam 7pm+,https://www.google.com/maps/place/Naratoz+Pizza/data=!4m7!3m6!1s0x2dd16300728213cd:0x6dfd716e5eec39ec!8m2!3d-8.3605334!4d114.6288834!16s%2Fg%2F11y2y498ch!19sChIJzROCcgBj0S0R7DnsXm5x_W0?authuser=0&hl=id&rclk=1,-8.3605334,114.6288834,,,
1342,Warung tipat cantok,Jembrana,5.0,2,Work from Cafe | Vibrant Nightlife,[],Rp 50–150k,Malam jam 7pm+,https://www.google.com/maps/place/Warung+tipat+cantok/data=!4m7!3m6!1s0x2dd3d700698a1417:0xc4f5c0bc0fc9c2c8!8m2!3d-8.4000341!4d114.7545767!16s%2Fg%2F11vxw21ktg!19sChIJFxSKaQDX0y0RyMLJD7zA9cQ?authuser=0&hl=id&rclk=1,-8.4000341,114.7545767,,,
1343,Paon Nirwana,Jembrana,4.7,24,Work from Cafe | Vibrant Nightlife | Budget Friendly,"['taman', 'foto', 'harga']",Rp 15–50k,Malam jam 7pm+,https://www.google.com/maps/place/Paon+Nirwana/data=!4m7!3m6!1s0x2dd1636748bcbd09:0x56d14a560954e556!8m2!3d-8.3312048!4d114.6403847!16s%2Fg%2F11q3c6z_2b!19sChIJCb28SGdj0S0RVuVUCVZK0VY?authuser=0&hl=id&rclk=1,-8.3312048,114.6403847,,,
1344,Warung Echo,Jembrana,4.6,28,Work from Cafe | Vibrant Nightlife,[],Rp 50–150k,Malam jam 7pm+,https://www.google.com/maps/place/Warung+Echo/data=!4m7!3m6!1s0x2dd1634fa43104e9:0x57c5c1f0f3aac847!8m2!3d-8.3608146!4d114.6327819!16s%2Fg%2F11f5zxq6rk!19sChIJ6QQxpE9j0S0RR8iq8_DBxVc?authuser=0&hl=id&rclk=1,-8.3608146,114.6327819,,,
1345,Gelar Eco Villas,Jembrana,5.0,78,Sunset & View | Family Friendly | Work from Cafe | Vibrant Nightlife,"['restoran', 'sungai', 'pemandangan', 'liburan', 'pelayanan', 'pegunungan']",Rp 50–150k,Sunset jam 5–7pm,https://www.google.com/maps/place/Gelar+Eco+Villas/data=!4m10!3m9!1s0x2dd16392551e51cb:0x52c2761c3365964b!5m2!4m1!1i2!8m2!3d-8.3030443!4d114.6537029!16s%2Fg%2F11kq9hzxz2!19sChIJy1EeVZJj0S0RS5ZlMxx2wlI?authuser=0&hl=id&rclk=1,-8.3030443,114.6537029,,,
1346,Dapur Mamah Gyan,Jembrana,5.0,16,Work from Cafe | Vibrant Nightlife,['senyum'],Rp 50–150k,Malam jam 7pm+,https://www.google.com/maps/place/Dapur+Mamah+Gyan/data=!4m7!3m6!1s0x2dd163acd2a7a9d7:0x1e3cea324bbb6658!8m2!3d-8.3575157!4d114.6267486!16s%2Fg%2F11kj2krg5l!19sChIJ16mn0qxj0S0RWGa7SzLqPB4?authuser=0&hl=id&rclk=1,-8.3575157,114.6267486,,,
1347,Subur Food Center,Jembrana,5.0,8,Family Friendly | Work from Cafe | Vibrant Nightlife,"['bermain', 'anak']",Rp 50–150k,Malam jam 7pm+,https://www.google.com/maps/place/Subur+Food+Center/data=!4m7!3m6!1s0x2dd163c8a2a1f769:0x90a5183fa913c08e!8m2!3d-8.3608556!4d114.6281714!16s%2Fg%2F11y33tfccy!19sChIJafehoshj0S0RjsATqT8YpZA?authuser=0&hl=id&rclk=1,-8.3608556,114.6281714,,,
1348,Martabak Antegas Pahlawan,Jembrana,4.6,49,Work from Cafe | Vibrant Nightlife,['terang bulan'],Rp 50–150k,Malam jam 7pm+,https://www.google.com/maps/place/Martabak+Antegas+Pahlawan/data=!4m7!3m6!1s0x2dd16204810c94b3:0x3a69c9c5baafa097!8m2!3d-8.3586942!4d114.6254877!16s%2Fg%2F11f541r35n!19sChIJs5QMgQRi0S0Rl6CvusXJaTo?authuser=0&hl=id&rclk=1,-8.3586942,114.6254877,,,
1349,Warung HOKI 88,Jembrana,4.7,7,Work from Cafe | Vibrant Nightlife,[],Rp 50–150k,Malam jam 7pm+,https://www.google.com/maps/place/Warung+HOKI+88/data=!4m7!3m6!1s0x2dd163aca0f687d9:0xc21b80963d9af520!8m2!3d-8.3576222!4d114.6267049!16s%2Fg%2F11hy_dknx5!19sChIJ2Yf2oKxj0S0RIPWaPZaAG8I?authuser=0&hl=id&rclk=1,-8.3576222,114.6267049,,,
1350,Han'z Bakery,Jembrana,4.2,22,Work from Cafe | Vibrant Nightlife | Budget Friendly,"['roti', 'kue tart', 'harga']",Rp 15–50k,Malam jam 7pm+,https://www.google.com/maps/place/Han%27z+Bakery/data=!4m7!3m6!1s0x2dd1620431b6d92b:0xfdd5fc163ba1426e!8m2!3d-8.3605102!4d114.6276765!16s%2Fg%2F11fzfb62ys!19sChIJK9m2MQRi0S0RbkKhOxb81f0?authuser=0&hl=id&rclk=1,-8.3605102,114.6276765,,,
1351,ACK Loloan Timur,Jembrana,4.4,15,Work from Cafe | Vibrant Nightlife,[],Rp 50–150k,Malam jam 7pm+,https://www.google.com/maps/place/ACK+Loloan+Timur/data=!4m7!3m6!1s0x2dd1633d9c7bda47:0x3d73df8c08a29277!8m2!3d-8.3636661!4d114.6258603!16s%2Fg%2F11ry7gd7pc!19sChIJR9p7nD1j0S0Rd5KiCIzfcz0?authuser=0&hl=id&rclk=1,-8.3636661,114.6258603,,,
1352,Warung Bakso Kucing Mas,Jembrana,4.9,17,Work from Cafe | Vibrant Nightlife,"['negara', 'natrium tetraborat']",Rp 50–150k,Malam jam 7pm+,https://www.google.com/maps/place/Warung+Bakso+Kucing+Mas/data=!4m7!3m6!1s0x2dd1634503a1da89:0x97b67273b0f96547!8m2!3d-8.3601583!4d114.6219898!16s%2Fg%2F11j4flb_t0!19sChIJidqhA0Vj0S0RR2X5sHNytpc?authuser=0&hl=id&rclk=1,-8.3601583,114.6219898,,,
